2025-03-04T00:21:18.625821+00:00 INFO 'ansible_navigator.setup_logger' New ansible-navigator instance, logging initialized
2025-03-04T00:21:18.626012+00:00 INFO 'ansible_navigator.setup_logger' New ansible-runner instance, logging initialized
2025-03-04T00:21:18.626042+00:00 DEBUG 'ansible_navigator.main' ansible-builder==1.1.0 /usr/lib/python3.9/site-packages
2025-03-04T00:21:18.626060+00:00 DEBUG 'ansible_navigator.main' ansible-core==2.14.17 /usr/lib/python3.9/site-packages
2025-03-04T00:21:18.626075+00:00 DEBUG 'ansible_navigator.main' ansible-navigator==2.1.0 /usr/lib/python3.9/site-packages
2025-03-04T00:21:18.626090+00:00 DEBUG 'ansible_navigator.main' ansible-runner==2.2.2 /usr/lib/python3.9/site-packages
2025-03-04T00:21:18.626103+00:00 DEBUG 'ansible_navigator.main' attrs==21.4.0 /usr/lib/python3.9/site-packages
2025-03-04T00:21:18.626117+00:00 DEBUG 'ansible_navigator.main' bindep==2.10.2 /usr/lib/python3.9/site-packages
2025-03-04T00:21:18.626130+00:00 DEBUG 'ansible_navigator.main' brlapi==0.8.2 /usr/lib64/python3.9/site-packages
2025-03-04T00:21:18.626143+00:00 DEBUG 'ansible_navigator.main' cffi==1.15.0 /usr/lib64/python3.9/site-packages
2025-03-04T00:21:18.626156+00:00 DEBUG 'ansible_navigator.main' chardet==4.0.0 /usr/lib/python3.9/site-packages
2025-03-04T00:21:18.626168+00:00 DEBUG 'ansible_navigator.main' cockpit==311.1 /usr/lib/python3.9/site-packages
2025-03-04T00:21:18.626181+00:00 DEBUG 'ansible_navigator.main' cryptography==36.0.1 /usr/lib64/python3.9/site-packages
2025-03-04T00:21:18.626195+00:00 DEBUG 'ansible_navigator.main' cupshelpers==1.0 /usr/lib/python3.9/site-packages
2025-03-04T00:21:18.626208+00:00 DEBUG 'ansible_navigator.main' dasbus==1.4 /usr/lib/python3.9/site-packages
2025-03-04T00:21:18.626221+00:00 DEBUG 'ansible_navigator.main' dbus-python==1.2.18 /usr/lib64/python3.9/site-packages
2025-03-04T00:21:18.626234+00:00 DEBUG 'ansible_navigator.main' decorator==4.4.2 /usr/lib/python3.9/site-packages
2025-03-04T00:21:18.626247+00:00 DEBUG 'ansible_navigator.main' distro==1.5.0 /usr/lib/python3.9/site-packages
2025-03-04T00:21:18.626260+00:00 DEBUG 'ansible_navigator.main' docutils==0.16 /usr/lib/python3.9/site-packages
2025-03-04T00:21:18.626272+00:00 DEBUG 'ansible_navigator.main' file-magic==0.4.0 /usr/lib/python3.9/site-packages
2025-03-04T00:21:18.626285+00:00 DEBUG 'ansible_navigator.main' gpg==1.15.1 /usr/lib64/python3.9/site-packages
2025-03-04T00:21:18.626298+00:00 DEBUG 'ansible_navigator.main' idna==2.10 /usr/lib/python3.9/site-packages
2025-03-04T00:21:18.626311+00:00 DEBUG 'ansible_navigator.main' importlib-metadata==4.10.1 /usr/lib/python3.9/site-packages
2025-03-04T00:21:18.626324+00:00 DEBUG 'ansible_navigator.main' iniparse==0.4 /usr/lib/python3.9/site-packages
2025-03-04T00:21:18.626337+00:00 DEBUG 'ansible_navigator.main' jinja2==3.0.3 /usr/lib/python3.9/site-packages
2025-03-04T00:21:18.626350+00:00 DEBUG 'ansible_navigator.main' jsonschema==4.6.0 /usr/lib/python3.9/site-packages
2025-03-04T00:21:18.626363+00:00 DEBUG 'ansible_navigator.main' libcomps==0.1.18 /usr/lib64/python3.9/site-packages
2025-03-04T00:21:18.626375+00:00 DEBUG 'ansible_navigator.main' lockfile==0.12.2 /usr/lib/python3.9/site-packages
2025-03-04T00:21:18.626388+00:00 DEBUG 'ansible_navigator.main' lxml==4.6.5 /usr/lib64/python3.9/site-packages
2025-03-04T00:21:18.626401+00:00 DEBUG 'ansible_navigator.main' markupsafe==2.1.0 /usr/lib64/python3.9/site-packages
2025-03-04T00:21:18.626413+00:00 DEBUG 'ansible_navigator.main' nftables==0.1 /usr/lib/python3.9/site-packages
2025-03-04T00:21:18.626426+00:00 DEBUG 'ansible_navigator.main' onigurumacffi==1.1.0 /usr/lib64/python3.9/site-packages
2025-03-04T00:21:18.626439+00:00 DEBUG 'ansible_navigator.main' packaging==21.3 /usr/lib/python3.9/site-packages
2025-03-04T00:21:18.626451+00:00 DEBUG 'ansible_navigator.main' parsley==1.3 /usr/lib/python3.9/site-packages
2025-03-04T00:21:18.626464+00:00 DEBUG 'ansible_navigator.main' pbr==5.8.1 /usr/lib/python3.9/site-packages
2025-03-04T00:21:18.626477+00:00 DEBUG 'ansible_navigator.main' perf==0.1 /usr/lib64/python3.9/site-packages
2025-03-04T00:21:18.626493+00:00 DEBUG 'ansible_navigator.main' pexpect==4.8.0 /usr/lib/python3.9/site-packages
2025-03-04T00:21:18.626507+00:00 DEBUG 'ansible_navigator.main' psutil==5.8.0 /usr/lib64/python3.9/site-packages
2025-03-04T00:21:18.626519+00:00 DEBUG 'ansible_navigator.main' ptyprocess==0.6.0 /usr/lib/python3.9/site-packages
2025-03-04T00:21:18.626532+00:00 DEBUG 'ansible_navigator.main' pycairo==1.20.1 /usr/lib64/python3.9/site-packages
2025-03-04T00:21:18.626545+00:00 DEBUG 'ansible_navigator.main' pycparser==2.21 /usr/lib/python3.9/site-packages
2025-03-04T00:21:18.626557+00:00 DEBUG 'ansible_navigator.main' pycups==2.0.1 /usr/lib64/python3.9/site-packages
2025-03-04T00:21:18.626570+00:00 DEBUG 'ansible_navigator.main' pycurl==7.43.0.6 /usr/lib64/python3.9/site-packages
2025-03-04T00:21:18.626582+00:00 DEBUG 'ansible_navigator.main' pygobject==3.40.1 /usr/lib64/python3.9/site-packages
2025-03-04T00:21:18.626595+00:00 DEBUG 'ansible_navigator.main' pyinotify==0.9.6 /usr/lib/python3.9/site-packages
2025-03-04T00:21:18.626608+00:00 DEBUG 'ansible_navigator.main' pyparsing==2.4.7 /usr/lib/python3.9/site-packages
2025-03-04T00:21:18.626621+00:00 DEBUG 'ansible_navigator.main' pyrsistent==0.17.3 /usr/lib64/python3.9/site-packages
2025-03-04T00:21:18.626633+00:00 DEBUG 'ansible_navigator.main' pysocks==1.7.1 /usr/lib/python3.9/site-packages
2025-03-04T00:21:18.626646+00:00 DEBUG 'ansible_navigator.main' python-daemon==2.3.0 /usr/lib/python3.9/site-packages
2025-03-04T00:21:18.626658+00:00 DEBUG 'ansible_navigator.main' python-dateutil==2.8.1 /usr/lib/python3.9/site-packages
2025-03-04T00:21:18.626671+00:00 DEBUG 'ansible_navigator.main' python-linux-procfs==0.7.3 /usr/lib/python3.9/site-packages
2025-03-04T00:21:18.626683+00:00 DEBUG 'ansible_navigator.main' pyudev==0.22.0 /usr/lib/python3.9/site-packages
2025-03-04T00:21:18.626696+00:00 DEBUG 'ansible_navigator.main' pyyaml==5.4.1 /usr/lib64/python3.9/site-packages
2025-03-04T00:21:18.626708+00:00 DEBUG 'ansible_navigator.main' requests==2.25.1 /usr/lib/python3.9/site-packages
2025-03-04T00:21:18.626721+00:00 DEBUG 'ansible_navigator.main' requirements-parser==0.2.0 /usr/lib/python3.9/site-packages
2025-03-04T00:21:18.626733+00:00 DEBUG 'ansible_navigator.main' resolvelib==0.5.4 /usr/lib/python3.9/site-packages
2025-03-04T00:21:18.626746+00:00 DEBUG 'ansible_navigator.main' rpm==4.16.1.3 /usr/lib64/python3.9/site-packages
2025-03-04T00:21:18.626758+00:00 DEBUG 'ansible_navigator.main' selinux==3.6 /usr/lib64/python3.9/site-packages
2025-03-04T00:21:18.626770+00:00 DEBUG 'ansible_navigator.main' sepolicy==3.6 /usr/lib/python3.9/site-packages
2025-03-04T00:21:18.626782+00:00 DEBUG 'ansible_navigator.main' setools==4.4.4 /usr/lib64/python3.9/site-packages
2025-03-04T00:21:18.626795+00:00 DEBUG 'ansible_navigator.main' setroubleshoot==3.3.32 /usr/lib/python3.9/site-packages
2025-03-04T00:21:18.626807+00:00 DEBUG 'ansible_navigator.main' setuptools==53.0.0 /usr/lib/python3.9/site-packages
2025-03-04T00:21:18.626819+00:00 DEBUG 'ansible_navigator.main' six==1.15.0 /usr/lib/python3.9/site-packages
2025-03-04T00:21:18.626831+00:00 DEBUG 'ansible_navigator.main' sos==4.6.1 /usr/lib/python3.9/site-packages
2025-03-04T00:21:18.626844+00:00 DEBUG 'ansible_navigator.main' subscription-manager==1.29.40 /usr/lib64/python3.9/site-packages
2025-03-04T00:21:18.626856+00:00 DEBUG 'ansible_navigator.main' systemd-python==234 /usr/lib64/python3.9/site-packages
2025-03-04T00:21:18.626868+00:00 DEBUG 'ansible_navigator.main' typing-extensions==3.10.0.2 /usr/lib/python3.9/site-packages
2025-03-04T00:21:18.626880+00:00 DEBUG 'ansible_navigator.main' urllib3==1.26.5 /usr/lib/python3.9/site-packages
2025-03-04T00:21:18.626893+00:00 DEBUG 'ansible_navigator.main' zipp==3.4.0 /usr/lib/python3.9/site-packages
2025-03-04T00:21:18.626905+00:00 DEBUG 'ansible_navigator.main' Share directory '/usr/lib/python3.9/share/ansible_navigator' not found (development path)
2025-03-04T00:21:18.626918+00:00 DEBUG 'ansible_navigator.main' Share directory '/home/master/.local/share/ansible_navigator' not found (userbase)
2025-03-04T00:21:18.626932+00:00 DEBUG 'ansible_navigator.main' Share directory '/usr/share/ansible_navigator' found (sys.prefix)
2025-03-04T00:21:18.626945+00:00 DEBUG 'ansible_navigator.main' Default collection_doc_cache_path set to: /home/master/.cache/ansible-navigator/collection_doc_cache.db
2025-03-04T00:21:18.626959+00:00 DEBUG 'ansible_navigator.main' EDITOR environment variable not set
2025-03-04T00:21:18.626971+00:00 DEBUG 'ansible_navigator.main' Default editor_command set to: vi +{line_number} {filename}
2025-03-04T00:21:18.626984+00:00 DEBUG 'ansible_navigator.main' No config file set by ANSIBLE_NAVIGATOR_CONFIG
2025-03-04T00:21:18.626996+00:00 DEBUG 'ansible_navigator.main' Looking in /home/master
2025-03-04T00:21:18.627009+00:00 DEBUG 'ansible_navigator.main' Looking for '/home/master/.ansible-navigator.yml', '/home/master/.ansible-navigator.yaml' and '/home/master/.ansible-navigator.json'
2025-03-04T00:21:18.627022+00:00 DEBUG 'ansible_navigator.main' Found 0: 
2025-03-04T00:21:18.627035+00:00 DEBUG 'ansible_navigator.main' Looking in /home/master/ansible-review
2025-03-04T00:21:18.627048+00:00 DEBUG 'ansible_navigator.main' Looking for '/home/master/ansible-review/ansible-navigator.yml', '/home/master/ansible-review/ansible-navigator.yaml' and '/home/master/ansible-review/ansible-navigator.json'
2025-03-04T00:21:18.627062+00:00 DEBUG 'ansible_navigator.main' Found 1: '/home/master/ansible-review/ansible-navigator.yml'
2025-03-04T00:21:18.627075+00:00 DEBUG 'ansible_navigator.main' All found 1: '/home/master/ansible-review/ansible-navigator.yml'
2025-03-04T00:21:18.627088+00:00 DEBUG 'ansible_navigator.main' Using: /home/master/ansible-review/ansible-navigator.yml
2025-03-04T00:21:18.627100+00:00 DEBUG 'ansible_navigator.main' Using settings file at /home/master/ansible-review/ansible-navigator.yml in search path
2025-03-04T00:21:18.627113+00:00 DEBUG 'ansible_navigator.main' Command provided: 'images'
2025-03-04T00:21:18.627126+00:00 WARNING 'ansible_navigator.main' Configuration errors encountered, rolling back to previous configuration.
2025-03-04T00:21:18.627140+00:00 DEBUG 'ansible_navigator.main' Prior to rollback: ansible_runner_artifact_dir = 'Not set' (Constants/Not set)
2025-03-04T00:21:18.627153+00:00 DEBUG 'ansible_navigator.main' Prior to rollback: ansible_runner_rotate_artifacts_count = 'Not set' (Constants/Not set)
2025-03-04T00:21:18.627165+00:00 DEBUG 'ansible_navigator.main' Prior to rollback: ansible_runner_timeout = 'Not set' (Constants/Not set)
2025-03-04T00:21:18.627178+00:00 DEBUG 'ansible_navigator.main' Prior to rollback: app = 'images' (str/Command line)
2025-03-04T00:21:18.627190+00:00 DEBUG 'ansible_navigator.main' Prior to rollback: cmdline = 'Not set' (Constants/Not set)
2025-03-04T00:21:18.627203+00:00 DEBUG 'ansible_navigator.main' Prior to rollback: collection_doc_cache_path = '/home/master/.cache/ansible-navigator/collection_doc_cache.db' (str/Defaults)
2025-03-04T00:21:18.627216+00:00 DEBUG 'ansible_navigator.main' Prior to rollback: config = 'Not set' (Constants/Not set)
2025-03-04T00:21:18.627229+00:00 DEBUG 'ansible_navigator.main' Prior to rollback: container_engine = 'auto' (str/Defaults)
2025-03-04T00:21:18.627241+00:00 DEBUG 'ansible_navigator.main' Prior to rollback: container_options = 'Not set' (Constants/Not set)
2025-03-04T00:21:18.627254+00:00 DEBUG 'ansible_navigator.main' Prior to rollback: display_color = 'True' (bool/Defaults)
2025-03-04T00:21:18.627266+00:00 DEBUG 'ansible_navigator.main' Prior to rollback: editor_command = 'vi +{line_number} {filename}' (str/Defaults)
2025-03-04T00:21:18.627279+00:00 DEBUG 'ansible_navigator.main' Prior to rollback: editor_console = 'True' (bool/Defaults)
2025-03-04T00:21:18.627291+00:00 DEBUG 'ansible_navigator.main' Prior to rollback: exec_command = '/bin/bash' (str/Defaults)
2025-03-04T00:21:18.627303+00:00 DEBUG 'ansible_navigator.main' Prior to rollback: exec_shell = 'True' (bool/Defaults)
2025-03-04T00:21:18.627316+00:00 DEBUG 'ansible_navigator.main' Prior to rollback: execution_environment = 'True' (bool/Defaults)
2025-03-04T00:21:18.627330+00:00 DEBUG 'ansible_navigator.main' Prior to rollback: execution_environment_image = 'registry.redhat.io/ansible-automation-platform-22/ee-supported-rhel8:latest' (str/Defaults)
2025-03-04T00:21:18.627343+00:00 DEBUG 'ansible_navigator.main' Prior to rollback: execution_environment_volume_mounts = 'Not set' (Constants/Not set)
2025-03-04T00:21:18.627356+00:00 DEBUG 'ansible_navigator.main' Prior to rollback: help_builder = 'False' (bool/Defaults)
2025-03-04T00:21:18.627368+00:00 DEBUG 'ansible_navigator.main' Prior to rollback: help_config = 'False' (bool/Defaults)
2025-03-04T00:21:18.627381+00:00 DEBUG 'ansible_navigator.main' Prior to rollback: help_doc = 'False' (bool/Defaults)
2025-03-04T00:21:18.627393+00:00 DEBUG 'ansible_navigator.main' Prior to rollback: help_inventory = 'False' (bool/Defaults)
2025-03-04T00:21:18.627406+00:00 DEBUG 'ansible_navigator.main' Prior to rollback: help_playbook = 'False' (bool/Defaults)
2025-03-04T00:21:18.627418+00:00 DEBUG 'ansible_navigator.main' Prior to rollback: images_details = '['everything']' (list/Defaults)
2025-03-04T00:21:18.627431+00:00 DEBUG 'ansible_navigator.main' Prior to rollback: inventory = 'Not set' (Constants/Not set)
2025-03-04T00:21:18.627443+00:00 DEBUG 'ansible_navigator.main' Prior to rollback: inventory_column = 'Not set' (Constants/Not set)
2025-03-04T00:21:18.627456+00:00 DEBUG 'ansible_navigator.main' Prior to rollback: lint_config = 'Not set' (Constants/Not set)
2025-03-04T00:21:18.627468+00:00 DEBUG 'ansible_navigator.main' Prior to rollback: lintables = 'Not set' (Constants/Not set)
2025-03-04T00:21:18.627480+00:00 DEBUG 'ansible_navigator.main' Prior to rollback: log_append = 'True' (bool/Defaults)
2025-03-04T00:21:18.627493+00:00 DEBUG 'ansible_navigator.main' Prior to rollback: log_file = '/home/master/ansible-review/ansible-navigator.log' (str/Defaults)
2025-03-04T00:21:18.627506+00:00 DEBUG 'ansible_navigator.main' Prior to rollback: log_level = 'warning' (str/Defaults)
2025-03-04T00:21:18.627518+00:00 DEBUG 'ansible_navigator.main' Prior to rollback: mode = 'interactive' (str/Defaults)
2025-03-04T00:21:18.627531+00:00 DEBUG 'ansible_navigator.main' Prior to rollback: osc4 = 'True' (bool/Defaults)
2025-03-04T00:21:18.627543+00:00 DEBUG 'ansible_navigator.main' Prior to rollback: pass_environment_variable = 'Not set' (Constants/Not set)
2025-03-04T00:21:18.627555+00:00 DEBUG 'ansible_navigator.main' Prior to rollback: playbook = 'Not set' (Constants/Not set)
2025-03-04T00:21:18.627567+00:00 DEBUG 'ansible_navigator.main' Prior to rollback: playbook_artifact_enable = 'True' (bool/Defaults)
2025-03-04T00:21:18.627580+00:00 DEBUG 'ansible_navigator.main' Prior to rollback: playbook_artifact_replay = 'Not set' (Constants/Not set)
2025-03-04T00:21:18.627592+00:00 DEBUG 'ansible_navigator.main' Prior to rollback: playbook_artifact_save_as = '{playbook_dir}/{playbook_name}-artifact-{time_stamp}.json' (str/Defaults)
2025-03-04T00:21:18.627605+00:00 DEBUG 'ansible_navigator.main' Prior to rollback: plugin_name = 'Not set' (Constants/Not set)
2025-03-04T00:21:18.627617+00:00 DEBUG 'ansible_navigator.main' Prior to rollback: plugin_type = 'module' (str/Defaults)
2025-03-04T00:21:18.627629+00:00 DEBUG 'ansible_navigator.main' Prior to rollback: pull_arguments = 'Not set' (Constants/Not set)
2025-03-04T00:21:18.627641+00:00 DEBUG 'ansible_navigator.main' Prior to rollback: pull_policy = 'tag' (str/Defaults)
2025-03-04T00:21:18.627654+00:00 DEBUG 'ansible_navigator.main' Prior to rollback: set_environment_variable = 'Not set' (Constants/Not set)
2025-03-04T00:21:18.627666+00:00 DEBUG 'ansible_navigator.main' Prior to rollback: settings_effective = 'False' (bool/Defaults)
2025-03-04T00:21:18.627678+00:00 DEBUG 'ansible_navigator.main' Prior to rollback: settings_sample = 'False' (bool/Defaults)
2025-03-04T00:21:18.627698+00:00 DEBUG 'ansible_navigator.main' Prior to rollback: settings_schema = 'json' (str/Defaults)
2025-03-04T00:21:18.627712+00:00 DEBUG 'ansible_navigator.main' Prior to rollback: settings_sources = 'False' (bool/Defaults)
2025-03-04T00:21:18.627726+00:00 DEBUG 'ansible_navigator.main' Prior to rollback: time_zone = 'UTC' (str/Defaults)
2025-03-04T00:21:18.627739+00:00 DEBUG 'ansible_navigator.main' Prior to rollback: workdir = '/home/master/ansible-review' (str/Defaults)
2025-03-04T00:21:18.627752+00:00 DEBUG 'ansible_navigator.main' After rollback: ansible_runner_artifact_dir = 'Not set' (Constants/Not set)
2025-03-04T00:21:18.627764+00:00 DEBUG 'ansible_navigator.main' After rollback: ansible_runner_rotate_artifacts_count = 'Not set' (Constants/Not set)
2025-03-04T00:21:18.627777+00:00 DEBUG 'ansible_navigator.main' After rollback: ansible_runner_timeout = 'Not set' (Constants/Not set)
2025-03-04T00:21:18.627789+00:00 DEBUG 'ansible_navigator.main' After rollback: app = 'Not set' (Constants/Not set)
2025-03-04T00:21:18.627801+00:00 DEBUG 'ansible_navigator.main' After rollback: cmdline = 'Not set' (Constants/Not set)
2025-03-04T00:21:18.627813+00:00 DEBUG 'ansible_navigator.main' After rollback: collection_doc_cache_path = 'Not set' (Constants/Not set)
2025-03-04T00:21:18.627826+00:00 DEBUG 'ansible_navigator.main' After rollback: config = 'Not set' (Constants/Not set)
2025-03-04T00:21:18.627838+00:00 DEBUG 'ansible_navigator.main' After rollback: container_engine = 'Not set' (Constants/Not set)
2025-03-04T00:21:18.627850+00:00 DEBUG 'ansible_navigator.main' After rollback: container_options = 'Not set' (Constants/Not set)
2025-03-04T00:21:18.627863+00:00 DEBUG 'ansible_navigator.main' After rollback: display_color = 'Not set' (Constants/Not set)
2025-03-04T00:21:18.627875+00:00 DEBUG 'ansible_navigator.main' After rollback: editor_command = 'Not set' (Constants/Not set)
2025-03-04T00:21:18.627888+00:00 DEBUG 'ansible_navigator.main' After rollback: editor_console = 'Not set' (Constants/Not set)
2025-03-04T00:21:18.627900+00:00 DEBUG 'ansible_navigator.main' After rollback: exec_command = 'Not set' (Constants/Not set)
2025-03-04T00:21:18.627913+00:00 DEBUG 'ansible_navigator.main' After rollback: exec_shell = 'Not set' (Constants/Not set)
2025-03-04T00:21:18.627925+00:00 DEBUG 'ansible_navigator.main' After rollback: execution_environment = 'Not set' (Constants/Not set)
2025-03-04T00:21:18.627937+00:00 DEBUG 'ansible_navigator.main' After rollback: execution_environment_image = 'Not set' (Constants/Not set)
2025-03-04T00:21:18.627949+00:00 DEBUG 'ansible_navigator.main' After rollback: execution_environment_volume_mounts = 'Not set' (Constants/Not set)
2025-03-04T00:21:18.627962+00:00 DEBUG 'ansible_navigator.main' After rollback: help_builder = 'Not set' (Constants/Not set)
2025-03-04T00:21:18.627975+00:00 DEBUG 'ansible_navigator.main' After rollback: help_config = 'Not set' (Constants/Not set)
2025-03-04T00:21:18.627987+00:00 DEBUG 'ansible_navigator.main' After rollback: help_doc = 'Not set' (Constants/Not set)
2025-03-04T00:21:18.628000+00:00 DEBUG 'ansible_navigator.main' After rollback: help_inventory = 'Not set' (Constants/Not set)
2025-03-04T00:21:18.628012+00:00 DEBUG 'ansible_navigator.main' After rollback: help_playbook = 'Not set' (Constants/Not set)
2025-03-04T00:21:18.628025+00:00 DEBUG 'ansible_navigator.main' After rollback: images_details = 'Not set' (Constants/Not set)
2025-03-04T00:21:18.628037+00:00 DEBUG 'ansible_navigator.main' After rollback: inventory = 'Not set' (Constants/Not set)
2025-03-04T00:21:18.628049+00:00 DEBUG 'ansible_navigator.main' After rollback: inventory_column = 'Not set' (Constants/Not set)
2025-03-04T00:21:18.628062+00:00 DEBUG 'ansible_navigator.main' After rollback: lint_config = 'Not set' (Constants/Not set)
2025-03-04T00:21:18.628074+00:00 DEBUG 'ansible_navigator.main' After rollback: lintables = 'Not set' (Constants/Not set)
2025-03-04T00:21:18.628086+00:00 DEBUG 'ansible_navigator.main' After rollback: log_append = 'Not set' (Constants/Not set)
2025-03-04T00:21:18.628098+00:00 DEBUG 'ansible_navigator.main' After rollback: log_file = 'Not set' (Constants/Not set)
2025-03-04T00:21:18.628111+00:00 DEBUG 'ansible_navigator.main' After rollback: log_level = 'Not set' (Constants/Not set)
2025-03-04T00:21:18.628124+00:00 DEBUG 'ansible_navigator.main' After rollback: mode = 'Not set' (Constants/Not set)
2025-03-04T00:21:18.628137+00:00 DEBUG 'ansible_navigator.main' After rollback: osc4 = 'Not set' (Constants/Not set)
2025-03-04T00:21:18.628149+00:00 DEBUG 'ansible_navigator.main' After rollback: pass_environment_variable = 'Not set' (Constants/Not set)
2025-03-04T00:21:18.628161+00:00 DEBUG 'ansible_navigator.main' After rollback: playbook = 'Not set' (Constants/Not set)
2025-03-04T00:21:18.628174+00:00 DEBUG 'ansible_navigator.main' After rollback: playbook_artifact_enable = 'Not set' (Constants/Not set)
2025-03-04T00:21:18.628186+00:00 DEBUG 'ansible_navigator.main' After rollback: playbook_artifact_replay = 'Not set' (Constants/Not set)
2025-03-04T00:21:18.628198+00:00 DEBUG 'ansible_navigator.main' After rollback: playbook_artifact_save_as = 'Not set' (Constants/Not set)
2025-03-04T00:21:18.628211+00:00 DEBUG 'ansible_navigator.main' After rollback: plugin_name = 'Not set' (Constants/Not set)
2025-03-04T00:21:18.628223+00:00 DEBUG 'ansible_navigator.main' After rollback: plugin_type = 'Not set' (Constants/Not set)
2025-03-04T00:21:18.628235+00:00 DEBUG 'ansible_navigator.main' After rollback: pull_arguments = 'Not set' (Constants/Not set)
2025-03-04T00:21:18.628247+00:00 DEBUG 'ansible_navigator.main' After rollback: pull_policy = 'Not set' (Constants/Not set)
2025-03-04T00:21:18.628259+00:00 DEBUG 'ansible_navigator.main' After rollback: set_environment_variable = 'Not set' (Constants/Not set)
2025-03-04T00:21:18.628271+00:00 DEBUG 'ansible_navigator.main' After rollback: settings_effective = 'Not set' (Constants/Not set)
2025-03-04T00:21:18.628284+00:00 DEBUG 'ansible_navigator.main' After rollback: settings_sample = 'Not set' (Constants/Not set)
2025-03-04T00:21:18.628296+00:00 DEBUG 'ansible_navigator.main' After rollback: settings_schema = 'Not set' (Constants/Not set)
2025-03-04T00:21:18.628308+00:00 DEBUG 'ansible_navigator.main' After rollback: settings_sources = 'Not set' (Constants/Not set)
2025-03-04T00:21:18.628320+00:00 DEBUG 'ansible_navigator.main' After rollback: time_zone = 'Not set' (Constants/Not set)
2025-03-04T00:21:18.628332+00:00 DEBUG 'ansible_navigator.main' After rollback: workdir = 'Not set' (Constants/Not set)
2025-03-04T00:21:18.628345+00:00 DEBUG 'ansible_navigator.main' Configuration rollback complete.
2025-03-04T00:21:18.628357+00:00 DEBUG 'ansible_navigator.main' Collection doc cache not mounted
2025-03-04T00:21:18.628376+00:00 WARNING 'ansible_navigator.main' Issues were found while applying the settings.
2025-03-04T00:21:18.628391+00:00 INFO 'ansible_navigator.main' Command provided: 'images'
2025-03-04T00:21:18.628407+00:00 ERROR 'ansible_navigator.main' Settings file found /home/master/ansible-review/ansible-navigator.yml, but failed to load it.
2025-03-04T00:21:18.628422+00:00 ERROR 'ansible_navigator.main'   error was: 'mapping values are not allowed in this context   in "/home/master/ansible-review/ansible-navigator.yml", line 5, column 12'
2025-03-04T00:21:18.628437+00:00 INFO 'ansible_navigator.main' Try checking the settings file '/home/master/ansible-review/ansible-navigator.yml'and ensure it is properly formatted
2025-03-04T00:21:18.628452+00:00 INFO 'ansible_navigator.main' Configuration failed, using default log file location. (/home/master/ansible-review/ansible-navigator.log) Log level set to debug
2025-03-04T00:21:18.628466+00:00 INFO 'ansible_navigator.main' Review the hints and log file to see what went wrong.
2025-03-04T00:22:45.766328+00:00 INFO 'ansible_navigator.setup_logger' New ansible-navigator instance, logging initialized
2025-03-04T00:22:45.766515+00:00 INFO 'ansible_navigator.setup_logger' New ansible-runner instance, logging initialized
2025-03-04T00:22:45.766542+00:00 DEBUG 'ansible_navigator.main' ansible-builder==1.1.0 /usr/lib/python3.9/site-packages
2025-03-04T00:22:45.766558+00:00 DEBUG 'ansible_navigator.main' ansible-core==2.14.17 /usr/lib/python3.9/site-packages
2025-03-04T00:22:45.766572+00:00 DEBUG 'ansible_navigator.main' ansible-navigator==2.1.0 /usr/lib/python3.9/site-packages
2025-03-04T00:22:45.766589+00:00 DEBUG 'ansible_navigator.main' ansible-runner==2.2.2 /usr/lib/python3.9/site-packages
2025-03-04T00:22:45.766602+00:00 DEBUG 'ansible_navigator.main' attrs==21.4.0 /usr/lib/python3.9/site-packages
2025-03-04T00:22:45.766614+00:00 DEBUG 'ansible_navigator.main' bindep==2.10.2 /usr/lib/python3.9/site-packages
2025-03-04T00:22:45.766627+00:00 DEBUG 'ansible_navigator.main' brlapi==0.8.2 /usr/lib64/python3.9/site-packages
2025-03-04T00:22:45.766639+00:00 DEBUG 'ansible_navigator.main' cffi==1.15.0 /usr/lib64/python3.9/site-packages
2025-03-04T00:22:45.766651+00:00 DEBUG 'ansible_navigator.main' chardet==4.0.0 /usr/lib/python3.9/site-packages
2025-03-04T00:22:45.766663+00:00 DEBUG 'ansible_navigator.main' cockpit==311.1 /usr/lib/python3.9/site-packages
2025-03-04T00:22:45.766675+00:00 DEBUG 'ansible_navigator.main' cryptography==36.0.1 /usr/lib64/python3.9/site-packages
2025-03-04T00:22:45.766687+00:00 DEBUG 'ansible_navigator.main' cupshelpers==1.0 /usr/lib/python3.9/site-packages
2025-03-04T00:22:45.766699+00:00 DEBUG 'ansible_navigator.main' dasbus==1.4 /usr/lib/python3.9/site-packages
2025-03-04T00:22:45.766711+00:00 DEBUG 'ansible_navigator.main' dbus-python==1.2.18 /usr/lib64/python3.9/site-packages
2025-03-04T00:22:45.766723+00:00 DEBUG 'ansible_navigator.main' decorator==4.4.2 /usr/lib/python3.9/site-packages
2025-03-04T00:22:45.766735+00:00 DEBUG 'ansible_navigator.main' distro==1.5.0 /usr/lib/python3.9/site-packages
2025-03-04T00:22:45.766747+00:00 DEBUG 'ansible_navigator.main' docutils==0.16 /usr/lib/python3.9/site-packages
2025-03-04T00:22:45.766759+00:00 DEBUG 'ansible_navigator.main' file-magic==0.4.0 /usr/lib/python3.9/site-packages
2025-03-04T00:22:45.766771+00:00 DEBUG 'ansible_navigator.main' gpg==1.15.1 /usr/lib64/python3.9/site-packages
2025-03-04T00:22:45.766783+00:00 DEBUG 'ansible_navigator.main' idna==2.10 /usr/lib/python3.9/site-packages
2025-03-04T00:22:45.766794+00:00 DEBUG 'ansible_navigator.main' importlib-metadata==4.10.1 /usr/lib/python3.9/site-packages
2025-03-04T00:22:45.766806+00:00 DEBUG 'ansible_navigator.main' iniparse==0.4 /usr/lib/python3.9/site-packages
2025-03-04T00:22:45.766818+00:00 DEBUG 'ansible_navigator.main' jinja2==3.0.3 /usr/lib/python3.9/site-packages
2025-03-04T00:22:45.766830+00:00 DEBUG 'ansible_navigator.main' jsonschema==4.6.0 /usr/lib/python3.9/site-packages
2025-03-04T00:22:45.766842+00:00 DEBUG 'ansible_navigator.main' libcomps==0.1.18 /usr/lib64/python3.9/site-packages
2025-03-04T00:22:45.766854+00:00 DEBUG 'ansible_navigator.main' lockfile==0.12.2 /usr/lib/python3.9/site-packages
2025-03-04T00:22:45.766866+00:00 DEBUG 'ansible_navigator.main' lxml==4.6.5 /usr/lib64/python3.9/site-packages
2025-03-04T00:22:45.766878+00:00 DEBUG 'ansible_navigator.main' markupsafe==2.1.0 /usr/lib64/python3.9/site-packages
2025-03-04T00:22:45.766891+00:00 DEBUG 'ansible_navigator.main' nftables==0.1 /usr/lib/python3.9/site-packages
2025-03-04T00:22:45.766902+00:00 DEBUG 'ansible_navigator.main' onigurumacffi==1.1.0 /usr/lib64/python3.9/site-packages
2025-03-04T00:22:45.766915+00:00 DEBUG 'ansible_navigator.main' packaging==21.3 /usr/lib/python3.9/site-packages
2025-03-04T00:22:45.766927+00:00 DEBUG 'ansible_navigator.main' parsley==1.3 /usr/lib/python3.9/site-packages
2025-03-04T00:22:45.766939+00:00 DEBUG 'ansible_navigator.main' pbr==5.8.1 /usr/lib/python3.9/site-packages
2025-03-04T00:22:45.766950+00:00 DEBUG 'ansible_navigator.main' perf==0.1 /usr/lib64/python3.9/site-packages
2025-03-04T00:22:45.766962+00:00 DEBUG 'ansible_navigator.main' pexpect==4.8.0 /usr/lib/python3.9/site-packages
2025-03-04T00:22:45.766974+00:00 DEBUG 'ansible_navigator.main' psutil==5.8.0 /usr/lib64/python3.9/site-packages
2025-03-04T00:22:45.766986+00:00 DEBUG 'ansible_navigator.main' ptyprocess==0.6.0 /usr/lib/python3.9/site-packages
2025-03-04T00:22:45.766998+00:00 DEBUG 'ansible_navigator.main' pycairo==1.20.1 /usr/lib64/python3.9/site-packages
2025-03-04T00:22:45.767010+00:00 DEBUG 'ansible_navigator.main' pycparser==2.21 /usr/lib/python3.9/site-packages
2025-03-04T00:22:45.767024+00:00 DEBUG 'ansible_navigator.main' pycups==2.0.1 /usr/lib64/python3.9/site-packages
2025-03-04T00:22:45.767036+00:00 DEBUG 'ansible_navigator.main' pycurl==7.43.0.6 /usr/lib64/python3.9/site-packages
2025-03-04T00:22:45.767048+00:00 DEBUG 'ansible_navigator.main' pygobject==3.40.1 /usr/lib64/python3.9/site-packages
2025-03-04T00:22:45.767060+00:00 DEBUG 'ansible_navigator.main' pyinotify==0.9.6 /usr/lib/python3.9/site-packages
2025-03-04T00:22:45.767071+00:00 DEBUG 'ansible_navigator.main' pyparsing==2.4.7 /usr/lib/python3.9/site-packages
2025-03-04T00:22:45.767084+00:00 DEBUG 'ansible_navigator.main' pyrsistent==0.17.3 /usr/lib64/python3.9/site-packages
2025-03-04T00:22:45.767096+00:00 DEBUG 'ansible_navigator.main' pysocks==1.7.1 /usr/lib/python3.9/site-packages
2025-03-04T00:22:45.767107+00:00 DEBUG 'ansible_navigator.main' python-daemon==2.3.0 /usr/lib/python3.9/site-packages
2025-03-04T00:22:45.767119+00:00 DEBUG 'ansible_navigator.main' python-dateutil==2.8.1 /usr/lib/python3.9/site-packages
2025-03-04T00:22:45.767132+00:00 DEBUG 'ansible_navigator.main' python-linux-procfs==0.7.3 /usr/lib/python3.9/site-packages
2025-03-04T00:22:45.767143+00:00 DEBUG 'ansible_navigator.main' pyudev==0.22.0 /usr/lib/python3.9/site-packages
2025-03-04T00:22:45.767155+00:00 DEBUG 'ansible_navigator.main' pyyaml==5.4.1 /usr/lib64/python3.9/site-packages
2025-03-04T00:22:45.767167+00:00 DEBUG 'ansible_navigator.main' requests==2.25.1 /usr/lib/python3.9/site-packages
2025-03-04T00:22:45.767179+00:00 DEBUG 'ansible_navigator.main' requirements-parser==0.2.0 /usr/lib/python3.9/site-packages
2025-03-04T00:22:45.767190+00:00 DEBUG 'ansible_navigator.main' resolvelib==0.5.4 /usr/lib/python3.9/site-packages
2025-03-04T00:22:45.767202+00:00 DEBUG 'ansible_navigator.main' rpm==4.16.1.3 /usr/lib64/python3.9/site-packages
2025-03-04T00:22:45.767214+00:00 DEBUG 'ansible_navigator.main' selinux==3.6 /usr/lib64/python3.9/site-packages
2025-03-04T00:22:45.767226+00:00 DEBUG 'ansible_navigator.main' sepolicy==3.6 /usr/lib/python3.9/site-packages
2025-03-04T00:22:45.767238+00:00 DEBUG 'ansible_navigator.main' setools==4.4.4 /usr/lib64/python3.9/site-packages
2025-03-04T00:22:45.767250+00:00 DEBUG 'ansible_navigator.main' setroubleshoot==3.3.32 /usr/lib/python3.9/site-packages
2025-03-04T00:22:45.767262+00:00 DEBUG 'ansible_navigator.main' setuptools==53.0.0 /usr/lib/python3.9/site-packages
2025-03-04T00:22:45.767273+00:00 DEBUG 'ansible_navigator.main' six==1.15.0 /usr/lib/python3.9/site-packages
2025-03-04T00:22:45.767285+00:00 DEBUG 'ansible_navigator.main' sos==4.6.1 /usr/lib/python3.9/site-packages
2025-03-04T00:22:45.767297+00:00 DEBUG 'ansible_navigator.main' subscription-manager==1.29.40 /usr/lib64/python3.9/site-packages
2025-03-04T00:22:45.767308+00:00 DEBUG 'ansible_navigator.main' systemd-python==234 /usr/lib64/python3.9/site-packages
2025-03-04T00:22:45.767321+00:00 DEBUG 'ansible_navigator.main' typing-extensions==3.10.0.2 /usr/lib/python3.9/site-packages
2025-03-04T00:22:45.767332+00:00 DEBUG 'ansible_navigator.main' urllib3==1.26.5 /usr/lib/python3.9/site-packages
2025-03-04T00:22:45.767344+00:00 DEBUG 'ansible_navigator.main' zipp==3.4.0 /usr/lib/python3.9/site-packages
2025-03-04T00:22:45.767356+00:00 DEBUG 'ansible_navigator.main' Share directory '/usr/lib/python3.9/share/ansible_navigator' not found (development path)
2025-03-04T00:22:45.767368+00:00 DEBUG 'ansible_navigator.main' Share directory '/home/master/.local/share/ansible_navigator' not found (userbase)
2025-03-04T00:22:45.767380+00:00 DEBUG 'ansible_navigator.main' Share directory '/usr/share/ansible_navigator' found (sys.prefix)
2025-03-04T00:22:45.767392+00:00 DEBUG 'ansible_navigator.main' Default collection_doc_cache_path set to: /home/master/.cache/ansible-navigator/collection_doc_cache.db
2025-03-04T00:22:45.767404+00:00 DEBUG 'ansible_navigator.main' EDITOR environment variable not set
2025-03-04T00:22:45.767416+00:00 DEBUG 'ansible_navigator.main' Default editor_command set to: vi +{line_number} {filename}
2025-03-04T00:22:45.767429+00:00 DEBUG 'ansible_navigator.main' No config file set by ANSIBLE_NAVIGATOR_CONFIG
2025-03-04T00:22:45.767456+00:00 DEBUG 'ansible_navigator.main' Looking in /home/master
2025-03-04T00:22:45.767468+00:00 DEBUG 'ansible_navigator.main' Looking for '/home/master/.ansible-navigator.yml', '/home/master/.ansible-navigator.yaml' and '/home/master/.ansible-navigator.json'
2025-03-04T00:22:45.767483+00:00 DEBUG 'ansible_navigator.main' Found 0: 
2025-03-04T00:22:45.767495+00:00 DEBUG 'ansible_navigator.main' Looking in /home/master/ansible-review
2025-03-04T00:22:45.767508+00:00 DEBUG 'ansible_navigator.main' Looking for '/home/master/ansible-review/ansible-navigator.yml', '/home/master/ansible-review/ansible-navigator.yaml' and '/home/master/ansible-review/ansible-navigator.json'
2025-03-04T00:22:45.767520+00:00 DEBUG 'ansible_navigator.main' Found 1: '/home/master/ansible-review/ansible-navigator.yml'
2025-03-04T00:22:45.767532+00:00 DEBUG 'ansible_navigator.main' All found 1: '/home/master/ansible-review/ansible-navigator.yml'
2025-03-04T00:22:45.767545+00:00 DEBUG 'ansible_navigator.main' Using: /home/master/ansible-review/ansible-navigator.yml
2025-03-04T00:22:45.767557+00:00 DEBUG 'ansible_navigator.main' Using settings file at /home/master/ansible-review/ansible-navigator.yml in search path
2025-03-04T00:22:45.767570+00:00 DEBUG 'ansible_navigator.main' Command provided: 'images'
2025-03-04T00:22:45.767582+00:00 WARNING 'ansible_navigator.main' Configuration errors encountered, rolling back to previous configuration.
2025-03-04T00:22:45.767595+00:00 DEBUG 'ansible_navigator.main' Prior to rollback: ansible_runner_artifact_dir = 'Not set' (Constants/Not set)
2025-03-04T00:22:45.767607+00:00 DEBUG 'ansible_navigator.main' Prior to rollback: ansible_runner_rotate_artifacts_count = 'Not set' (Constants/Not set)
2025-03-04T00:22:45.767619+00:00 DEBUG 'ansible_navigator.main' Prior to rollback: ansible_runner_timeout = 'Not set' (Constants/Not set)
2025-03-04T00:22:45.767631+00:00 DEBUG 'ansible_navigator.main' Prior to rollback: app = 'images' (str/Command line)
2025-03-04T00:22:45.767642+00:00 DEBUG 'ansible_navigator.main' Prior to rollback: cmdline = 'Not set' (Constants/Not set)
2025-03-04T00:22:45.767653+00:00 DEBUG 'ansible_navigator.main' Prior to rollback: collection_doc_cache_path = '/home/master/.cache/ansible-navigator/collection_doc_cache.db' (str/Defaults)
2025-03-04T00:22:45.767665+00:00 DEBUG 'ansible_navigator.main' Prior to rollback: config = 'Not set' (Constants/Not set)
2025-03-04T00:22:45.767676+00:00 DEBUG 'ansible_navigator.main' Prior to rollback: container_engine = 'auto' (str/Defaults)
2025-03-04T00:22:45.767687+00:00 DEBUG 'ansible_navigator.main' Prior to rollback: container_options = 'Not set' (Constants/Not set)
2025-03-04T00:22:45.767699+00:00 DEBUG 'ansible_navigator.main' Prior to rollback: display_color = 'True' (bool/Defaults)
2025-03-04T00:22:45.767710+00:00 DEBUG 'ansible_navigator.main' Prior to rollback: editor_command = 'vi +{line_number} {filename}' (str/Defaults)
2025-03-04T00:22:45.767722+00:00 DEBUG 'ansible_navigator.main' Prior to rollback: editor_console = 'True' (bool/Defaults)
2025-03-04T00:22:45.767733+00:00 DEBUG 'ansible_navigator.main' Prior to rollback: exec_command = '/bin/bash' (str/Defaults)
2025-03-04T00:22:45.767744+00:00 DEBUG 'ansible_navigator.main' Prior to rollback: exec_shell = 'True' (bool/Defaults)
2025-03-04T00:22:45.767756+00:00 DEBUG 'ansible_navigator.main' Prior to rollback: execution_environment = 'True' (bool/Defaults)
2025-03-04T00:22:45.767767+00:00 DEBUG 'ansible_navigator.main' Prior to rollback: execution_environment_image = 'registry.redhat.io/ansible-automation-platform-22/ee-supported-rhel8:latest' (str/Defaults)
2025-03-04T00:22:45.767778+00:00 DEBUG 'ansible_navigator.main' Prior to rollback: execution_environment_volume_mounts = 'Not set' (Constants/Not set)
2025-03-04T00:22:45.767790+00:00 DEBUG 'ansible_navigator.main' Prior to rollback: help_builder = 'False' (bool/Defaults)
2025-03-04T00:22:45.767803+00:00 DEBUG 'ansible_navigator.main' Prior to rollback: help_config = 'False' (bool/Defaults)
2025-03-04T00:22:45.767815+00:00 DEBUG 'ansible_navigator.main' Prior to rollback: help_doc = 'False' (bool/Defaults)
2025-03-04T00:22:45.767826+00:00 DEBUG 'ansible_navigator.main' Prior to rollback: help_inventory = 'False' (bool/Defaults)
2025-03-04T00:22:45.767838+00:00 DEBUG 'ansible_navigator.main' Prior to rollback: help_playbook = 'False' (bool/Defaults)
2025-03-04T00:22:45.767849+00:00 DEBUG 'ansible_navigator.main' Prior to rollback: images_details = '['everything']' (list/Defaults)
2025-03-04T00:22:45.767860+00:00 DEBUG 'ansible_navigator.main' Prior to rollback: inventory = 'Not set' (Constants/Not set)
2025-03-04T00:22:45.767872+00:00 DEBUG 'ansible_navigator.main' Prior to rollback: inventory_column = 'Not set' (Constants/Not set)
2025-03-04T00:22:45.767883+00:00 DEBUG 'ansible_navigator.main' Prior to rollback: lint_config = 'Not set' (Constants/Not set)
2025-03-04T00:22:45.767895+00:00 DEBUG 'ansible_navigator.main' Prior to rollback: lintables = 'Not set' (Constants/Not set)
2025-03-04T00:22:45.767906+00:00 DEBUG 'ansible_navigator.main' Prior to rollback: log_append = 'True' (bool/Defaults)
2025-03-04T00:22:45.767918+00:00 DEBUG 'ansible_navigator.main' Prior to rollback: log_file = '/home/master/ansible-review/ansible-navigator.log' (str/Defaults)
2025-03-04T00:22:45.767929+00:00 DEBUG 'ansible_navigator.main' Prior to rollback: log_level = 'warning' (str/Defaults)
2025-03-04T00:22:45.767941+00:00 DEBUG 'ansible_navigator.main' Prior to rollback: mode = 'interactive' (str/Defaults)
2025-03-04T00:22:45.767952+00:00 DEBUG 'ansible_navigator.main' Prior to rollback: osc4 = 'True' (bool/Defaults)
2025-03-04T00:22:45.767965+00:00 DEBUG 'ansible_navigator.main' Prior to rollback: pass_environment_variable = 'Not set' (Constants/Not set)
2025-03-04T00:22:45.767976+00:00 DEBUG 'ansible_navigator.main' Prior to rollback: playbook = 'Not set' (Constants/Not set)
2025-03-04T00:22:45.767987+00:00 DEBUG 'ansible_navigator.main' Prior to rollback: playbook_artifact_enable = 'True' (bool/Defaults)
2025-03-04T00:22:45.767998+00:00 DEBUG 'ansible_navigator.main' Prior to rollback: playbook_artifact_replay = 'Not set' (Constants/Not set)
2025-03-04T00:22:45.768009+00:00 DEBUG 'ansible_navigator.main' Prior to rollback: playbook_artifact_save_as = '{playbook_dir}/{playbook_name}-artifact-{time_stamp}.json' (str/Defaults)
2025-03-04T00:22:45.768020+00:00 DEBUG 'ansible_navigator.main' Prior to rollback: plugin_name = 'Not set' (Constants/Not set)
2025-03-04T00:22:45.768032+00:00 DEBUG 'ansible_navigator.main' Prior to rollback: plugin_type = 'module' (str/Defaults)
2025-03-04T00:22:45.768043+00:00 DEBUG 'ansible_navigator.main' Prior to rollback: pull_arguments = 'Not set' (Constants/Not set)
2025-03-04T00:22:45.768054+00:00 DEBUG 'ansible_navigator.main' Prior to rollback: pull_policy = 'tag' (str/Defaults)
2025-03-04T00:22:45.768065+00:00 DEBUG 'ansible_navigator.main' Prior to rollback: set_environment_variable = 'Not set' (Constants/Not set)
2025-03-04T00:22:45.768077+00:00 DEBUG 'ansible_navigator.main' Prior to rollback: settings_effective = 'False' (bool/Defaults)
2025-03-04T00:22:45.768088+00:00 DEBUG 'ansible_navigator.main' Prior to rollback: settings_sample = 'False' (bool/Defaults)
2025-03-04T00:22:45.768099+00:00 DEBUG 'ansible_navigator.main' Prior to rollback: settings_schema = 'json' (str/Defaults)
2025-03-04T00:22:45.768110+00:00 DEBUG 'ansible_navigator.main' Prior to rollback: settings_sources = 'False' (bool/Defaults)
2025-03-04T00:22:45.768121+00:00 DEBUG 'ansible_navigator.main' Prior to rollback: time_zone = 'UTC' (str/Defaults)
2025-03-04T00:22:45.768132+00:00 DEBUG 'ansible_navigator.main' Prior to rollback: workdir = '/home/master/ansible-review' (str/Defaults)
2025-03-04T00:22:45.768143+00:00 DEBUG 'ansible_navigator.main' After rollback: ansible_runner_artifact_dir = 'Not set' (Constants/Not set)
2025-03-04T00:22:45.768154+00:00 DEBUG 'ansible_navigator.main' After rollback: ansible_runner_rotate_artifacts_count = 'Not set' (Constants/Not set)
2025-03-04T00:22:45.768167+00:00 DEBUG 'ansible_navigator.main' After rollback: ansible_runner_timeout = 'Not set' (Constants/Not set)
2025-03-04T00:22:45.768178+00:00 DEBUG 'ansible_navigator.main' After rollback: app = 'Not set' (Constants/Not set)
2025-03-04T00:22:45.768189+00:00 DEBUG 'ansible_navigator.main' After rollback: cmdline = 'Not set' (Constants/Not set)
2025-03-04T00:22:45.768200+00:00 DEBUG 'ansible_navigator.main' After rollback: collection_doc_cache_path = 'Not set' (Constants/Not set)
2025-03-04T00:22:45.768211+00:00 DEBUG 'ansible_navigator.main' After rollback: config = 'Not set' (Constants/Not set)
2025-03-04T00:22:45.768222+00:00 DEBUG 'ansible_navigator.main' After rollback: container_engine = 'Not set' (Constants/Not set)
2025-03-04T00:22:45.768233+00:00 DEBUG 'ansible_navigator.main' After rollback: container_options = 'Not set' (Constants/Not set)
2025-03-04T00:22:45.768244+00:00 DEBUG 'ansible_navigator.main' After rollback: display_color = 'Not set' (Constants/Not set)
2025-03-04T00:22:45.768255+00:00 DEBUG 'ansible_navigator.main' After rollback: editor_command = 'Not set' (Constants/Not set)
2025-03-04T00:22:45.768266+00:00 DEBUG 'ansible_navigator.main' After rollback: editor_console = 'Not set' (Constants/Not set)
2025-03-04T00:22:45.768277+00:00 DEBUG 'ansible_navigator.main' After rollback: exec_command = 'Not set' (Constants/Not set)
2025-03-04T00:22:45.768288+00:00 DEBUG 'ansible_navigator.main' After rollback: exec_shell = 'Not set' (Constants/Not set)
2025-03-04T00:22:45.768299+00:00 DEBUG 'ansible_navigator.main' After rollback: execution_environment = 'Not set' (Constants/Not set)
2025-03-04T00:22:45.768310+00:00 DEBUG 'ansible_navigator.main' After rollback: execution_environment_image = 'Not set' (Constants/Not set)
2025-03-04T00:22:45.768321+00:00 DEBUG 'ansible_navigator.main' After rollback: execution_environment_volume_mounts = 'Not set' (Constants/Not set)
2025-03-04T00:22:45.768332+00:00 DEBUG 'ansible_navigator.main' After rollback: help_builder = 'Not set' (Constants/Not set)
2025-03-04T00:22:45.768342+00:00 DEBUG 'ansible_navigator.main' After rollback: help_config = 'Not set' (Constants/Not set)
2025-03-04T00:22:45.768353+00:00 DEBUG 'ansible_navigator.main' After rollback: help_doc = 'Not set' (Constants/Not set)
2025-03-04T00:22:45.768364+00:00 DEBUG 'ansible_navigator.main' After rollback: help_inventory = 'Not set' (Constants/Not set)
2025-03-04T00:22:45.768375+00:00 DEBUG 'ansible_navigator.main' After rollback: help_playbook = 'Not set' (Constants/Not set)
2025-03-04T00:22:45.768386+00:00 DEBUG 'ansible_navigator.main' After rollback: images_details = 'Not set' (Constants/Not set)
2025-03-04T00:22:45.768397+00:00 DEBUG 'ansible_navigator.main' After rollback: inventory = 'Not set' (Constants/Not set)
2025-03-04T00:22:45.768408+00:00 DEBUG 'ansible_navigator.main' After rollback: inventory_column = 'Not set' (Constants/Not set)
2025-03-04T00:22:45.768422+00:00 DEBUG 'ansible_navigator.main' After rollback: lint_config = 'Not set' (Constants/Not set)
2025-03-04T00:22:45.768434+00:00 DEBUG 'ansible_navigator.main' After rollback: lintables = 'Not set' (Constants/Not set)
2025-03-04T00:22:45.768447+00:00 DEBUG 'ansible_navigator.main' After rollback: log_append = 'Not set' (Constants/Not set)
2025-03-04T00:22:45.768458+00:00 DEBUG 'ansible_navigator.main' After rollback: log_file = 'Not set' (Constants/Not set)
2025-03-04T00:22:45.768469+00:00 DEBUG 'ansible_navigator.main' After rollback: log_level = 'Not set' (Constants/Not set)
2025-03-04T00:22:45.768480+00:00 DEBUG 'ansible_navigator.main' After rollback: mode = 'Not set' (Constants/Not set)
2025-03-04T00:22:45.768491+00:00 DEBUG 'ansible_navigator.main' After rollback: osc4 = 'Not set' (Constants/Not set)
2025-03-04T00:22:45.768502+00:00 DEBUG 'ansible_navigator.main' After rollback: pass_environment_variable = 'Not set' (Constants/Not set)
2025-03-04T00:22:45.768512+00:00 DEBUG 'ansible_navigator.main' After rollback: playbook = 'Not set' (Constants/Not set)
2025-03-04T00:22:45.768525+00:00 DEBUG 'ansible_navigator.main' After rollback: playbook_artifact_enable = 'Not set' (Constants/Not set)
2025-03-04T00:22:45.768536+00:00 DEBUG 'ansible_navigator.main' After rollback: playbook_artifact_replay = 'Not set' (Constants/Not set)
2025-03-04T00:22:45.768547+00:00 DEBUG 'ansible_navigator.main' After rollback: playbook_artifact_save_as = 'Not set' (Constants/Not set)
2025-03-04T00:22:45.768559+00:00 DEBUG 'ansible_navigator.main' After rollback: plugin_name = 'Not set' (Constants/Not set)
2025-03-04T00:22:45.768570+00:00 DEBUG 'ansible_navigator.main' After rollback: plugin_type = 'Not set' (Constants/Not set)
2025-03-04T00:22:45.768581+00:00 DEBUG 'ansible_navigator.main' After rollback: pull_arguments = 'Not set' (Constants/Not set)
2025-03-04T00:22:45.768591+00:00 DEBUG 'ansible_navigator.main' After rollback: pull_policy = 'Not set' (Constants/Not set)
2025-03-04T00:22:45.768602+00:00 DEBUG 'ansible_navigator.main' After rollback: set_environment_variable = 'Not set' (Constants/Not set)
2025-03-04T00:22:45.768614+00:00 DEBUG 'ansible_navigator.main' After rollback: settings_effective = 'Not set' (Constants/Not set)
2025-03-04T00:22:45.768626+00:00 DEBUG 'ansible_navigator.main' After rollback: settings_sample = 'Not set' (Constants/Not set)
2025-03-04T00:22:45.768637+00:00 DEBUG 'ansible_navigator.main' After rollback: settings_schema = 'Not set' (Constants/Not set)
2025-03-04T00:22:45.768648+00:00 DEBUG 'ansible_navigator.main' After rollback: settings_sources = 'Not set' (Constants/Not set)
2025-03-04T00:22:45.768659+00:00 DEBUG 'ansible_navigator.main' After rollback: time_zone = 'Not set' (Constants/Not set)
2025-03-04T00:22:45.768670+00:00 DEBUG 'ansible_navigator.main' After rollback: workdir = 'Not set' (Constants/Not set)
2025-03-04T00:22:45.768680+00:00 DEBUG 'ansible_navigator.main' Configuration rollback complete.
2025-03-04T00:22:45.768692+00:00 DEBUG 'ansible_navigator.main' Collection doc cache not mounted
2025-03-04T00:22:45.768707+00:00 WARNING 'ansible_navigator.main' Issues were found while applying the settings.
2025-03-04T00:22:45.768721+00:00 INFO 'ansible_navigator.main' Command provided: 'images'
2025-03-04T00:22:45.768736+00:00 ERROR 'ansible_navigator.main' Settings file found /home/master/ansible-review/ansible-navigator.yml, but failed to load it.
2025-03-04T00:22:45.768749+00:00 ERROR 'ansible_navigator.main'   error was: 'mapping values are not allowed in this context   in "/home/master/ansible-review/ansible-navigator.yml", line 5, column 13'
2025-03-04T00:22:45.768763+00:00 INFO 'ansible_navigator.main' Try checking the settings file '/home/master/ansible-review/ansible-navigator.yml'and ensure it is properly formatted
2025-03-04T00:22:45.768776+00:00 INFO 'ansible_navigator.main' Configuration failed, using default log file location. (/home/master/ansible-review/ansible-navigator.log) Log level set to debug
2025-03-04T00:22:45.768789+00:00 INFO 'ansible_navigator.main' Review the hints and log file to see what went wrong.
2025-03-04T00:25:59.083029+00:00 INFO 'ansible_navigator.setup_logger' New ansible-navigator instance, logging initialized
2025-03-04T00:25:59.083264+00:00 INFO 'ansible_navigator.setup_logger' New ansible-runner instance, logging initialized
2025-03-04T00:25:59.083301+00:00 DEBUG 'ansible_navigator.main' ansible-builder==1.1.0 /usr/lib/python3.9/site-packages
2025-03-04T00:25:59.083320+00:00 DEBUG 'ansible_navigator.main' ansible-core==2.14.17 /usr/lib/python3.9/site-packages
2025-03-04T00:25:59.083335+00:00 DEBUG 'ansible_navigator.main' ansible-navigator==2.1.0 /usr/lib/python3.9/site-packages
2025-03-04T00:25:59.083349+00:00 DEBUG 'ansible_navigator.main' ansible-runner==2.2.2 /usr/lib/python3.9/site-packages
2025-03-04T00:25:59.083362+00:00 DEBUG 'ansible_navigator.main' attrs==21.4.0 /usr/lib/python3.9/site-packages
2025-03-04T00:25:59.083376+00:00 DEBUG 'ansible_navigator.main' bindep==2.10.2 /usr/lib/python3.9/site-packages
2025-03-04T00:25:59.083390+00:00 DEBUG 'ansible_navigator.main' brlapi==0.8.2 /usr/lib64/python3.9/site-packages
2025-03-04T00:25:59.083409+00:00 DEBUG 'ansible_navigator.main' cffi==1.15.0 /usr/lib64/python3.9/site-packages
2025-03-04T00:25:59.083422+00:00 DEBUG 'ansible_navigator.main' chardet==4.0.0 /usr/lib/python3.9/site-packages
2025-03-04T00:25:59.083435+00:00 DEBUG 'ansible_navigator.main' cockpit==311.1 /usr/lib/python3.9/site-packages
2025-03-04T00:25:59.083447+00:00 DEBUG 'ansible_navigator.main' cryptography==36.0.1 /usr/lib64/python3.9/site-packages
2025-03-04T00:25:59.083459+00:00 DEBUG 'ansible_navigator.main' cupshelpers==1.0 /usr/lib/python3.9/site-packages
2025-03-04T00:25:59.083472+00:00 DEBUG 'ansible_navigator.main' dasbus==1.4 /usr/lib/python3.9/site-packages
2025-03-04T00:25:59.083484+00:00 DEBUG 'ansible_navigator.main' dbus-python==1.2.18 /usr/lib64/python3.9/site-packages
2025-03-04T00:25:59.083497+00:00 DEBUG 'ansible_navigator.main' decorator==4.4.2 /usr/lib/python3.9/site-packages
2025-03-04T00:25:59.083509+00:00 DEBUG 'ansible_navigator.main' distro==1.5.0 /usr/lib/python3.9/site-packages
2025-03-04T00:25:59.083522+00:00 DEBUG 'ansible_navigator.main' docutils==0.16 /usr/lib/python3.9/site-packages
2025-03-04T00:25:59.083534+00:00 DEBUG 'ansible_navigator.main' file-magic==0.4.0 /usr/lib/python3.9/site-packages
2025-03-04T00:25:59.083546+00:00 DEBUG 'ansible_navigator.main' gpg==1.15.1 /usr/lib64/python3.9/site-packages
2025-03-04T00:25:59.083558+00:00 DEBUG 'ansible_navigator.main' idna==2.10 /usr/lib/python3.9/site-packages
2025-03-04T00:25:59.083570+00:00 DEBUG 'ansible_navigator.main' importlib-metadata==4.10.1 /usr/lib/python3.9/site-packages
2025-03-04T00:25:59.083583+00:00 DEBUG 'ansible_navigator.main' iniparse==0.4 /usr/lib/python3.9/site-packages
2025-03-04T00:25:59.083595+00:00 DEBUG 'ansible_navigator.main' jinja2==3.0.3 /usr/lib/python3.9/site-packages
2025-03-04T00:25:59.083607+00:00 DEBUG 'ansible_navigator.main' jsonschema==4.6.0 /usr/lib/python3.9/site-packages
2025-03-04T00:25:59.083620+00:00 DEBUG 'ansible_navigator.main' libcomps==0.1.18 /usr/lib64/python3.9/site-packages
2025-03-04T00:25:59.083632+00:00 DEBUG 'ansible_navigator.main' lockfile==0.12.2 /usr/lib/python3.9/site-packages
2025-03-04T00:25:59.083644+00:00 DEBUG 'ansible_navigator.main' lxml==4.6.5 /usr/lib64/python3.9/site-packages
2025-03-04T00:25:59.083656+00:00 DEBUG 'ansible_navigator.main' markupsafe==2.1.0 /usr/lib64/python3.9/site-packages
2025-03-04T00:25:59.083668+00:00 DEBUG 'ansible_navigator.main' nftables==0.1 /usr/lib/python3.9/site-packages
2025-03-04T00:25:59.083680+00:00 DEBUG 'ansible_navigator.main' onigurumacffi==1.1.0 /usr/lib64/python3.9/site-packages
2025-03-04T00:25:59.083692+00:00 DEBUG 'ansible_navigator.main' packaging==21.3 /usr/lib/python3.9/site-packages
2025-03-04T00:25:59.083704+00:00 DEBUG 'ansible_navigator.main' parsley==1.3 /usr/lib/python3.9/site-packages
2025-03-04T00:25:59.083717+00:00 DEBUG 'ansible_navigator.main' pbr==5.8.1 /usr/lib/python3.9/site-packages
2025-03-04T00:25:59.083729+00:00 DEBUG 'ansible_navigator.main' perf==0.1 /usr/lib64/python3.9/site-packages
2025-03-04T00:25:59.083741+00:00 DEBUG 'ansible_navigator.main' pexpect==4.8.0 /usr/lib/python3.9/site-packages
2025-03-04T00:25:59.083754+00:00 DEBUG 'ansible_navigator.main' psutil==5.8.0 /usr/lib64/python3.9/site-packages
2025-03-04T00:25:59.083766+00:00 DEBUG 'ansible_navigator.main' ptyprocess==0.6.0 /usr/lib/python3.9/site-packages
2025-03-04T00:25:59.083778+00:00 DEBUG 'ansible_navigator.main' pycairo==1.20.1 /usr/lib64/python3.9/site-packages
2025-03-04T00:25:59.083790+00:00 DEBUG 'ansible_navigator.main' pycparser==2.21 /usr/lib/python3.9/site-packages
2025-03-04T00:25:59.083802+00:00 DEBUG 'ansible_navigator.main' pycups==2.0.1 /usr/lib64/python3.9/site-packages
2025-03-04T00:25:59.083814+00:00 DEBUG 'ansible_navigator.main' pycurl==7.43.0.6 /usr/lib64/python3.9/site-packages
2025-03-04T00:25:59.083826+00:00 DEBUG 'ansible_navigator.main' pygobject==3.40.1 /usr/lib64/python3.9/site-packages
2025-03-04T00:25:59.083838+00:00 DEBUG 'ansible_navigator.main' pyinotify==0.9.6 /usr/lib/python3.9/site-packages
2025-03-04T00:25:59.083852+00:00 DEBUG 'ansible_navigator.main' pyparsing==2.4.7 /usr/lib/python3.9/site-packages
2025-03-04T00:25:59.083864+00:00 DEBUG 'ansible_navigator.main' pyrsistent==0.17.3 /usr/lib64/python3.9/site-packages
2025-03-04T00:25:59.083876+00:00 DEBUG 'ansible_navigator.main' pysocks==1.7.1 /usr/lib/python3.9/site-packages
2025-03-04T00:25:59.083889+00:00 DEBUG 'ansible_navigator.main' python-daemon==2.3.0 /usr/lib/python3.9/site-packages
2025-03-04T00:25:59.083901+00:00 DEBUG 'ansible_navigator.main' python-dateutil==2.8.1 /usr/lib/python3.9/site-packages
2025-03-04T00:25:59.083913+00:00 DEBUG 'ansible_navigator.main' python-linux-procfs==0.7.3 /usr/lib/python3.9/site-packages
2025-03-04T00:25:59.083925+00:00 DEBUG 'ansible_navigator.main' pyudev==0.22.0 /usr/lib/python3.9/site-packages
2025-03-04T00:25:59.083937+00:00 DEBUG 'ansible_navigator.main' pyyaml==5.4.1 /usr/lib64/python3.9/site-packages
2025-03-04T00:25:59.083950+00:00 DEBUG 'ansible_navigator.main' requests==2.25.1 /usr/lib/python3.9/site-packages
2025-03-04T00:25:59.083962+00:00 DEBUG 'ansible_navigator.main' requirements-parser==0.2.0 /usr/lib/python3.9/site-packages
2025-03-04T00:25:59.083974+00:00 DEBUG 'ansible_navigator.main' resolvelib==0.5.4 /usr/lib/python3.9/site-packages
2025-03-04T00:25:59.083986+00:00 DEBUG 'ansible_navigator.main' rpm==4.16.1.3 /usr/lib64/python3.9/site-packages
2025-03-04T00:25:59.083998+00:00 DEBUG 'ansible_navigator.main' selinux==3.6 /usr/lib64/python3.9/site-packages
2025-03-04T00:25:59.084010+00:00 DEBUG 'ansible_navigator.main' sepolicy==3.6 /usr/lib/python3.9/site-packages
2025-03-04T00:25:59.084023+00:00 DEBUG 'ansible_navigator.main' setools==4.4.4 /usr/lib64/python3.9/site-packages
2025-03-04T00:25:59.084035+00:00 DEBUG 'ansible_navigator.main' setroubleshoot==3.3.32 /usr/lib/python3.9/site-packages
2025-03-04T00:25:59.084047+00:00 DEBUG 'ansible_navigator.main' setuptools==53.0.0 /usr/lib/python3.9/site-packages
2025-03-04T00:25:59.084058+00:00 DEBUG 'ansible_navigator.main' six==1.15.0 /usr/lib/python3.9/site-packages
2025-03-04T00:25:59.084070+00:00 DEBUG 'ansible_navigator.main' sos==4.6.1 /usr/lib/python3.9/site-packages
2025-03-04T00:25:59.084083+00:00 DEBUG 'ansible_navigator.main' subscription-manager==1.29.40 /usr/lib64/python3.9/site-packages
2025-03-04T00:25:59.084095+00:00 DEBUG 'ansible_navigator.main' systemd-python==234 /usr/lib64/python3.9/site-packages
2025-03-04T00:25:59.084107+00:00 DEBUG 'ansible_navigator.main' typing-extensions==3.10.0.2 /usr/lib/python3.9/site-packages
2025-03-04T00:25:59.084119+00:00 DEBUG 'ansible_navigator.main' urllib3==1.26.5 /usr/lib/python3.9/site-packages
2025-03-04T00:25:59.084185+00:00 DEBUG 'ansible_navigator.main' zipp==3.4.0 /usr/lib/python3.9/site-packages
2025-03-04T00:25:59.084204+00:00 DEBUG 'ansible_navigator.main' Share directory '/usr/lib/python3.9/share/ansible_navigator' not found (development path)
2025-03-04T00:25:59.084218+00:00 DEBUG 'ansible_navigator.main' Share directory '/home/master/.local/share/ansible_navigator' not found (userbase)
2025-03-04T00:25:59.084232+00:00 DEBUG 'ansible_navigator.main' Share directory '/usr/share/ansible_navigator' found (sys.prefix)
2025-03-04T00:25:59.084245+00:00 DEBUG 'ansible_navigator.main' Default collection_doc_cache_path set to: /home/master/.cache/ansible-navigator/collection_doc_cache.db
2025-03-04T00:25:59.084258+00:00 DEBUG 'ansible_navigator.main' EDITOR environment variable not set
2025-03-04T00:25:59.084271+00:00 DEBUG 'ansible_navigator.main' Default editor_command set to: vi +{line_number} {filename}
2025-03-04T00:25:59.084285+00:00 DEBUG 'ansible_navigator.main' No config file set by ANSIBLE_NAVIGATOR_CONFIG
2025-03-04T00:25:59.084297+00:00 DEBUG 'ansible_navigator.main' Looking in /home/master
2025-03-04T00:25:59.084310+00:00 DEBUG 'ansible_navigator.main' Looking for '/home/master/.ansible-navigator.yml', '/home/master/.ansible-navigator.yaml' and '/home/master/.ansible-navigator.json'
2025-03-04T00:25:59.084322+00:00 DEBUG 'ansible_navigator.main' Found 0: 
2025-03-04T00:25:59.084337+00:00 DEBUG 'ansible_navigator.main' Looking in /home/master/ansible-review
2025-03-04T00:25:59.084349+00:00 DEBUG 'ansible_navigator.main' Looking for '/home/master/ansible-review/ansible-navigator.yml', '/home/master/ansible-review/ansible-navigator.yaml' and '/home/master/ansible-review/ansible-navigator.json'
2025-03-04T00:25:59.084362+00:00 DEBUG 'ansible_navigator.main' Found 1: '/home/master/ansible-review/ansible-navigator.yml'
2025-03-04T00:25:59.084373+00:00 DEBUG 'ansible_navigator.main' All found 1: '/home/master/ansible-review/ansible-navigator.yml'
2025-03-04T00:25:59.084386+00:00 DEBUG 'ansible_navigator.main' Using: /home/master/ansible-review/ansible-navigator.yml
2025-03-04T00:25:59.084398+00:00 DEBUG 'ansible_navigator.main' Using settings file at /home/master/ansible-review/ansible-navigator.yml in search path
2025-03-04T00:25:59.084410+00:00 DEBUG 'ansible_navigator.main' Command provided: 'images'
2025-03-04T00:25:59.084424+00:00 WARNING 'ansible_navigator.main' Configuration errors encountered, rolling back to previous configuration.
2025-03-04T00:25:59.084437+00:00 DEBUG 'ansible_navigator.main' Prior to rollback: ansible_runner_artifact_dir = 'Not set' (Constants/Not set)
2025-03-04T00:25:59.084450+00:00 DEBUG 'ansible_navigator.main' Prior to rollback: ansible_runner_rotate_artifacts_count = 'Not set' (Constants/Not set)
2025-03-04T00:25:59.084462+00:00 DEBUG 'ansible_navigator.main' Prior to rollback: ansible_runner_timeout = 'Not set' (Constants/Not set)
2025-03-04T00:25:59.084474+00:00 DEBUG 'ansible_navigator.main' Prior to rollback: app = 'images' (str/Command line)
2025-03-04T00:25:59.084486+00:00 DEBUG 'ansible_navigator.main' Prior to rollback: cmdline = 'Not set' (Constants/Not set)
2025-03-04T00:25:59.084498+00:00 DEBUG 'ansible_navigator.main' Prior to rollback: collection_doc_cache_path = '/home/master/.cache/ansible-navigator/collection_doc_cache.db' (str/Defaults)
2025-03-04T00:25:59.084511+00:00 DEBUG 'ansible_navigator.main' Prior to rollback: config = 'Not set' (Constants/Not set)
2025-03-04T00:25:59.084522+00:00 DEBUG 'ansible_navigator.main' Prior to rollback: container_engine = 'auto' (str/Defaults)
2025-03-04T00:25:59.084535+00:00 DEBUG 'ansible_navigator.main' Prior to rollback: container_options = 'Not set' (Constants/Not set)
2025-03-04T00:25:59.084546+00:00 DEBUG 'ansible_navigator.main' Prior to rollback: display_color = 'True' (bool/Defaults)
2025-03-04T00:25:59.084558+00:00 DEBUG 'ansible_navigator.main' Prior to rollback: editor_command = 'vi +{line_number} {filename}' (str/Defaults)
2025-03-04T00:25:59.084570+00:00 DEBUG 'ansible_navigator.main' Prior to rollback: editor_console = 'True' (bool/Defaults)
2025-03-04T00:25:59.084582+00:00 DEBUG 'ansible_navigator.main' Prior to rollback: exec_command = '/bin/bash' (str/Defaults)
2025-03-04T00:25:59.084593+00:00 DEBUG 'ansible_navigator.main' Prior to rollback: exec_shell = 'True' (bool/Defaults)
2025-03-04T00:25:59.084605+00:00 DEBUG 'ansible_navigator.main' Prior to rollback: execution_environment = 'True' (bool/Defaults)
2025-03-04T00:25:59.084617+00:00 DEBUG 'ansible_navigator.main' Prior to rollback: execution_environment_image = 'registry.redhat.io/ansible-automation-platform-22/ee-supported-rhel8:latest' (str/Defaults)
2025-03-04T00:25:59.084629+00:00 DEBUG 'ansible_navigator.main' Prior to rollback: execution_environment_volume_mounts = 'Not set' (Constants/Not set)
2025-03-04T00:25:59.084641+00:00 DEBUG 'ansible_navigator.main' Prior to rollback: help_builder = 'False' (bool/Defaults)
2025-03-04T00:25:59.084652+00:00 DEBUG 'ansible_navigator.main' Prior to rollback: help_config = 'False' (bool/Defaults)
2025-03-04T00:25:59.084664+00:00 DEBUG 'ansible_navigator.main' Prior to rollback: help_doc = 'False' (bool/Defaults)
2025-03-04T00:25:59.084676+00:00 DEBUG 'ansible_navigator.main' Prior to rollback: help_inventory = 'False' (bool/Defaults)
2025-03-04T00:25:59.084687+00:00 DEBUG 'ansible_navigator.main' Prior to rollback: help_playbook = 'False' (bool/Defaults)
2025-03-04T00:25:59.084699+00:00 DEBUG 'ansible_navigator.main' Prior to rollback: images_details = '['everything']' (list/Defaults)
2025-03-04T00:25:59.084713+00:00 DEBUG 'ansible_navigator.main' Prior to rollback: inventory = 'Not set' (Constants/Not set)
2025-03-04T00:25:59.084724+00:00 DEBUG 'ansible_navigator.main' Prior to rollback: inventory_column = 'Not set' (Constants/Not set)
2025-03-04T00:25:59.084737+00:00 DEBUG 'ansible_navigator.main' Prior to rollback: lint_config = 'Not set' (Constants/Not set)
2025-03-04T00:25:59.084748+00:00 DEBUG 'ansible_navigator.main' Prior to rollback: lintables = 'Not set' (Constants/Not set)
2025-03-04T00:25:59.084760+00:00 DEBUG 'ansible_navigator.main' Prior to rollback: log_append = 'True' (bool/Defaults)
2025-03-04T00:25:59.084772+00:00 DEBUG 'ansible_navigator.main' Prior to rollback: log_file = '/home/master/ansible-review/ansible-navigator.log' (str/Defaults)
2025-03-04T00:25:59.084784+00:00 DEBUG 'ansible_navigator.main' Prior to rollback: log_level = 'warning' (str/Defaults)
2025-03-04T00:25:59.084795+00:00 DEBUG 'ansible_navigator.main' Prior to rollback: mode = 'interactive' (str/Defaults)
2025-03-04T00:25:59.084807+00:00 DEBUG 'ansible_navigator.main' Prior to rollback: osc4 = 'True' (bool/Defaults)
2025-03-04T00:25:59.084819+00:00 DEBUG 'ansible_navigator.main' Prior to rollback: pass_environment_variable = 'Not set' (Constants/Not set)
2025-03-04T00:25:59.084831+00:00 DEBUG 'ansible_navigator.main' Prior to rollback: playbook = 'Not set' (Constants/Not set)
2025-03-04T00:25:59.084842+00:00 DEBUG 'ansible_navigator.main' Prior to rollback: playbook_artifact_enable = 'True' (bool/Defaults)
2025-03-04T00:25:59.084854+00:00 DEBUG 'ansible_navigator.main' Prior to rollback: playbook_artifact_replay = 'Not set' (Constants/Not set)
2025-03-04T00:25:59.084866+00:00 DEBUG 'ansible_navigator.main' Prior to rollback: playbook_artifact_save_as = '{playbook_dir}/{playbook_name}-artifact-{time_stamp}.json' (str/Defaults)
2025-03-04T00:25:59.084877+00:00 DEBUG 'ansible_navigator.main' Prior to rollback: plugin_name = 'Not set' (Constants/Not set)
2025-03-04T00:25:59.084889+00:00 DEBUG 'ansible_navigator.main' Prior to rollback: plugin_type = 'module' (str/Defaults)
2025-03-04T00:25:59.084901+00:00 DEBUG 'ansible_navigator.main' Prior to rollback: pull_arguments = 'Not set' (Constants/Not set)
2025-03-04T00:25:59.084912+00:00 DEBUG 'ansible_navigator.main' Prior to rollback: pull_policy = 'tag' (str/Defaults)
2025-03-04T00:25:59.084924+00:00 DEBUG 'ansible_navigator.main' Prior to rollback: set_environment_variable = 'Not set' (Constants/Not set)
2025-03-04T00:25:59.084936+00:00 DEBUG 'ansible_navigator.main' Prior to rollback: settings_effective = 'False' (bool/Defaults)
2025-03-04T00:25:59.084948+00:00 DEBUG 'ansible_navigator.main' Prior to rollback: settings_sample = 'False' (bool/Defaults)
2025-03-04T00:25:59.084960+00:00 DEBUG 'ansible_navigator.main' Prior to rollback: settings_schema = 'json' (str/Defaults)
2025-03-04T00:25:59.084971+00:00 DEBUG 'ansible_navigator.main' Prior to rollback: settings_sources = 'False' (bool/Defaults)
2025-03-04T00:25:59.084983+00:00 DEBUG 'ansible_navigator.main' Prior to rollback: time_zone = 'UTC' (str/Defaults)
2025-03-04T00:25:59.084995+00:00 DEBUG 'ansible_navigator.main' Prior to rollback: workdir = '/home/master/ansible-review' (str/Defaults)
2025-03-04T00:25:59.085006+00:00 DEBUG 'ansible_navigator.main' After rollback: ansible_runner_artifact_dir = 'Not set' (Constants/Not set)
2025-03-04T00:25:59.085018+00:00 DEBUG 'ansible_navigator.main' After rollback: ansible_runner_rotate_artifacts_count = 'Not set' (Constants/Not set)
2025-03-04T00:25:59.085029+00:00 DEBUG 'ansible_navigator.main' After rollback: ansible_runner_timeout = 'Not set' (Constants/Not set)
2025-03-04T00:25:59.085041+00:00 DEBUG 'ansible_navigator.main' After rollback: app = 'Not set' (Constants/Not set)
2025-03-04T00:25:59.085053+00:00 DEBUG 'ansible_navigator.main' After rollback: cmdline = 'Not set' (Constants/Not set)
2025-03-04T00:25:59.085064+00:00 DEBUG 'ansible_navigator.main' After rollback: collection_doc_cache_path = 'Not set' (Constants/Not set)
2025-03-04T00:25:59.085080+00:00 DEBUG 'ansible_navigator.main' After rollback: config = 'Not set' (Constants/Not set)
2025-03-04T00:25:59.085092+00:00 DEBUG 'ansible_navigator.main' After rollback: container_engine = 'Not set' (Constants/Not set)
2025-03-04T00:25:59.085153+00:00 DEBUG 'ansible_navigator.main' After rollback: container_options = 'Not set' (Constants/Not set)
2025-03-04T00:25:59.085171+00:00 DEBUG 'ansible_navigator.main' After rollback: display_color = 'Not set' (Constants/Not set)
2025-03-04T00:25:59.085185+00:00 DEBUG 'ansible_navigator.main' After rollback: editor_command = 'Not set' (Constants/Not set)
2025-03-04T00:25:59.085198+00:00 DEBUG 'ansible_navigator.main' After rollback: editor_console = 'Not set' (Constants/Not set)
2025-03-04T00:25:59.085211+00:00 DEBUG 'ansible_navigator.main' After rollback: exec_command = 'Not set' (Constants/Not set)
2025-03-04T00:25:59.085224+00:00 DEBUG 'ansible_navigator.main' After rollback: exec_shell = 'Not set' (Constants/Not set)
2025-03-04T00:25:59.085237+00:00 DEBUG 'ansible_navigator.main' After rollback: execution_environment = 'Not set' (Constants/Not set)
2025-03-04T00:25:59.085250+00:00 DEBUG 'ansible_navigator.main' After rollback: execution_environment_image = 'Not set' (Constants/Not set)
2025-03-04T00:25:59.085263+00:00 DEBUG 'ansible_navigator.main' After rollback: execution_environment_volume_mounts = 'Not set' (Constants/Not set)
2025-03-04T00:25:59.085276+00:00 DEBUG 'ansible_navigator.main' After rollback: help_builder = 'Not set' (Constants/Not set)
2025-03-04T00:25:59.085289+00:00 DEBUG 'ansible_navigator.main' After rollback: help_config = 'Not set' (Constants/Not set)
2025-03-04T00:25:59.085300+00:00 DEBUG 'ansible_navigator.main' After rollback: help_doc = 'Not set' (Constants/Not set)
2025-03-04T00:25:59.085313+00:00 DEBUG 'ansible_navigator.main' After rollback: help_inventory = 'Not set' (Constants/Not set)
2025-03-04T00:25:59.085325+00:00 DEBUG 'ansible_navigator.main' After rollback: help_playbook = 'Not set' (Constants/Not set)
2025-03-04T00:25:59.085337+00:00 DEBUG 'ansible_navigator.main' After rollback: images_details = 'Not set' (Constants/Not set)
2025-03-04T00:25:59.085349+00:00 DEBUG 'ansible_navigator.main' After rollback: inventory = 'Not set' (Constants/Not set)
2025-03-04T00:25:59.085360+00:00 DEBUG 'ansible_navigator.main' After rollback: inventory_column = 'Not set' (Constants/Not set)
2025-03-04T00:25:59.085372+00:00 DEBUG 'ansible_navigator.main' After rollback: lint_config = 'Not set' (Constants/Not set)
2025-03-04T00:25:59.085384+00:00 DEBUG 'ansible_navigator.main' After rollback: lintables = 'Not set' (Constants/Not set)
2025-03-04T00:25:59.085396+00:00 DEBUG 'ansible_navigator.main' After rollback: log_append = 'Not set' (Constants/Not set)
2025-03-04T00:25:59.085408+00:00 DEBUG 'ansible_navigator.main' After rollback: log_file = 'Not set' (Constants/Not set)
2025-03-04T00:25:59.085420+00:00 DEBUG 'ansible_navigator.main' After rollback: log_level = 'Not set' (Constants/Not set)
2025-03-04T00:25:59.085432+00:00 DEBUG 'ansible_navigator.main' After rollback: mode = 'Not set' (Constants/Not set)
2025-03-04T00:25:59.085444+00:00 DEBUG 'ansible_navigator.main' After rollback: osc4 = 'Not set' (Constants/Not set)
2025-03-04T00:25:59.085456+00:00 DEBUG 'ansible_navigator.main' After rollback: pass_environment_variable = 'Not set' (Constants/Not set)
2025-03-04T00:25:59.085468+00:00 DEBUG 'ansible_navigator.main' After rollback: playbook = 'Not set' (Constants/Not set)
2025-03-04T00:25:59.085480+00:00 DEBUG 'ansible_navigator.main' After rollback: playbook_artifact_enable = 'Not set' (Constants/Not set)
2025-03-04T00:25:59.085492+00:00 DEBUG 'ansible_navigator.main' After rollback: playbook_artifact_replay = 'Not set' (Constants/Not set)
2025-03-04T00:25:59.085504+00:00 DEBUG 'ansible_navigator.main' After rollback: playbook_artifact_save_as = 'Not set' (Constants/Not set)
2025-03-04T00:25:59.085516+00:00 DEBUG 'ansible_navigator.main' After rollback: plugin_name = 'Not set' (Constants/Not set)
2025-03-04T00:25:59.085529+00:00 DEBUG 'ansible_navigator.main' After rollback: plugin_type = 'Not set' (Constants/Not set)
2025-03-04T00:25:59.085542+00:00 DEBUG 'ansible_navigator.main' After rollback: pull_arguments = 'Not set' (Constants/Not set)
2025-03-04T00:25:59.085554+00:00 DEBUG 'ansible_navigator.main' After rollback: pull_policy = 'Not set' (Constants/Not set)
2025-03-04T00:25:59.085566+00:00 DEBUG 'ansible_navigator.main' After rollback: set_environment_variable = 'Not set' (Constants/Not set)
2025-03-04T00:25:59.085578+00:00 DEBUG 'ansible_navigator.main' After rollback: settings_effective = 'Not set' (Constants/Not set)
2025-03-04T00:25:59.085589+00:00 DEBUG 'ansible_navigator.main' After rollback: settings_sample = 'Not set' (Constants/Not set)
2025-03-04T00:25:59.085602+00:00 DEBUG 'ansible_navigator.main' After rollback: settings_schema = 'Not set' (Constants/Not set)
2025-03-04T00:25:59.085613+00:00 DEBUG 'ansible_navigator.main' After rollback: settings_sources = 'Not set' (Constants/Not set)
2025-03-04T00:25:59.085625+00:00 DEBUG 'ansible_navigator.main' After rollback: time_zone = 'Not set' (Constants/Not set)
2025-03-04T00:25:59.085637+00:00 DEBUG 'ansible_navigator.main' After rollback: workdir = 'Not set' (Constants/Not set)
2025-03-04T00:25:59.085649+00:00 DEBUG 'ansible_navigator.main' Configuration rollback complete.
2025-03-04T00:25:59.085661+00:00 DEBUG 'ansible_navigator.main' Collection doc cache not mounted
2025-03-04T00:25:59.085680+00:00 WARNING 'ansible_navigator.main' Issues were found while applying the settings.
2025-03-04T00:25:59.085695+00:00 INFO 'ansible_navigator.main' Command provided: 'images'
2025-03-04T00:25:59.085710+00:00 ERROR 'ansible_navigator.main' The following errors were found in the settings file (/home/master/ansible-review/ansible-navigator.yml):
2025-03-04T00:25:59.085725+00:00 ERROR 'ansible_navigator.main' In '': [{'ansible-navigator': {'execution-environment': {'image': 'registry.redhat.io/ansible-automation-platform-22/ee-supported-rhel8:latest', 'pull': {'policy': 'missing'}}, 'playbook-artifact': {'enable': False}}}] is not of type 'object'.
2025-03-04T00:25:59.085739+00:00 INFO 'ansible_navigator.main' Check the settings file and compare it to the current version.
2025-03-04T00:25:59.085753+00:00 INFO 'ansible_navigator.main' The current version can be found here: (https://ansible-navigator.readthedocs.io/en/latest/settings/#ansible-navigator-settings)
2025-03-04T00:25:59.085767+00:00 INFO 'ansible_navigator.main' The schema used for validation can be seen with 'ansible-navigator settings --schema'
2025-03-04T00:25:59.085781+00:00 INFO 'ansible_navigator.main' A sample settings file can be created with 'ansible-navigator settings --sample'
2025-03-04T00:25:59.085794+00:00 INFO 'ansible_navigator.main' Configuration failed, using default log file location. (/home/master/ansible-review/ansible-navigator.log) Log level set to debug
2025-03-04T00:25:59.085808+00:00 INFO 'ansible_navigator.main' Review the hints and log file to see what went wrong.
2025-03-04T00:26:42.079288+00:00 INFO 'ansible_navigator.setup_logger' New ansible-navigator instance, logging initialized
2025-03-04T00:26:42.079450+00:00 INFO 'ansible_navigator.setup_logger' New ansible-runner instance, logging initialized
2025-03-04T00:26:42.079477+00:00 DEBUG 'ansible_navigator.main' ansible-builder==1.1.0 /usr/lib/python3.9/site-packages
2025-03-04T00:26:42.079493+00:00 DEBUG 'ansible_navigator.main' ansible-core==2.14.17 /usr/lib/python3.9/site-packages
2025-03-04T00:26:42.079508+00:00 DEBUG 'ansible_navigator.main' ansible-navigator==2.1.0 /usr/lib/python3.9/site-packages
2025-03-04T00:26:42.079521+00:00 DEBUG 'ansible_navigator.main' ansible-runner==2.2.2 /usr/lib/python3.9/site-packages
2025-03-04T00:26:42.079535+00:00 DEBUG 'ansible_navigator.main' attrs==21.4.0 /usr/lib/python3.9/site-packages
2025-03-04T00:26:42.079550+00:00 DEBUG 'ansible_navigator.main' bindep==2.10.2 /usr/lib/python3.9/site-packages
2025-03-04T00:26:42.079563+00:00 DEBUG 'ansible_navigator.main' brlapi==0.8.2 /usr/lib64/python3.9/site-packages
2025-03-04T00:26:42.079579+00:00 DEBUG 'ansible_navigator.main' cffi==1.15.0 /usr/lib64/python3.9/site-packages
2025-03-04T00:26:42.079593+00:00 DEBUG 'ansible_navigator.main' chardet==4.0.0 /usr/lib/python3.9/site-packages
2025-03-04T00:26:42.079606+00:00 DEBUG 'ansible_navigator.main' cockpit==311.1 /usr/lib/python3.9/site-packages
2025-03-04T00:26:42.079618+00:00 DEBUG 'ansible_navigator.main' cryptography==36.0.1 /usr/lib64/python3.9/site-packages
2025-03-04T00:26:42.079631+00:00 DEBUG 'ansible_navigator.main' cupshelpers==1.0 /usr/lib/python3.9/site-packages
2025-03-04T00:26:42.079644+00:00 DEBUG 'ansible_navigator.main' dasbus==1.4 /usr/lib/python3.9/site-packages
2025-03-04T00:26:42.079656+00:00 DEBUG 'ansible_navigator.main' dbus-python==1.2.18 /usr/lib64/python3.9/site-packages
2025-03-04T00:26:42.079669+00:00 DEBUG 'ansible_navigator.main' decorator==4.4.2 /usr/lib/python3.9/site-packages
2025-03-04T00:26:42.079682+00:00 DEBUG 'ansible_navigator.main' distro==1.5.0 /usr/lib/python3.9/site-packages
2025-03-04T00:26:42.079695+00:00 DEBUG 'ansible_navigator.main' docutils==0.16 /usr/lib/python3.9/site-packages
2025-03-04T00:26:42.079707+00:00 DEBUG 'ansible_navigator.main' file-magic==0.4.0 /usr/lib/python3.9/site-packages
2025-03-04T00:26:42.079720+00:00 DEBUG 'ansible_navigator.main' gpg==1.15.1 /usr/lib64/python3.9/site-packages
2025-03-04T00:26:42.079733+00:00 DEBUG 'ansible_navigator.main' idna==2.10 /usr/lib/python3.9/site-packages
2025-03-04T00:26:42.079745+00:00 DEBUG 'ansible_navigator.main' importlib-metadata==4.10.1 /usr/lib/python3.9/site-packages
2025-03-04T00:26:42.079758+00:00 DEBUG 'ansible_navigator.main' iniparse==0.4 /usr/lib/python3.9/site-packages
2025-03-04T00:26:42.079770+00:00 DEBUG 'ansible_navigator.main' jinja2==3.0.3 /usr/lib/python3.9/site-packages
2025-03-04T00:26:42.079783+00:00 DEBUG 'ansible_navigator.main' jsonschema==4.6.0 /usr/lib/python3.9/site-packages
2025-03-04T00:26:42.079795+00:00 DEBUG 'ansible_navigator.main' libcomps==0.1.18 /usr/lib64/python3.9/site-packages
2025-03-04T00:26:42.079808+00:00 DEBUG 'ansible_navigator.main' lockfile==0.12.2 /usr/lib/python3.9/site-packages
2025-03-04T00:26:42.079820+00:00 DEBUG 'ansible_navigator.main' lxml==4.6.5 /usr/lib64/python3.9/site-packages
2025-03-04T00:26:42.079833+00:00 DEBUG 'ansible_navigator.main' markupsafe==2.1.0 /usr/lib64/python3.9/site-packages
2025-03-04T00:26:42.079846+00:00 DEBUG 'ansible_navigator.main' nftables==0.1 /usr/lib/python3.9/site-packages
2025-03-04T00:26:42.079858+00:00 DEBUG 'ansible_navigator.main' onigurumacffi==1.1.0 /usr/lib64/python3.9/site-packages
2025-03-04T00:26:42.079870+00:00 DEBUG 'ansible_navigator.main' packaging==21.3 /usr/lib/python3.9/site-packages
2025-03-04T00:26:42.079882+00:00 DEBUG 'ansible_navigator.main' parsley==1.3 /usr/lib/python3.9/site-packages
2025-03-04T00:26:42.079900+00:00 DEBUG 'ansible_navigator.main' pbr==5.8.1 /usr/lib/python3.9/site-packages
2025-03-04T00:26:42.079914+00:00 DEBUG 'ansible_navigator.main' perf==0.1 /usr/lib64/python3.9/site-packages
2025-03-04T00:26:42.079928+00:00 DEBUG 'ansible_navigator.main' pexpect==4.8.0 /usr/lib/python3.9/site-packages
2025-03-04T00:26:42.079941+00:00 DEBUG 'ansible_navigator.main' psutil==5.8.0 /usr/lib64/python3.9/site-packages
2025-03-04T00:26:42.079954+00:00 DEBUG 'ansible_navigator.main' ptyprocess==0.6.0 /usr/lib/python3.9/site-packages
2025-03-04T00:26:42.079967+00:00 DEBUG 'ansible_navigator.main' pycairo==1.20.1 /usr/lib64/python3.9/site-packages
2025-03-04T00:26:42.079981+00:00 DEBUG 'ansible_navigator.main' pycparser==2.21 /usr/lib/python3.9/site-packages
2025-03-04T00:26:42.079994+00:00 DEBUG 'ansible_navigator.main' pycups==2.0.1 /usr/lib64/python3.9/site-packages
2025-03-04T00:26:42.080007+00:00 DEBUG 'ansible_navigator.main' pycurl==7.43.0.6 /usr/lib64/python3.9/site-packages
2025-03-04T00:26:42.080020+00:00 DEBUG 'ansible_navigator.main' pygobject==3.40.1 /usr/lib64/python3.9/site-packages
2025-03-04T00:26:42.080035+00:00 DEBUG 'ansible_navigator.main' pyinotify==0.9.6 /usr/lib/python3.9/site-packages
2025-03-04T00:26:42.080051+00:00 DEBUG 'ansible_navigator.main' pyparsing==2.4.7 /usr/lib/python3.9/site-packages
2025-03-04T00:26:42.080063+00:00 DEBUG 'ansible_navigator.main' pyrsistent==0.17.3 /usr/lib64/python3.9/site-packages
2025-03-04T00:26:42.080076+00:00 DEBUG 'ansible_navigator.main' pysocks==1.7.1 /usr/lib/python3.9/site-packages
2025-03-04T00:26:42.080088+00:00 DEBUG 'ansible_navigator.main' python-daemon==2.3.0 /usr/lib/python3.9/site-packages
2025-03-04T00:26:42.080101+00:00 DEBUG 'ansible_navigator.main' python-dateutil==2.8.1 /usr/lib/python3.9/site-packages
2025-03-04T00:26:42.080113+00:00 DEBUG 'ansible_navigator.main' python-linux-procfs==0.7.3 /usr/lib/python3.9/site-packages
2025-03-04T00:26:42.080125+00:00 DEBUG 'ansible_navigator.main' pyudev==0.22.0 /usr/lib/python3.9/site-packages
2025-03-04T00:26:42.080137+00:00 DEBUG 'ansible_navigator.main' pyyaml==5.4.1 /usr/lib64/python3.9/site-packages
2025-03-04T00:26:42.080149+00:00 DEBUG 'ansible_navigator.main' requests==2.25.1 /usr/lib/python3.9/site-packages
2025-03-04T00:26:42.080161+00:00 DEBUG 'ansible_navigator.main' requirements-parser==0.2.0 /usr/lib/python3.9/site-packages
2025-03-04T00:26:42.080173+00:00 DEBUG 'ansible_navigator.main' resolvelib==0.5.4 /usr/lib/python3.9/site-packages
2025-03-04T00:26:42.080185+00:00 DEBUG 'ansible_navigator.main' rpm==4.16.1.3 /usr/lib64/python3.9/site-packages
2025-03-04T00:26:42.080197+00:00 DEBUG 'ansible_navigator.main' selinux==3.6 /usr/lib64/python3.9/site-packages
2025-03-04T00:26:42.080209+00:00 DEBUG 'ansible_navigator.main' sepolicy==3.6 /usr/lib/python3.9/site-packages
2025-03-04T00:26:42.080221+00:00 DEBUG 'ansible_navigator.main' setools==4.4.4 /usr/lib64/python3.9/site-packages
2025-03-04T00:26:42.080233+00:00 DEBUG 'ansible_navigator.main' setroubleshoot==3.3.32 /usr/lib/python3.9/site-packages
2025-03-04T00:26:42.080245+00:00 DEBUG 'ansible_navigator.main' setuptools==53.0.0 /usr/lib/python3.9/site-packages
2025-03-04T00:26:42.080257+00:00 DEBUG 'ansible_navigator.main' six==1.15.0 /usr/lib/python3.9/site-packages
2025-03-04T00:26:42.080269+00:00 DEBUG 'ansible_navigator.main' sos==4.6.1 /usr/lib/python3.9/site-packages
2025-03-04T00:26:42.080281+00:00 DEBUG 'ansible_navigator.main' subscription-manager==1.29.40 /usr/lib64/python3.9/site-packages
2025-03-04T00:26:42.080293+00:00 DEBUG 'ansible_navigator.main' systemd-python==234 /usr/lib64/python3.9/site-packages
2025-03-04T00:26:42.080305+00:00 DEBUG 'ansible_navigator.main' typing-extensions==3.10.0.2 /usr/lib/python3.9/site-packages
2025-03-04T00:26:42.080317+00:00 DEBUG 'ansible_navigator.main' urllib3==1.26.5 /usr/lib/python3.9/site-packages
2025-03-04T00:26:42.080329+00:00 DEBUG 'ansible_navigator.main' zipp==3.4.0 /usr/lib/python3.9/site-packages
2025-03-04T00:26:42.080341+00:00 DEBUG 'ansible_navigator.main' Share directory '/usr/lib/python3.9/share/ansible_navigator' not found (development path)
2025-03-04T00:26:42.080354+00:00 DEBUG 'ansible_navigator.main' Share directory '/home/master/.local/share/ansible_navigator' not found (userbase)
2025-03-04T00:26:42.080366+00:00 DEBUG 'ansible_navigator.main' Share directory '/usr/share/ansible_navigator' found (sys.prefix)
2025-03-04T00:26:42.080378+00:00 DEBUG 'ansible_navigator.main' Default collection_doc_cache_path set to: /home/master/.cache/ansible-navigator/collection_doc_cache.db
2025-03-04T00:26:42.080390+00:00 DEBUG 'ansible_navigator.main' EDITOR environment variable not set
2025-03-04T00:26:42.080403+00:00 DEBUG 'ansible_navigator.main' Default editor_command set to: vi +{line_number} {filename}
2025-03-04T00:26:42.080415+00:00 DEBUG 'ansible_navigator.main' No config file set by ANSIBLE_NAVIGATOR_CONFIG
2025-03-04T00:26:42.080427+00:00 DEBUG 'ansible_navigator.main' Looking in /home/master
2025-03-04T00:26:42.080439+00:00 DEBUG 'ansible_navigator.main' Looking for '/home/master/.ansible-navigator.yml', '/home/master/.ansible-navigator.yaml' and '/home/master/.ansible-navigator.json'
2025-03-04T00:26:42.080451+00:00 DEBUG 'ansible_navigator.main' Found 0: 
2025-03-04T00:26:42.080465+00:00 DEBUG 'ansible_navigator.main' Looking in /home/master/ansible-review
2025-03-04T00:26:42.080477+00:00 DEBUG 'ansible_navigator.main' Looking for '/home/master/ansible-review/ansible-navigator.yml', '/home/master/ansible-review/ansible-navigator.yaml' and '/home/master/ansible-review/ansible-navigator.json'
2025-03-04T00:26:42.080489+00:00 DEBUG 'ansible_navigator.main' Found 1: '/home/master/ansible-review/ansible-navigator.yml'
2025-03-04T00:26:42.080502+00:00 DEBUG 'ansible_navigator.main' All found 1: '/home/master/ansible-review/ansible-navigator.yml'
2025-03-04T00:26:42.080513+00:00 DEBUG 'ansible_navigator.main' Using: /home/master/ansible-review/ansible-navigator.yml
2025-03-04T00:26:42.080526+00:00 DEBUG 'ansible_navigator.main' Using settings file at /home/master/ansible-review/ansible-navigator.yml in search path
2025-03-04T00:26:42.080538+00:00 DEBUG 'ansible_navigator.main' Command provided: 'images'
2025-03-04T00:26:42.080552+00:00 WARNING 'ansible_navigator.main' Configuration errors encountered, rolling back to previous configuration.
2025-03-04T00:26:42.080566+00:00 DEBUG 'ansible_navigator.main' Prior to rollback: ansible_runner_artifact_dir = 'Not set' (Constants/Not set)
2025-03-04T00:26:42.080578+00:00 DEBUG 'ansible_navigator.main' Prior to rollback: ansible_runner_rotate_artifacts_count = 'Not set' (Constants/Not set)
2025-03-04T00:26:42.080590+00:00 DEBUG 'ansible_navigator.main' Prior to rollback: ansible_runner_timeout = 'Not set' (Constants/Not set)
2025-03-04T00:26:42.080603+00:00 DEBUG 'ansible_navigator.main' Prior to rollback: app = 'images' (str/Command line)
2025-03-04T00:26:42.080616+00:00 DEBUG 'ansible_navigator.main' Prior to rollback: cmdline = 'Not set' (Constants/Not set)
2025-03-04T00:26:42.080628+00:00 DEBUG 'ansible_navigator.main' Prior to rollback: collection_doc_cache_path = '/home/master/.cache/ansible-navigator/collection_doc_cache.db' (str/Defaults)
2025-03-04T00:26:42.080641+00:00 DEBUG 'ansible_navigator.main' Prior to rollback: config = 'Not set' (Constants/Not set)
2025-03-04T00:26:42.080653+00:00 DEBUG 'ansible_navigator.main' Prior to rollback: container_engine = 'auto' (str/Defaults)
2025-03-04T00:26:42.080665+00:00 DEBUG 'ansible_navigator.main' Prior to rollback: container_options = 'Not set' (Constants/Not set)
2025-03-04T00:26:42.080677+00:00 DEBUG 'ansible_navigator.main' Prior to rollback: display_color = 'True' (bool/Defaults)
2025-03-04T00:26:42.080689+00:00 DEBUG 'ansible_navigator.main' Prior to rollback: editor_command = 'vi +{line_number} {filename}' (str/Defaults)
2025-03-04T00:26:42.080701+00:00 DEBUG 'ansible_navigator.main' Prior to rollback: editor_console = 'True' (bool/Defaults)
2025-03-04T00:26:42.080714+00:00 DEBUG 'ansible_navigator.main' Prior to rollback: exec_command = '/bin/bash' (str/Defaults)
2025-03-04T00:26:42.080726+00:00 DEBUG 'ansible_navigator.main' Prior to rollback: exec_shell = 'True' (bool/Defaults)
2025-03-04T00:26:42.080738+00:00 DEBUG 'ansible_navigator.main' Prior to rollback: execution_environment = 'True' (bool/Defaults)
2025-03-04T00:26:42.080750+00:00 DEBUG 'ansible_navigator.main' Prior to rollback: execution_environment_image = 'registry.redhat.io/ansible-automation-platform-22/ee-supported-rhel8:latest' (str/Defaults)
2025-03-04T00:26:42.080763+00:00 DEBUG 'ansible_navigator.main' Prior to rollback: execution_environment_volume_mounts = 'Not set' (Constants/Not set)
2025-03-04T00:26:42.080775+00:00 DEBUG 'ansible_navigator.main' Prior to rollback: help_builder = 'False' (bool/Defaults)
2025-03-04T00:26:42.080787+00:00 DEBUG 'ansible_navigator.main' Prior to rollback: help_config = 'False' (bool/Defaults)
2025-03-04T00:26:42.080799+00:00 DEBUG 'ansible_navigator.main' Prior to rollback: help_doc = 'False' (bool/Defaults)
2025-03-04T00:26:42.080811+00:00 DEBUG 'ansible_navigator.main' Prior to rollback: help_inventory = 'False' (bool/Defaults)
2025-03-04T00:26:42.080823+00:00 DEBUG 'ansible_navigator.main' Prior to rollback: help_playbook = 'False' (bool/Defaults)
2025-03-04T00:26:42.080836+00:00 DEBUG 'ansible_navigator.main' Prior to rollback: images_details = '['everything']' (list/Defaults)
2025-03-04T00:26:42.080848+00:00 DEBUG 'ansible_navigator.main' Prior to rollback: inventory = 'Not set' (Constants/Not set)
2025-03-04T00:26:42.080861+00:00 DEBUG 'ansible_navigator.main' Prior to rollback: inventory_column = 'Not set' (Constants/Not set)
2025-03-04T00:26:42.080877+00:00 DEBUG 'ansible_navigator.main' Prior to rollback: lint_config = 'Not set' (Constants/Not set)
2025-03-04T00:26:42.080889+00:00 DEBUG 'ansible_navigator.main' Prior to rollback: lintables = 'Not set' (Constants/Not set)
2025-03-04T00:26:42.080903+00:00 DEBUG 'ansible_navigator.main' Prior to rollback: log_append = 'True' (bool/Defaults)
2025-03-04T00:26:42.080915+00:00 DEBUG 'ansible_navigator.main' Prior to rollback: log_file = '/home/master/ansible-review/ansible-navigator.log' (str/Defaults)
2025-03-04T00:26:42.080927+00:00 DEBUG 'ansible_navigator.main' Prior to rollback: log_level = 'warning' (str/Defaults)
2025-03-04T00:26:42.080940+00:00 DEBUG 'ansible_navigator.main' Prior to rollback: mode = 'interactive' (str/Defaults)
2025-03-04T00:26:42.080952+00:00 DEBUG 'ansible_navigator.main' Prior to rollback: osc4 = 'True' (bool/Defaults)
2025-03-04T00:26:42.080964+00:00 DEBUG 'ansible_navigator.main' Prior to rollback: pass_environment_variable = 'Not set' (Constants/Not set)
2025-03-04T00:26:42.080976+00:00 DEBUG 'ansible_navigator.main' Prior to rollback: playbook = 'Not set' (Constants/Not set)
2025-03-04T00:26:42.080989+00:00 DEBUG 'ansible_navigator.main' Prior to rollback: playbook_artifact_enable = 'True' (bool/Defaults)
2025-03-04T00:26:42.081001+00:00 DEBUG 'ansible_navigator.main' Prior to rollback: playbook_artifact_replay = 'Not set' (Constants/Not set)
2025-03-04T00:26:42.081013+00:00 DEBUG 'ansible_navigator.main' Prior to rollback: playbook_artifact_save_as = '{playbook_dir}/{playbook_name}-artifact-{time_stamp}.json' (str/Defaults)
2025-03-04T00:26:42.081026+00:00 DEBUG 'ansible_navigator.main' Prior to rollback: plugin_name = 'Not set' (Constants/Not set)
2025-03-04T00:26:42.081039+00:00 DEBUG 'ansible_navigator.main' Prior to rollback: plugin_type = 'module' (str/Defaults)
2025-03-04T00:26:42.081051+00:00 DEBUG 'ansible_navigator.main' Prior to rollback: pull_arguments = 'Not set' (Constants/Not set)
2025-03-04T00:26:42.081062+00:00 DEBUG 'ansible_navigator.main' Prior to rollback: pull_policy = 'tag' (str/Defaults)
2025-03-04T00:26:42.081074+00:00 DEBUG 'ansible_navigator.main' Prior to rollback: set_environment_variable = 'Not set' (Constants/Not set)
2025-03-04T00:26:42.081086+00:00 DEBUG 'ansible_navigator.main' Prior to rollback: settings_effective = 'False' (bool/Defaults)
2025-03-04T00:26:42.081098+00:00 DEBUG 'ansible_navigator.main' Prior to rollback: settings_sample = 'False' (bool/Defaults)
2025-03-04T00:26:42.081110+00:00 DEBUG 'ansible_navigator.main' Prior to rollback: settings_schema = 'json' (str/Defaults)
2025-03-04T00:26:42.081121+00:00 DEBUG 'ansible_navigator.main' Prior to rollback: settings_sources = 'False' (bool/Defaults)
2025-03-04T00:26:42.081133+00:00 DEBUG 'ansible_navigator.main' Prior to rollback: time_zone = 'UTC' (str/Defaults)
2025-03-04T00:26:42.081144+00:00 DEBUG 'ansible_navigator.main' Prior to rollback: workdir = '/home/master/ansible-review' (str/Defaults)
2025-03-04T00:26:42.081156+00:00 DEBUG 'ansible_navigator.main' After rollback: ansible_runner_artifact_dir = 'Not set' (Constants/Not set)
2025-03-04T00:26:42.081168+00:00 DEBUG 'ansible_navigator.main' After rollback: ansible_runner_rotate_artifacts_count = 'Not set' (Constants/Not set)
2025-03-04T00:26:42.081179+00:00 DEBUG 'ansible_navigator.main' After rollback: ansible_runner_timeout = 'Not set' (Constants/Not set)
2025-03-04T00:26:42.081191+00:00 DEBUG 'ansible_navigator.main' After rollback: app = 'Not set' (Constants/Not set)
2025-03-04T00:26:42.081203+00:00 DEBUG 'ansible_navigator.main' After rollback: cmdline = 'Not set' (Constants/Not set)
2025-03-04T00:26:42.081214+00:00 DEBUG 'ansible_navigator.main' After rollback: collection_doc_cache_path = 'Not set' (Constants/Not set)
2025-03-04T00:26:42.081227+00:00 DEBUG 'ansible_navigator.main' After rollback: config = 'Not set' (Constants/Not set)
2025-03-04T00:26:42.081239+00:00 DEBUG 'ansible_navigator.main' After rollback: container_engine = 'Not set' (Constants/Not set)
2025-03-04T00:26:42.081251+00:00 DEBUG 'ansible_navigator.main' After rollback: container_options = 'Not set' (Constants/Not set)
2025-03-04T00:26:42.081263+00:00 DEBUG 'ansible_navigator.main' After rollback: display_color = 'Not set' (Constants/Not set)
2025-03-04T00:26:42.081275+00:00 DEBUG 'ansible_navigator.main' After rollback: editor_command = 'Not set' (Constants/Not set)
2025-03-04T00:26:42.081286+00:00 DEBUG 'ansible_navigator.main' After rollback: editor_console = 'Not set' (Constants/Not set)
2025-03-04T00:26:42.081298+00:00 DEBUG 'ansible_navigator.main' After rollback: exec_command = 'Not set' (Constants/Not set)
2025-03-04T00:26:42.081310+00:00 DEBUG 'ansible_navigator.main' After rollback: exec_shell = 'Not set' (Constants/Not set)
2025-03-04T00:26:42.081321+00:00 DEBUG 'ansible_navigator.main' After rollback: execution_environment = 'Not set' (Constants/Not set)
2025-03-04T00:26:42.081333+00:00 DEBUG 'ansible_navigator.main' After rollback: execution_environment_image = 'Not set' (Constants/Not set)
2025-03-04T00:26:42.081344+00:00 DEBUG 'ansible_navigator.main' After rollback: execution_environment_volume_mounts = 'Not set' (Constants/Not set)
2025-03-04T00:26:42.081356+00:00 DEBUG 'ansible_navigator.main' After rollback: help_builder = 'Not set' (Constants/Not set)
2025-03-04T00:26:42.081367+00:00 DEBUG 'ansible_navigator.main' After rollback: help_config = 'Not set' (Constants/Not set)
2025-03-04T00:26:42.081379+00:00 DEBUG 'ansible_navigator.main' After rollback: help_doc = 'Not set' (Constants/Not set)
2025-03-04T00:26:42.081391+00:00 DEBUG 'ansible_navigator.main' After rollback: help_inventory = 'Not set' (Constants/Not set)
2025-03-04T00:26:42.081402+00:00 DEBUG 'ansible_navigator.main' After rollback: help_playbook = 'Not set' (Constants/Not set)
2025-03-04T00:26:42.081414+00:00 DEBUG 'ansible_navigator.main' After rollback: images_details = 'Not set' (Constants/Not set)
2025-03-04T00:26:42.081426+00:00 DEBUG 'ansible_navigator.main' After rollback: inventory = 'Not set' (Constants/Not set)
2025-03-04T00:26:42.081437+00:00 DEBUG 'ansible_navigator.main' After rollback: inventory_column = 'Not set' (Constants/Not set)
2025-03-04T00:26:42.081449+00:00 DEBUG 'ansible_navigator.main' After rollback: lint_config = 'Not set' (Constants/Not set)
2025-03-04T00:26:42.081460+00:00 DEBUG 'ansible_navigator.main' After rollback: lintables = 'Not set' (Constants/Not set)
2025-03-04T00:26:42.081472+00:00 DEBUG 'ansible_navigator.main' After rollback: log_append = 'Not set' (Constants/Not set)
2025-03-04T00:26:42.081484+00:00 DEBUG 'ansible_navigator.main' After rollback: log_file = 'Not set' (Constants/Not set)
2025-03-04T00:26:42.081495+00:00 DEBUG 'ansible_navigator.main' After rollback: log_level = 'Not set' (Constants/Not set)
2025-03-04T00:26:42.081507+00:00 DEBUG 'ansible_navigator.main' After rollback: mode = 'Not set' (Constants/Not set)
2025-03-04T00:26:42.081518+00:00 DEBUG 'ansible_navigator.main' After rollback: osc4 = 'Not set' (Constants/Not set)
2025-03-04T00:26:42.081530+00:00 DEBUG 'ansible_navigator.main' After rollback: pass_environment_variable = 'Not set' (Constants/Not set)
2025-03-04T00:26:42.081542+00:00 DEBUG 'ansible_navigator.main' After rollback: playbook = 'Not set' (Constants/Not set)
2025-03-04T00:26:42.081553+00:00 DEBUG 'ansible_navigator.main' After rollback: playbook_artifact_enable = 'Not set' (Constants/Not set)
2025-03-04T00:26:42.081565+00:00 DEBUG 'ansible_navigator.main' After rollback: playbook_artifact_replay = 'Not set' (Constants/Not set)
2025-03-04T00:26:42.081576+00:00 DEBUG 'ansible_navigator.main' After rollback: playbook_artifact_save_as = 'Not set' (Constants/Not set)
2025-03-04T00:26:42.081588+00:00 DEBUG 'ansible_navigator.main' After rollback: plugin_name = 'Not set' (Constants/Not set)
2025-03-04T00:26:42.081601+00:00 DEBUG 'ansible_navigator.main' After rollback: plugin_type = 'Not set' (Constants/Not set)
2025-03-04T00:26:42.081613+00:00 DEBUG 'ansible_navigator.main' After rollback: pull_arguments = 'Not set' (Constants/Not set)
2025-03-04T00:26:42.081625+00:00 DEBUG 'ansible_navigator.main' After rollback: pull_policy = 'Not set' (Constants/Not set)
2025-03-04T00:26:42.081636+00:00 DEBUG 'ansible_navigator.main' After rollback: set_environment_variable = 'Not set' (Constants/Not set)
2025-03-04T00:26:42.081648+00:00 DEBUG 'ansible_navigator.main' After rollback: settings_effective = 'Not set' (Constants/Not set)
2025-03-04T00:26:42.081659+00:00 DEBUG 'ansible_navigator.main' After rollback: settings_sample = 'Not set' (Constants/Not set)
2025-03-04T00:26:42.081671+00:00 DEBUG 'ansible_navigator.main' After rollback: settings_schema = 'Not set' (Constants/Not set)
2025-03-04T00:26:42.081682+00:00 DEBUG 'ansible_navigator.main' After rollback: settings_sources = 'Not set' (Constants/Not set)
2025-03-04T00:26:42.081694+00:00 DEBUG 'ansible_navigator.main' After rollback: time_zone = 'Not set' (Constants/Not set)
2025-03-04T00:26:42.081706+00:00 DEBUG 'ansible_navigator.main' After rollback: workdir = 'Not set' (Constants/Not set)
2025-03-04T00:26:42.081717+00:00 DEBUG 'ansible_navigator.main' Configuration rollback complete.
2025-03-04T00:26:42.081728+00:00 DEBUG 'ansible_navigator.main' Collection doc cache not mounted
2025-03-04T00:26:42.081746+00:00 WARNING 'ansible_navigator.main' Issues were found while applying the settings.
2025-03-04T00:26:42.081761+00:00 INFO 'ansible_navigator.main' Command provided: 'images'
2025-03-04T00:26:42.081777+00:00 ERROR 'ansible_navigator.main' The following errors were found in the settings file (/home/master/ansible-review/ansible-navigator.yml):
2025-03-04T00:26:42.081792+00:00 ERROR 'ansible_navigator.main' In '': [{'ansible-navigator': {'execution-environment': {'image': 'registry.redhat.io/ansible-automation-platform-22/ee-supported-rhel8:latest', 'pull': {'policy': 'missing'}}, 'playbook-artifact': {'enable': False}}}] is not of type 'object'.
2025-03-04T00:26:42.081807+00:00 INFO 'ansible_navigator.main' Check the settings file and compare it to the current version.
2025-03-04T00:26:42.081821+00:00 INFO 'ansible_navigator.main' The current version can be found here: (https://ansible-navigator.readthedocs.io/en/latest/settings/#ansible-navigator-settings)
2025-03-04T00:26:42.081837+00:00 INFO 'ansible_navigator.main' The schema used for validation can be seen with 'ansible-navigator settings --schema'
2025-03-04T00:26:42.081853+00:00 INFO 'ansible_navigator.main' A sample settings file can be created with 'ansible-navigator settings --sample'
2025-03-04T00:26:42.081869+00:00 INFO 'ansible_navigator.main' Configuration failed, using default log file location. (/home/master/ansible-review/ansible-navigator.log) Log level set to debug
2025-03-04T00:26:42.081883+00:00 INFO 'ansible_navigator.main' Review the hints and log file to see what went wrong.
2025-03-04T00:36:12.107336+00:00 INFO 'ansible_navigator.setup_logger' New ansible-navigator instance, logging initialized
2025-03-04T00:36:12.107527+00:00 INFO 'ansible_navigator.setup_logger' New ansible-runner instance, logging initialized
2025-03-04T00:36:12.107551+00:00 DEBUG 'ansible_navigator.main' ansible-builder==1.1.0 /usr/lib/python3.9/site-packages
2025-03-04T00:36:12.107567+00:00 DEBUG 'ansible_navigator.main' ansible-core==2.14.17 /usr/lib/python3.9/site-packages
2025-03-04T00:36:12.107581+00:00 DEBUG 'ansible_navigator.main' ansible-navigator==2.1.0 /usr/lib/python3.9/site-packages
2025-03-04T00:36:12.107594+00:00 DEBUG 'ansible_navigator.main' ansible-runner==2.2.2 /usr/lib/python3.9/site-packages
2025-03-04T00:36:12.107606+00:00 DEBUG 'ansible_navigator.main' attrs==21.4.0 /usr/lib/python3.9/site-packages
2025-03-04T00:36:12.107619+00:00 DEBUG 'ansible_navigator.main' bindep==2.10.2 /usr/lib/python3.9/site-packages
2025-03-04T00:36:12.107638+00:00 DEBUG 'ansible_navigator.main' brlapi==0.8.2 /usr/lib64/python3.9/site-packages
2025-03-04T00:36:12.107650+00:00 DEBUG 'ansible_navigator.main' cffi==1.15.0 /usr/lib64/python3.9/site-packages
2025-03-04T00:36:12.107663+00:00 DEBUG 'ansible_navigator.main' chardet==4.0.0 /usr/lib/python3.9/site-packages
2025-03-04T00:36:12.107675+00:00 DEBUG 'ansible_navigator.main' cockpit==311.1 /usr/lib/python3.9/site-packages
2025-03-04T00:36:12.107686+00:00 DEBUG 'ansible_navigator.main' cryptography==36.0.1 /usr/lib64/python3.9/site-packages
2025-03-04T00:36:12.107699+00:00 DEBUG 'ansible_navigator.main' cupshelpers==1.0 /usr/lib/python3.9/site-packages
2025-03-04T00:36:12.107710+00:00 DEBUG 'ansible_navigator.main' dasbus==1.4 /usr/lib/python3.9/site-packages
2025-03-04T00:36:12.107722+00:00 DEBUG 'ansible_navigator.main' dbus-python==1.2.18 /usr/lib64/python3.9/site-packages
2025-03-04T00:36:12.107733+00:00 DEBUG 'ansible_navigator.main' decorator==4.4.2 /usr/lib/python3.9/site-packages
2025-03-04T00:36:12.107745+00:00 DEBUG 'ansible_navigator.main' distro==1.5.0 /usr/lib/python3.9/site-packages
2025-03-04T00:36:12.107757+00:00 DEBUG 'ansible_navigator.main' docutils==0.16 /usr/lib/python3.9/site-packages
2025-03-04T00:36:12.107768+00:00 DEBUG 'ansible_navigator.main' file-magic==0.4.0 /usr/lib/python3.9/site-packages
2025-03-04T00:36:12.107780+00:00 DEBUG 'ansible_navigator.main' gpg==1.15.1 /usr/lib64/python3.9/site-packages
2025-03-04T00:36:12.107791+00:00 DEBUG 'ansible_navigator.main' idna==2.10 /usr/lib/python3.9/site-packages
2025-03-04T00:36:12.107803+00:00 DEBUG 'ansible_navigator.main' importlib-metadata==4.10.1 /usr/lib/python3.9/site-packages
2025-03-04T00:36:12.107815+00:00 DEBUG 'ansible_navigator.main' iniparse==0.4 /usr/lib/python3.9/site-packages
2025-03-04T00:36:12.107826+00:00 DEBUG 'ansible_navigator.main' jinja2==3.0.3 /usr/lib/python3.9/site-packages
2025-03-04T00:36:12.107838+00:00 DEBUG 'ansible_navigator.main' jsonschema==4.6.0 /usr/lib/python3.9/site-packages
2025-03-04T00:36:12.107850+00:00 DEBUG 'ansible_navigator.main' libcomps==0.1.18 /usr/lib64/python3.9/site-packages
2025-03-04T00:36:12.107862+00:00 DEBUG 'ansible_navigator.main' lockfile==0.12.2 /usr/lib/python3.9/site-packages
2025-03-04T00:36:12.107873+00:00 DEBUG 'ansible_navigator.main' lxml==4.6.5 /usr/lib64/python3.9/site-packages
2025-03-04T00:36:12.107885+00:00 DEBUG 'ansible_navigator.main' markupsafe==2.1.0 /usr/lib64/python3.9/site-packages
2025-03-04T00:36:12.107896+00:00 DEBUG 'ansible_navigator.main' nftables==0.1 /usr/lib/python3.9/site-packages
2025-03-04T00:36:12.107908+00:00 DEBUG 'ansible_navigator.main' onigurumacffi==1.1.0 /usr/lib64/python3.9/site-packages
2025-03-04T00:36:12.107919+00:00 DEBUG 'ansible_navigator.main' packaging==21.3 /usr/lib/python3.9/site-packages
2025-03-04T00:36:12.107931+00:00 DEBUG 'ansible_navigator.main' parsley==1.3 /usr/lib/python3.9/site-packages
2025-03-04T00:36:12.107942+00:00 DEBUG 'ansible_navigator.main' pbr==5.8.1 /usr/lib/python3.9/site-packages
2025-03-04T00:36:12.107953+00:00 DEBUG 'ansible_navigator.main' perf==0.1 /usr/lib64/python3.9/site-packages
2025-03-04T00:36:12.107965+00:00 DEBUG 'ansible_navigator.main' pexpect==4.8.0 /usr/lib/python3.9/site-packages
2025-03-04T00:36:12.107976+00:00 DEBUG 'ansible_navigator.main' psutil==5.8.0 /usr/lib64/python3.9/site-packages
2025-03-04T00:36:12.107987+00:00 DEBUG 'ansible_navigator.main' ptyprocess==0.6.0 /usr/lib/python3.9/site-packages
2025-03-04T00:36:12.107998+00:00 DEBUG 'ansible_navigator.main' pycairo==1.20.1 /usr/lib64/python3.9/site-packages
2025-03-04T00:36:12.108009+00:00 DEBUG 'ansible_navigator.main' pycparser==2.21 /usr/lib/python3.9/site-packages
2025-03-04T00:36:12.108020+00:00 DEBUG 'ansible_navigator.main' pycups==2.0.1 /usr/lib64/python3.9/site-packages
2025-03-04T00:36:12.108031+00:00 DEBUG 'ansible_navigator.main' pycurl==7.43.0.6 /usr/lib64/python3.9/site-packages
2025-03-04T00:36:12.108042+00:00 DEBUG 'ansible_navigator.main' pygobject==3.40.1 /usr/lib64/python3.9/site-packages
2025-03-04T00:36:12.108055+00:00 DEBUG 'ansible_navigator.main' pyinotify==0.9.6 /usr/lib/python3.9/site-packages
2025-03-04T00:36:12.108066+00:00 DEBUG 'ansible_navigator.main' pyparsing==2.4.7 /usr/lib/python3.9/site-packages
2025-03-04T00:36:12.108077+00:00 DEBUG 'ansible_navigator.main' pyrsistent==0.17.3 /usr/lib64/python3.9/site-packages
2025-03-04T00:36:12.108088+00:00 DEBUG 'ansible_navigator.main' pysocks==1.7.1 /usr/lib/python3.9/site-packages
2025-03-04T00:36:12.108100+00:00 DEBUG 'ansible_navigator.main' python-daemon==2.3.0 /usr/lib/python3.9/site-packages
2025-03-04T00:36:12.108111+00:00 DEBUG 'ansible_navigator.main' python-dateutil==2.8.1 /usr/lib/python3.9/site-packages
2025-03-04T00:36:12.108122+00:00 DEBUG 'ansible_navigator.main' python-linux-procfs==0.7.3 /usr/lib/python3.9/site-packages
2025-03-04T00:36:12.108133+00:00 DEBUG 'ansible_navigator.main' pyudev==0.22.0 /usr/lib/python3.9/site-packages
2025-03-04T00:36:12.108145+00:00 DEBUG 'ansible_navigator.main' pyyaml==5.4.1 /usr/lib64/python3.9/site-packages
2025-03-04T00:36:12.108156+00:00 DEBUG 'ansible_navigator.main' requests==2.25.1 /usr/lib/python3.9/site-packages
2025-03-04T00:36:12.108167+00:00 DEBUG 'ansible_navigator.main' requirements-parser==0.2.0 /usr/lib/python3.9/site-packages
2025-03-04T00:36:12.108178+00:00 DEBUG 'ansible_navigator.main' resolvelib==0.5.4 /usr/lib/python3.9/site-packages
2025-03-04T00:36:12.108189+00:00 DEBUG 'ansible_navigator.main' rpm==4.16.1.3 /usr/lib64/python3.9/site-packages
2025-03-04T00:36:12.108200+00:00 DEBUG 'ansible_navigator.main' selinux==3.6 /usr/lib64/python3.9/site-packages
2025-03-04T00:36:12.108211+00:00 DEBUG 'ansible_navigator.main' sepolicy==3.6 /usr/lib/python3.9/site-packages
2025-03-04T00:36:12.108222+00:00 DEBUG 'ansible_navigator.main' setools==4.4.4 /usr/lib64/python3.9/site-packages
2025-03-04T00:36:12.108233+00:00 DEBUG 'ansible_navigator.main' setroubleshoot==3.3.32 /usr/lib/python3.9/site-packages
2025-03-04T00:36:12.108244+00:00 DEBUG 'ansible_navigator.main' setuptools==53.0.0 /usr/lib/python3.9/site-packages
2025-03-04T00:36:12.108255+00:00 DEBUG 'ansible_navigator.main' six==1.15.0 /usr/lib/python3.9/site-packages
2025-03-04T00:36:12.108266+00:00 DEBUG 'ansible_navigator.main' sos==4.6.1 /usr/lib/python3.9/site-packages
2025-03-04T00:36:12.108277+00:00 DEBUG 'ansible_navigator.main' subscription-manager==1.29.40 /usr/lib64/python3.9/site-packages
2025-03-04T00:36:12.108288+00:00 DEBUG 'ansible_navigator.main' systemd-python==234 /usr/lib64/python3.9/site-packages
2025-03-04T00:36:12.108299+00:00 DEBUG 'ansible_navigator.main' typing-extensions==3.10.0.2 /usr/lib/python3.9/site-packages
2025-03-04T00:36:12.108310+00:00 DEBUG 'ansible_navigator.main' urllib3==1.26.5 /usr/lib/python3.9/site-packages
2025-03-04T00:36:12.108321+00:00 DEBUG 'ansible_navigator.main' zipp==3.4.0 /usr/lib/python3.9/site-packages
2025-03-04T00:36:12.108332+00:00 DEBUG 'ansible_navigator.main' Share directory '/usr/lib/python3.9/share/ansible_navigator' not found (development path)
2025-03-04T00:36:12.108344+00:00 DEBUG 'ansible_navigator.main' Share directory '/home/master/.local/share/ansible_navigator' not found (userbase)
2025-03-04T00:36:12.108357+00:00 DEBUG 'ansible_navigator.main' Share directory '/usr/share/ansible_navigator' found (sys.prefix)
2025-03-04T00:36:12.108369+00:00 DEBUG 'ansible_navigator.main' Default collection_doc_cache_path set to: /home/master/.cache/ansible-navigator/collection_doc_cache.db
2025-03-04T00:36:12.108382+00:00 DEBUG 'ansible_navigator.main' EDITOR environment variable not set
2025-03-04T00:36:12.108394+00:00 DEBUG 'ansible_navigator.main' Default editor_command set to: vi +{line_number} {filename}
2025-03-04T00:36:12.108405+00:00 DEBUG 'ansible_navigator.main' No config file set by ANSIBLE_NAVIGATOR_CONFIG
2025-03-04T00:36:12.108416+00:00 DEBUG 'ansible_navigator.main' Looking in /home/master
2025-03-04T00:36:12.108428+00:00 DEBUG 'ansible_navigator.main' Looking for '/home/master/.ansible-navigator.yml', '/home/master/.ansible-navigator.yaml' and '/home/master/.ansible-navigator.json'
2025-03-04T00:36:12.108440+00:00 DEBUG 'ansible_navigator.main' Found 0: 
2025-03-04T00:36:12.108451+00:00 DEBUG 'ansible_navigator.main' Looking in /home/master/ansible-review
2025-03-04T00:36:12.108462+00:00 DEBUG 'ansible_navigator.main' Looking for '/home/master/ansible-review/ansible-navigator.yml', '/home/master/ansible-review/ansible-navigator.yaml' and '/home/master/ansible-review/ansible-navigator.json'
2025-03-04T00:36:12.108474+00:00 DEBUG 'ansible_navigator.main' Found 1: '/home/master/ansible-review/ansible-navigator.yml'
2025-03-04T00:36:12.108485+00:00 DEBUG 'ansible_navigator.main' All found 1: '/home/master/ansible-review/ansible-navigator.yml'
2025-03-04T00:36:12.108496+00:00 DEBUG 'ansible_navigator.main' Using: /home/master/ansible-review/ansible-navigator.yml
2025-03-04T00:36:12.108507+00:00 DEBUG 'ansible_navigator.main' Using settings file at /home/master/ansible-review/ansible-navigator.yml in search path
2025-03-04T00:36:12.108518+00:00 DEBUG 'ansible_navigator.main' Command provided: 'images'
2025-03-04T00:36:12.108531+00:00 WARNING 'ansible_navigator.main' Configuration errors encountered, rolling back to previous configuration.
2025-03-04T00:36:12.108543+00:00 DEBUG 'ansible_navigator.main' Prior to rollback: ansible_runner_artifact_dir = 'Not set' (Constants/Not set)
2025-03-04T00:36:12.108555+00:00 DEBUG 'ansible_navigator.main' Prior to rollback: ansible_runner_rotate_artifacts_count = 'Not set' (Constants/Not set)
2025-03-04T00:36:12.108566+00:00 DEBUG 'ansible_navigator.main' Prior to rollback: ansible_runner_timeout = 'Not set' (Constants/Not set)
2025-03-04T00:36:12.108577+00:00 DEBUG 'ansible_navigator.main' Prior to rollback: app = 'images' (str/Command line)
2025-03-04T00:36:12.108588+00:00 DEBUG 'ansible_navigator.main' Prior to rollback: cmdline = 'Not set' (Constants/Not set)
2025-03-04T00:36:12.108599+00:00 DEBUG 'ansible_navigator.main' Prior to rollback: collection_doc_cache_path = '/home/master/.cache/ansible-navigator/collection_doc_cache.db' (str/Defaults)
2025-03-04T00:36:12.108611+00:00 DEBUG 'ansible_navigator.main' Prior to rollback: config = 'Not set' (Constants/Not set)
2025-03-04T00:36:12.108622+00:00 DEBUG 'ansible_navigator.main' Prior to rollback: container_engine = 'auto' (str/Defaults)
2025-03-04T00:36:12.108633+00:00 DEBUG 'ansible_navigator.main' Prior to rollback: container_options = 'Not set' (Constants/Not set)
2025-03-04T00:36:12.108644+00:00 DEBUG 'ansible_navigator.main' Prior to rollback: display_color = 'True' (bool/Defaults)
2025-03-04T00:36:12.108655+00:00 DEBUG 'ansible_navigator.main' Prior to rollback: editor_command = 'vi +{line_number} {filename}' (str/Defaults)
2025-03-04T00:36:12.108666+00:00 DEBUG 'ansible_navigator.main' Prior to rollback: editor_console = 'True' (bool/Defaults)
2025-03-04T00:36:12.108677+00:00 DEBUG 'ansible_navigator.main' Prior to rollback: exec_command = '/bin/bash' (str/Defaults)
2025-03-04T00:36:12.108689+00:00 DEBUG 'ansible_navigator.main' Prior to rollback: exec_shell = 'True' (bool/Defaults)
2025-03-04T00:36:12.108700+00:00 DEBUG 'ansible_navigator.main' Prior to rollback: execution_environment = 'True' (bool/Defaults)
2025-03-04T00:36:12.108711+00:00 DEBUG 'ansible_navigator.main' Prior to rollback: execution_environment_image = 'registry.redhat.io/ansible-automation-platform-22/ee-supported-rhel8:latest' (str/Defaults)
2025-03-04T00:36:12.108722+00:00 DEBUG 'ansible_navigator.main' Prior to rollback: execution_environment_volume_mounts = 'Not set' (Constants/Not set)
2025-03-04T00:36:12.108733+00:00 DEBUG 'ansible_navigator.main' Prior to rollback: help_builder = 'False' (bool/Defaults)
2025-03-04T00:36:12.108744+00:00 DEBUG 'ansible_navigator.main' Prior to rollback: help_config = 'False' (bool/Defaults)
2025-03-04T00:36:12.108755+00:00 DEBUG 'ansible_navigator.main' Prior to rollback: help_doc = 'False' (bool/Defaults)
2025-03-04T00:36:12.108766+00:00 DEBUG 'ansible_navigator.main' Prior to rollback: help_inventory = 'False' (bool/Defaults)
2025-03-04T00:36:12.108777+00:00 DEBUG 'ansible_navigator.main' Prior to rollback: help_playbook = 'False' (bool/Defaults)
2025-03-04T00:36:12.108790+00:00 DEBUG 'ansible_navigator.main' Prior to rollback: images_details = '['everything']' (list/Defaults)
2025-03-04T00:36:12.108801+00:00 DEBUG 'ansible_navigator.main' Prior to rollback: inventory = 'Not set' (Constants/Not set)
2025-03-04T00:36:12.108812+00:00 DEBUG 'ansible_navigator.main' Prior to rollback: inventory_column = 'Not set' (Constants/Not set)
2025-03-04T00:36:12.108824+00:00 DEBUG 'ansible_navigator.main' Prior to rollback: lint_config = 'Not set' (Constants/Not set)
2025-03-04T00:36:12.108835+00:00 DEBUG 'ansible_navigator.main' Prior to rollback: lintables = 'Not set' (Constants/Not set)
2025-03-04T00:36:12.108845+00:00 DEBUG 'ansible_navigator.main' Prior to rollback: log_append = 'True' (bool/Defaults)
2025-03-04T00:36:12.108857+00:00 DEBUG 'ansible_navigator.main' Prior to rollback: log_file = '/home/master/ansible-review/ansible-navigator.log' (str/Defaults)
2025-03-04T00:36:12.108868+00:00 DEBUG 'ansible_navigator.main' Prior to rollback: log_level = 'warning' (str/Defaults)
2025-03-04T00:36:12.108879+00:00 DEBUG 'ansible_navigator.main' Prior to rollback: mode = 'interactive' (str/Defaults)
2025-03-04T00:36:12.108890+00:00 DEBUG 'ansible_navigator.main' Prior to rollback: osc4 = 'True' (bool/Defaults)
2025-03-04T00:36:12.108901+00:00 DEBUG 'ansible_navigator.main' Prior to rollback: pass_environment_variable = 'Not set' (Constants/Not set)
2025-03-04T00:36:12.108912+00:00 DEBUG 'ansible_navigator.main' Prior to rollback: playbook = 'Not set' (Constants/Not set)
2025-03-04T00:36:12.108923+00:00 DEBUG 'ansible_navigator.main' Prior to rollback: playbook_artifact_enable = 'True' (bool/Defaults)
2025-03-04T00:36:12.108934+00:00 DEBUG 'ansible_navigator.main' Prior to rollback: playbook_artifact_replay = 'Not set' (Constants/Not set)
2025-03-04T00:36:12.108945+00:00 DEBUG 'ansible_navigator.main' Prior to rollback: playbook_artifact_save_as = '{playbook_dir}/{playbook_name}-artifact-{time_stamp}.json' (str/Defaults)
2025-03-04T00:36:12.108956+00:00 DEBUG 'ansible_navigator.main' Prior to rollback: plugin_name = 'Not set' (Constants/Not set)
2025-03-04T00:36:12.108967+00:00 DEBUG 'ansible_navigator.main' Prior to rollback: plugin_type = 'module' (str/Defaults)
2025-03-04T00:36:12.108978+00:00 DEBUG 'ansible_navigator.main' Prior to rollback: pull_arguments = 'Not set' (Constants/Not set)
2025-03-04T00:36:12.108989+00:00 DEBUG 'ansible_navigator.main' Prior to rollback: pull_policy = 'tag' (str/Defaults)
2025-03-04T00:36:12.109000+00:00 DEBUG 'ansible_navigator.main' Prior to rollback: set_environment_variable = 'Not set' (Constants/Not set)
2025-03-04T00:36:12.109011+00:00 DEBUG 'ansible_navigator.main' Prior to rollback: settings_effective = 'False' (bool/Defaults)
2025-03-04T00:36:12.109022+00:00 DEBUG 'ansible_navigator.main' Prior to rollback: settings_sample = 'False' (bool/Defaults)
2025-03-04T00:36:12.109032+00:00 DEBUG 'ansible_navigator.main' Prior to rollback: settings_schema = 'json' (str/Defaults)
2025-03-04T00:36:12.109043+00:00 DEBUG 'ansible_navigator.main' Prior to rollback: settings_sources = 'False' (bool/Defaults)
2025-03-04T00:36:12.109054+00:00 DEBUG 'ansible_navigator.main' Prior to rollback: time_zone = 'UTC' (str/Defaults)
2025-03-04T00:36:12.109065+00:00 DEBUG 'ansible_navigator.main' Prior to rollback: workdir = '/home/master/ansible-review' (str/Defaults)
2025-03-04T00:36:12.109076+00:00 DEBUG 'ansible_navigator.main' After rollback: ansible_runner_artifact_dir = 'Not set' (Constants/Not set)
2025-03-04T00:36:12.109087+00:00 DEBUG 'ansible_navigator.main' After rollback: ansible_runner_rotate_artifacts_count = 'Not set' (Constants/Not set)
2025-03-04T00:36:12.109098+00:00 DEBUG 'ansible_navigator.main' After rollback: ansible_runner_timeout = 'Not set' (Constants/Not set)
2025-03-04T00:36:12.109109+00:00 DEBUG 'ansible_navigator.main' After rollback: app = 'Not set' (Constants/Not set)
2025-03-04T00:36:12.109121+00:00 DEBUG 'ansible_navigator.main' After rollback: cmdline = 'Not set' (Constants/Not set)
2025-03-04T00:36:12.109133+00:00 DEBUG 'ansible_navigator.main' After rollback: collection_doc_cache_path = 'Not set' (Constants/Not set)
2025-03-04T00:36:12.109144+00:00 DEBUG 'ansible_navigator.main' After rollback: config = 'Not set' (Constants/Not set)
2025-03-04T00:36:12.109156+00:00 DEBUG 'ansible_navigator.main' After rollback: container_engine = 'Not set' (Constants/Not set)
2025-03-04T00:36:12.109167+00:00 DEBUG 'ansible_navigator.main' After rollback: container_options = 'Not set' (Constants/Not set)
2025-03-04T00:36:12.109178+00:00 DEBUG 'ansible_navigator.main' After rollback: display_color = 'Not set' (Constants/Not set)
2025-03-04T00:36:12.109189+00:00 DEBUG 'ansible_navigator.main' After rollback: editor_command = 'Not set' (Constants/Not set)
2025-03-04T00:36:12.109200+00:00 DEBUG 'ansible_navigator.main' After rollback: editor_console = 'Not set' (Constants/Not set)
2025-03-04T00:36:12.109211+00:00 DEBUG 'ansible_navigator.main' After rollback: exec_command = 'Not set' (Constants/Not set)
2025-03-04T00:36:12.109221+00:00 DEBUG 'ansible_navigator.main' After rollback: exec_shell = 'Not set' (Constants/Not set)
2025-03-04T00:36:12.109232+00:00 DEBUG 'ansible_navigator.main' After rollback: execution_environment = 'Not set' (Constants/Not set)
2025-03-04T00:36:12.109243+00:00 DEBUG 'ansible_navigator.main' After rollback: execution_environment_image = 'Not set' (Constants/Not set)
2025-03-04T00:36:12.109254+00:00 DEBUG 'ansible_navigator.main' After rollback: execution_environment_volume_mounts = 'Not set' (Constants/Not set)
2025-03-04T00:36:12.109265+00:00 DEBUG 'ansible_navigator.main' After rollback: help_builder = 'Not set' (Constants/Not set)
2025-03-04T00:36:12.109276+00:00 DEBUG 'ansible_navigator.main' After rollback: help_config = 'Not set' (Constants/Not set)
2025-03-04T00:36:12.109287+00:00 DEBUG 'ansible_navigator.main' After rollback: help_doc = 'Not set' (Constants/Not set)
2025-03-04T00:36:12.109298+00:00 DEBUG 'ansible_navigator.main' After rollback: help_inventory = 'Not set' (Constants/Not set)
2025-03-04T00:36:12.109309+00:00 DEBUG 'ansible_navigator.main' After rollback: help_playbook = 'Not set' (Constants/Not set)
2025-03-04T00:36:12.109322+00:00 DEBUG 'ansible_navigator.main' After rollback: images_details = 'Not set' (Constants/Not set)
2025-03-04T00:36:12.109334+00:00 DEBUG 'ansible_navigator.main' After rollback: inventory = 'Not set' (Constants/Not set)
2025-03-04T00:36:12.109346+00:00 DEBUG 'ansible_navigator.main' After rollback: inventory_column = 'Not set' (Constants/Not set)
2025-03-04T00:36:12.109358+00:00 DEBUG 'ansible_navigator.main' After rollback: lint_config = 'Not set' (Constants/Not set)
2025-03-04T00:36:12.109370+00:00 DEBUG 'ansible_navigator.main' After rollback: lintables = 'Not set' (Constants/Not set)
2025-03-04T00:36:12.109382+00:00 DEBUG 'ansible_navigator.main' After rollback: log_append = 'Not set' (Constants/Not set)
2025-03-04T00:36:12.109395+00:00 DEBUG 'ansible_navigator.main' After rollback: log_file = 'Not set' (Constants/Not set)
2025-03-04T00:36:12.109406+00:00 DEBUG 'ansible_navigator.main' After rollback: log_level = 'Not set' (Constants/Not set)
2025-03-04T00:36:12.109418+00:00 DEBUG 'ansible_navigator.main' After rollback: mode = 'Not set' (Constants/Not set)
2025-03-04T00:36:12.109431+00:00 DEBUG 'ansible_navigator.main' After rollback: osc4 = 'Not set' (Constants/Not set)
2025-03-04T00:36:12.109444+00:00 DEBUG 'ansible_navigator.main' After rollback: pass_environment_variable = 'Not set' (Constants/Not set)
2025-03-04T00:36:12.109455+00:00 DEBUG 'ansible_navigator.main' After rollback: playbook = 'Not set' (Constants/Not set)
2025-03-04T00:36:12.109465+00:00 DEBUG 'ansible_navigator.main' After rollback: playbook_artifact_enable = 'Not set' (Constants/Not set)
2025-03-04T00:36:12.109476+00:00 DEBUG 'ansible_navigator.main' After rollback: playbook_artifact_replay = 'Not set' (Constants/Not set)
2025-03-04T00:36:12.109487+00:00 DEBUG 'ansible_navigator.main' After rollback: playbook_artifact_save_as = 'Not set' (Constants/Not set)
2025-03-04T00:36:12.109500+00:00 DEBUG 'ansible_navigator.main' After rollback: plugin_name = 'Not set' (Constants/Not set)
2025-03-04T00:36:12.109511+00:00 DEBUG 'ansible_navigator.main' After rollback: plugin_type = 'Not set' (Constants/Not set)
2025-03-04T00:36:12.109522+00:00 DEBUG 'ansible_navigator.main' After rollback: pull_arguments = 'Not set' (Constants/Not set)
2025-03-04T00:36:12.109532+00:00 DEBUG 'ansible_navigator.main' After rollback: pull_policy = 'Not set' (Constants/Not set)
2025-03-04T00:36:12.109543+00:00 DEBUG 'ansible_navigator.main' After rollback: set_environment_variable = 'Not set' (Constants/Not set)
2025-03-04T00:36:12.109555+00:00 DEBUG 'ansible_navigator.main' After rollback: settings_effective = 'Not set' (Constants/Not set)
2025-03-04T00:36:12.109566+00:00 DEBUG 'ansible_navigator.main' After rollback: settings_sample = 'Not set' (Constants/Not set)
2025-03-04T00:36:12.109576+00:00 DEBUG 'ansible_navigator.main' After rollback: settings_schema = 'Not set' (Constants/Not set)
2025-03-04T00:36:12.109587+00:00 DEBUG 'ansible_navigator.main' After rollback: settings_sources = 'Not set' (Constants/Not set)
2025-03-04T00:36:12.109598+00:00 DEBUG 'ansible_navigator.main' After rollback: time_zone = 'Not set' (Constants/Not set)
2025-03-04T00:36:12.109609+00:00 DEBUG 'ansible_navigator.main' After rollback: workdir = 'Not set' (Constants/Not set)
2025-03-04T00:36:12.109620+00:00 DEBUG 'ansible_navigator.main' Configuration rollback complete.
2025-03-04T00:36:12.109631+00:00 DEBUG 'ansible_navigator.main' Collection doc cache not mounted
2025-03-04T00:36:12.109647+00:00 WARNING 'ansible_navigator.main' Issues were found while applying the settings.
2025-03-04T00:36:12.109661+00:00 INFO 'ansible_navigator.main' Command provided: 'images'
2025-03-04T00:36:12.109674+00:00 ERROR 'ansible_navigator.main' Settings file found /home/master/ansible-review/ansible-navigator.yml, but failed to load it.
2025-03-04T00:36:12.109688+00:00 ERROR 'ansible_navigator.main'   error was: 'while parsing a block mapping   in "/home/master/ansible-review/ansible-navigator.yml", line 3, column 3 did not find expected key   in "/home/master/ansible-review/ansible-navigator.yml", line 7, column 4'
2025-03-04T00:36:12.109702+00:00 INFO 'ansible_navigator.main' Try checking the settings file '/home/master/ansible-review/ansible-navigator.yml'and ensure it is properly formatted
2025-03-04T00:36:12.109715+00:00 INFO 'ansible_navigator.main' Configuration failed, using default log file location. (/home/master/ansible-review/ansible-navigator.log) Log level set to debug
2025-03-04T00:36:12.109727+00:00 INFO 'ansible_navigator.main' Review the hints and log file to see what went wrong.
2025-03-05T02:01:47.352081+00:00 INFO 'ansible_navigator.setup_logger' New ansible-navigator instance, logging initialized
2025-03-05T02:01:47.352389+00:00 INFO 'ansible_navigator.setup_logger' New ansible-runner instance, logging initialized
2025-03-05T02:01:47.352444+00:00 DEBUG 'ansible_navigator.main' ansible-builder==1.1.0 /usr/lib/python3.9/site-packages
2025-03-05T02:01:47.352474+00:00 DEBUG 'ansible_navigator.main' ansible-core==2.14.17 /usr/lib/python3.9/site-packages
2025-03-05T02:01:47.352499+00:00 DEBUG 'ansible_navigator.main' ansible-navigator==2.1.0 /usr/lib/python3.9/site-packages
2025-03-05T02:01:47.352521+00:00 DEBUG 'ansible_navigator.main' ansible-runner==2.2.2 /usr/lib/python3.9/site-packages
2025-03-05T02:01:47.352544+00:00 DEBUG 'ansible_navigator.main' attrs==21.4.0 /usr/lib/python3.9/site-packages
2025-03-05T02:01:47.352569+00:00 DEBUG 'ansible_navigator.main' bindep==2.10.2 /usr/lib/python3.9/site-packages
2025-03-05T02:01:47.352591+00:00 DEBUG 'ansible_navigator.main' brlapi==0.8.2 /usr/lib64/python3.9/site-packages
2025-03-05T02:01:47.352614+00:00 DEBUG 'ansible_navigator.main' cffi==1.15.0 /usr/lib64/python3.9/site-packages
2025-03-05T02:01:47.352637+00:00 DEBUG 'ansible_navigator.main' chardet==4.0.0 /usr/lib/python3.9/site-packages
2025-03-05T02:01:47.352659+00:00 DEBUG 'ansible_navigator.main' cockpit==311.1 /usr/lib/python3.9/site-packages
2025-03-05T02:01:47.352735+00:00 DEBUG 'ansible_navigator.main' cryptography==36.0.1 /usr/lib64/python3.9/site-packages
2025-03-05T02:01:47.352757+00:00 DEBUG 'ansible_navigator.main' cupshelpers==1.0 /usr/lib/python3.9/site-packages
2025-03-05T02:01:47.352780+00:00 DEBUG 'ansible_navigator.main' dasbus==1.4 /usr/lib/python3.9/site-packages
2025-03-05T02:01:47.352803+00:00 DEBUG 'ansible_navigator.main' dbus-python==1.2.18 /usr/lib64/python3.9/site-packages
2025-03-05T02:01:47.352826+00:00 DEBUG 'ansible_navigator.main' decorator==4.4.2 /usr/lib/python3.9/site-packages
2025-03-05T02:01:47.352847+00:00 DEBUG 'ansible_navigator.main' distro==1.5.0 /usr/lib/python3.9/site-packages
2025-03-05T02:01:47.352868+00:00 DEBUG 'ansible_navigator.main' docutils==0.16 /usr/lib/python3.9/site-packages
2025-03-05T02:01:47.352888+00:00 DEBUG 'ansible_navigator.main' file-magic==0.4.0 /usr/lib/python3.9/site-packages
2025-03-05T02:01:47.352909+00:00 DEBUG 'ansible_navigator.main' gpg==1.15.1 /usr/lib64/python3.9/site-packages
2025-03-05T02:01:47.352930+00:00 DEBUG 'ansible_navigator.main' idna==2.10 /usr/lib/python3.9/site-packages
2025-03-05T02:01:47.352951+00:00 DEBUG 'ansible_navigator.main' importlib-metadata==4.10.1 /usr/lib/python3.9/site-packages
2025-03-05T02:01:47.352971+00:00 DEBUG 'ansible_navigator.main' iniparse==0.4 /usr/lib/python3.9/site-packages
2025-03-05T02:01:47.352992+00:00 DEBUG 'ansible_navigator.main' jinja2==3.0.3 /usr/lib/python3.9/site-packages
2025-03-05T02:01:47.353012+00:00 DEBUG 'ansible_navigator.main' jsonschema==4.6.0 /usr/lib/python3.9/site-packages
2025-03-05T02:01:47.353033+00:00 DEBUG 'ansible_navigator.main' libcomps==0.1.18 /usr/lib64/python3.9/site-packages
2025-03-05T02:01:47.353053+00:00 DEBUG 'ansible_navigator.main' lockfile==0.12.2 /usr/lib/python3.9/site-packages
2025-03-05T02:01:47.353074+00:00 DEBUG 'ansible_navigator.main' lxml==4.6.5 /usr/lib64/python3.9/site-packages
2025-03-05T02:01:47.353095+00:00 DEBUG 'ansible_navigator.main' markupsafe==2.1.0 /usr/lib64/python3.9/site-packages
2025-03-05T02:01:47.353115+00:00 DEBUG 'ansible_navigator.main' nftables==0.1 /usr/lib/python3.9/site-packages
2025-03-05T02:01:47.353136+00:00 DEBUG 'ansible_navigator.main' onigurumacffi==1.1.0 /usr/lib64/python3.9/site-packages
2025-03-05T02:01:47.353156+00:00 DEBUG 'ansible_navigator.main' packaging==21.3 /usr/lib/python3.9/site-packages
2025-03-05T02:01:47.353176+00:00 DEBUG 'ansible_navigator.main' parsley==1.3 /usr/lib/python3.9/site-packages
2025-03-05T02:01:47.353196+00:00 DEBUG 'ansible_navigator.main' pbr==5.8.1 /usr/lib/python3.9/site-packages
2025-03-05T02:01:47.353217+00:00 DEBUG 'ansible_navigator.main' perf==0.1 /usr/lib64/python3.9/site-packages
2025-03-05T02:01:47.353237+00:00 DEBUG 'ansible_navigator.main' pexpect==4.8.0 /usr/lib/python3.9/site-packages
2025-03-05T02:01:47.353257+00:00 DEBUG 'ansible_navigator.main' psutil==5.8.0 /usr/lib64/python3.9/site-packages
2025-03-05T02:01:47.353278+00:00 DEBUG 'ansible_navigator.main' ptyprocess==0.6.0 /usr/lib/python3.9/site-packages
2025-03-05T02:01:47.353298+00:00 DEBUG 'ansible_navigator.main' pycairo==1.20.1 /usr/lib64/python3.9/site-packages
2025-03-05T02:01:47.353318+00:00 DEBUG 'ansible_navigator.main' pycparser==2.21 /usr/lib/python3.9/site-packages
2025-03-05T02:01:47.353343+00:00 DEBUG 'ansible_navigator.main' pycups==2.0.1 /usr/lib64/python3.9/site-packages
2025-03-05T02:01:47.353374+00:00 DEBUG 'ansible_navigator.main' pycurl==7.43.0.6 /usr/lib64/python3.9/site-packages
2025-03-05T02:01:47.353405+00:00 DEBUG 'ansible_navigator.main' pygobject==3.40.1 /usr/lib64/python3.9/site-packages
2025-03-05T02:01:47.353430+00:00 DEBUG 'ansible_navigator.main' pyinotify==0.9.6 /usr/lib/python3.9/site-packages
2025-03-05T02:01:47.353451+00:00 DEBUG 'ansible_navigator.main' pyparsing==2.4.7 /usr/lib/python3.9/site-packages
2025-03-05T02:01:47.353472+00:00 DEBUG 'ansible_navigator.main' pyrsistent==0.17.3 /usr/lib64/python3.9/site-packages
2025-03-05T02:01:47.353492+00:00 DEBUG 'ansible_navigator.main' pysocks==1.7.1 /usr/lib/python3.9/site-packages
2025-03-05T02:01:47.353515+00:00 DEBUG 'ansible_navigator.main' python-daemon==2.3.0 /usr/lib/python3.9/site-packages
2025-03-05T02:01:47.353536+00:00 DEBUG 'ansible_navigator.main' python-dateutil==2.8.1 /usr/lib/python3.9/site-packages
2025-03-05T02:01:47.353556+00:00 DEBUG 'ansible_navigator.main' python-linux-procfs==0.7.3 /usr/lib/python3.9/site-packages
2025-03-05T02:01:47.353576+00:00 DEBUG 'ansible_navigator.main' pyudev==0.22.0 /usr/lib/python3.9/site-packages
2025-03-05T02:01:47.353596+00:00 DEBUG 'ansible_navigator.main' pyyaml==5.4.1 /usr/lib64/python3.9/site-packages
2025-03-05T02:01:47.353616+00:00 DEBUG 'ansible_navigator.main' requests==2.25.1 /usr/lib/python3.9/site-packages
2025-03-05T02:01:47.353635+00:00 DEBUG 'ansible_navigator.main' requirements-parser==0.2.0 /usr/lib/python3.9/site-packages
2025-03-05T02:01:47.353655+00:00 DEBUG 'ansible_navigator.main' resolvelib==0.5.4 /usr/lib/python3.9/site-packages
2025-03-05T02:01:47.353675+00:00 DEBUG 'ansible_navigator.main' rpm==4.16.1.3 /usr/lib64/python3.9/site-packages
2025-03-05T02:01:47.353694+00:00 DEBUG 'ansible_navigator.main' selinux==3.6 /usr/lib64/python3.9/site-packages
2025-03-05T02:01:47.353714+00:00 DEBUG 'ansible_navigator.main' sepolicy==3.6 /usr/lib/python3.9/site-packages
2025-03-05T02:01:47.353734+00:00 DEBUG 'ansible_navigator.main' setools==4.4.4 /usr/lib64/python3.9/site-packages
2025-03-05T02:01:47.353756+00:00 DEBUG 'ansible_navigator.main' setroubleshoot==3.3.32 /usr/lib/python3.9/site-packages
2025-03-05T02:01:47.353777+00:00 DEBUG 'ansible_navigator.main' setuptools==53.0.0 /usr/lib/python3.9/site-packages
2025-03-05T02:01:47.353798+00:00 DEBUG 'ansible_navigator.main' six==1.15.0 /usr/lib/python3.9/site-packages
2025-03-05T02:01:47.353818+00:00 DEBUG 'ansible_navigator.main' sos==4.6.1 /usr/lib/python3.9/site-packages
2025-03-05T02:01:47.353838+00:00 DEBUG 'ansible_navigator.main' subscription-manager==1.29.40 /usr/lib64/python3.9/site-packages
2025-03-05T02:01:47.353857+00:00 DEBUG 'ansible_navigator.main' systemd-python==234 /usr/lib64/python3.9/site-packages
2025-03-05T02:01:47.353877+00:00 DEBUG 'ansible_navigator.main' typing-extensions==3.10.0.2 /usr/lib/python3.9/site-packages
2025-03-05T02:01:47.353897+00:00 DEBUG 'ansible_navigator.main' urllib3==1.26.5 /usr/lib/python3.9/site-packages
2025-03-05T02:01:47.353916+00:00 DEBUG 'ansible_navigator.main' zipp==3.4.0 /usr/lib/python3.9/site-packages
2025-03-05T02:01:47.353936+00:00 DEBUG 'ansible_navigator.main' Share directory '/usr/lib/python3.9/share/ansible_navigator' not found (development path)
2025-03-05T02:01:47.353957+00:00 DEBUG 'ansible_navigator.main' Share directory '/home/master/.local/share/ansible_navigator' not found (userbase)
2025-03-05T02:01:47.353976+00:00 DEBUG 'ansible_navigator.main' Share directory '/usr/share/ansible_navigator' found (sys.prefix)
2025-03-05T02:01:47.353997+00:00 DEBUG 'ansible_navigator.main' Default collection_doc_cache_path set to: /home/master/.cache/ansible-navigator/collection_doc_cache.db
2025-03-05T02:01:47.354017+00:00 DEBUG 'ansible_navigator.main' EDITOR environment variable not set
2025-03-05T02:01:47.354040+00:00 DEBUG 'ansible_navigator.main' Default editor_command set to: vi +{line_number} {filename}
2025-03-05T02:01:47.354060+00:00 DEBUG 'ansible_navigator.main' No config file set by ANSIBLE_NAVIGATOR_CONFIG
2025-03-05T02:01:47.354080+00:00 DEBUG 'ansible_navigator.main' Looking in /home/master
2025-03-05T02:01:47.354100+00:00 DEBUG 'ansible_navigator.main' Looking for '/home/master/.ansible-navigator.yml', '/home/master/.ansible-navigator.yaml' and '/home/master/.ansible-navigator.json'
2025-03-05T02:01:47.354122+00:00 DEBUG 'ansible_navigator.main' Found 0: 
2025-03-05T02:01:47.354143+00:00 DEBUG 'ansible_navigator.main' Looking in /home/master/ansible-review
2025-03-05T02:01:47.354163+00:00 DEBUG 'ansible_navigator.main' Looking for '/home/master/ansible-review/ansible-navigator.yml', '/home/master/ansible-review/ansible-navigator.yaml' and '/home/master/ansible-review/ansible-navigator.json'
2025-03-05T02:01:47.354187+00:00 DEBUG 'ansible_navigator.main' Found 1: '/home/master/ansible-review/ansible-navigator.yml'
2025-03-05T02:01:47.354208+00:00 DEBUG 'ansible_navigator.main' All found 1: '/home/master/ansible-review/ansible-navigator.yml'
2025-03-05T02:01:47.354228+00:00 DEBUG 'ansible_navigator.main' Using: /home/master/ansible-review/ansible-navigator.yml
2025-03-05T02:01:47.354249+00:00 DEBUG 'ansible_navigator.main' Using settings file at /home/master/ansible-review/ansible-navigator.yml in search path
2025-03-05T02:01:47.354276+00:00 DEBUG 'ansible_navigator.main' Command provided: 'doc -m stdout authorized_key'
2025-03-05T02:01:47.354304+00:00 WARNING 'ansible_navigator.main' Configuration errors encountered, rolling back to previous configuration.
2025-03-05T02:01:47.354330+00:00 DEBUG 'ansible_navigator.main' Prior to rollback: ansible_runner_artifact_dir = 'Not set' (Constants/Not set)
2025-03-05T02:01:47.354353+00:00 DEBUG 'ansible_navigator.main' Prior to rollback: ansible_runner_rotate_artifacts_count = 'Not set' (Constants/Not set)
2025-03-05T02:01:47.354386+00:00 DEBUG 'ansible_navigator.main' Prior to rollback: ansible_runner_timeout = 'Not set' (Constants/Not set)
2025-03-05T02:01:47.354415+00:00 DEBUG 'ansible_navigator.main' Prior to rollback: app = 'doc' (str/Command line)
2025-03-05T02:01:47.354436+00:00 DEBUG 'ansible_navigator.main' Prior to rollback: cmdline = 'Not set' (Constants/Not set)
2025-03-05T02:01:47.354456+00:00 DEBUG 'ansible_navigator.main' Prior to rollback: collection_doc_cache_path = '/home/master/.cache/ansible-navigator/collection_doc_cache.db' (str/Defaults)
2025-03-05T02:01:47.354476+00:00 DEBUG 'ansible_navigator.main' Prior to rollback: config = 'Not set' (Constants/Not set)
2025-03-05T02:01:47.354496+00:00 DEBUG 'ansible_navigator.main' Prior to rollback: container_engine = 'auto' (str/Defaults)
2025-03-05T02:01:47.354516+00:00 DEBUG 'ansible_navigator.main' Prior to rollback: container_options = 'Not set' (Constants/Not set)
2025-03-05T02:01:47.354535+00:00 DEBUG 'ansible_navigator.main' Prior to rollback: display_color = 'True' (bool/Defaults)
2025-03-05T02:01:47.354558+00:00 DEBUG 'ansible_navigator.main' Prior to rollback: editor_command = 'vi +{line_number} {filename}' (str/Defaults)
2025-03-05T02:01:47.354587+00:00 DEBUG 'ansible_navigator.main' Prior to rollback: editor_console = 'True' (bool/Defaults)
2025-03-05T02:01:47.354608+00:00 DEBUG 'ansible_navigator.main' Prior to rollback: exec_command = '/bin/bash' (str/Defaults)
2025-03-05T02:01:47.354628+00:00 DEBUG 'ansible_navigator.main' Prior to rollback: exec_shell = 'True' (bool/Defaults)
2025-03-05T02:01:47.354649+00:00 DEBUG 'ansible_navigator.main' Prior to rollback: execution_environment = 'True' (bool/Defaults)
2025-03-05T02:01:47.354669+00:00 DEBUG 'ansible_navigator.main' Prior to rollback: execution_environment_image = 'registry.redhat.io/ansible-automation-platform-22/ee-supported-rhel8:latest' (str/Defaults)
2025-03-05T02:01:47.354690+00:00 DEBUG 'ansible_navigator.main' Prior to rollback: execution_environment_volume_mounts = 'Not set' (Constants/Not set)
2025-03-05T02:01:47.354710+00:00 DEBUG 'ansible_navigator.main' Prior to rollback: help_builder = 'False' (bool/Defaults)
2025-03-05T02:01:47.354729+00:00 DEBUG 'ansible_navigator.main' Prior to rollback: help_config = 'False' (bool/Defaults)
2025-03-05T02:01:47.354749+00:00 DEBUG 'ansible_navigator.main' Prior to rollback: help_doc = 'False' (bool/Defaults)
2025-03-05T02:01:47.354768+00:00 DEBUG 'ansible_navigator.main' Prior to rollback: help_inventory = 'False' (bool/Defaults)
2025-03-05T02:01:47.354788+00:00 DEBUG 'ansible_navigator.main' Prior to rollback: help_playbook = 'False' (bool/Defaults)
2025-03-05T02:01:47.354808+00:00 DEBUG 'ansible_navigator.main' Prior to rollback: images_details = '['everything']' (list/Defaults)
2025-03-05T02:01:47.354827+00:00 DEBUG 'ansible_navigator.main' Prior to rollback: inventory = 'Not set' (Constants/Not set)
2025-03-05T02:01:47.354846+00:00 DEBUG 'ansible_navigator.main' Prior to rollback: inventory_column = 'Not set' (Constants/Not set)
2025-03-05T02:01:47.354870+00:00 DEBUG 'ansible_navigator.main' Prior to rollback: lint_config = 'Not set' (Constants/Not set)
2025-03-05T02:01:47.354889+00:00 DEBUG 'ansible_navigator.main' Prior to rollback: lintables = 'Not set' (Constants/Not set)
2025-03-05T02:01:47.354909+00:00 DEBUG 'ansible_navigator.main' Prior to rollback: log_append = 'True' (bool/Defaults)
2025-03-05T02:01:47.354929+00:00 DEBUG 'ansible_navigator.main' Prior to rollback: log_file = '/home/master/ansible-review/ansible-navigator.log' (str/Defaults)
2025-03-05T02:01:47.354949+00:00 DEBUG 'ansible_navigator.main' Prior to rollback: log_level = 'warning' (str/Defaults)
2025-03-05T02:01:47.354969+00:00 DEBUG 'ansible_navigator.main' Prior to rollback: mode = 'stdout' (str/Command line)
2025-03-05T02:01:47.354989+00:00 DEBUG 'ansible_navigator.main' Prior to rollback: osc4 = 'True' (bool/Defaults)
2025-03-05T02:01:47.355008+00:00 DEBUG 'ansible_navigator.main' Prior to rollback: pass_environment_variable = 'Not set' (Constants/Not set)
2025-03-05T02:01:47.355028+00:00 DEBUG 'ansible_navigator.main' Prior to rollback: playbook = 'Not set' (Constants/Not set)
2025-03-05T02:01:47.355047+00:00 DEBUG 'ansible_navigator.main' Prior to rollback: playbook_artifact_enable = 'True' (bool/Defaults)
2025-03-05T02:01:47.355067+00:00 DEBUG 'ansible_navigator.main' Prior to rollback: playbook_artifact_replay = 'Not set' (Constants/Not set)
2025-03-05T02:01:47.355087+00:00 DEBUG 'ansible_navigator.main' Prior to rollback: playbook_artifact_save_as = '{playbook_dir}/{playbook_name}-artifact-{time_stamp}.json' (str/Defaults)
2025-03-05T02:01:47.355108+00:00 DEBUG 'ansible_navigator.main' Prior to rollback: plugin_name = 'authorized_key' (str/Command line)
2025-03-05T02:01:47.355127+00:00 DEBUG 'ansible_navigator.main' Prior to rollback: plugin_type = 'module' (str/Defaults)
2025-03-05T02:01:47.355147+00:00 DEBUG 'ansible_navigator.main' Prior to rollback: pull_arguments = 'Not set' (Constants/Not set)
2025-03-05T02:01:47.355166+00:00 DEBUG 'ansible_navigator.main' Prior to rollback: pull_policy = 'tag' (str/Defaults)
2025-03-05T02:01:47.355186+00:00 DEBUG 'ansible_navigator.main' Prior to rollback: set_environment_variable = 'Not set' (Constants/Not set)
2025-03-05T02:01:47.355205+00:00 DEBUG 'ansible_navigator.main' Prior to rollback: settings_effective = 'False' (bool/Defaults)
2025-03-05T02:01:47.355224+00:00 DEBUG 'ansible_navigator.main' Prior to rollback: settings_sample = 'False' (bool/Defaults)
2025-03-05T02:01:47.355243+00:00 DEBUG 'ansible_navigator.main' Prior to rollback: settings_schema = 'json' (str/Defaults)
2025-03-05T02:01:47.355262+00:00 DEBUG 'ansible_navigator.main' Prior to rollback: settings_sources = 'False' (bool/Defaults)
2025-03-05T02:01:47.355281+00:00 DEBUG 'ansible_navigator.main' Prior to rollback: time_zone = 'UTC' (str/Defaults)
2025-03-05T02:01:47.355300+00:00 DEBUG 'ansible_navigator.main' Prior to rollback: workdir = '/home/master/ansible-review' (str/Defaults)
2025-03-05T02:01:47.355319+00:00 DEBUG 'ansible_navigator.main' After rollback: ansible_runner_artifact_dir = 'Not set' (Constants/Not set)
2025-03-05T02:01:47.355339+00:00 DEBUG 'ansible_navigator.main' After rollback: ansible_runner_rotate_artifacts_count = 'Not set' (Constants/Not set)
2025-03-05T02:01:47.355358+00:00 DEBUG 'ansible_navigator.main' After rollback: ansible_runner_timeout = 'Not set' (Constants/Not set)
2025-03-05T02:01:47.355378+00:00 DEBUG 'ansible_navigator.main' After rollback: app = 'Not set' (Constants/Not set)
2025-03-05T02:01:47.355397+00:00 DEBUG 'ansible_navigator.main' After rollback: cmdline = 'Not set' (Constants/Not set)
2025-03-05T02:01:47.355416+00:00 DEBUG 'ansible_navigator.main' After rollback: collection_doc_cache_path = 'Not set' (Constants/Not set)
2025-03-05T02:01:47.355436+00:00 DEBUG 'ansible_navigator.main' After rollback: config = 'Not set' (Constants/Not set)
2025-03-05T02:01:47.355455+00:00 DEBUG 'ansible_navigator.main' After rollback: container_engine = 'Not set' (Constants/Not set)
2025-03-05T02:01:47.355478+00:00 DEBUG 'ansible_navigator.main' After rollback: container_options = 'Not set' (Constants/Not set)
2025-03-05T02:01:47.355498+00:00 DEBUG 'ansible_navigator.main' After rollback: display_color = 'Not set' (Constants/Not set)
2025-03-05T02:01:47.355517+00:00 DEBUG 'ansible_navigator.main' After rollback: editor_command = 'Not set' (Constants/Not set)
2025-03-05T02:01:47.355537+00:00 DEBUG 'ansible_navigator.main' After rollback: editor_console = 'Not set' (Constants/Not set)
2025-03-05T02:01:47.355556+00:00 DEBUG 'ansible_navigator.main' After rollback: exec_command = 'Not set' (Constants/Not set)
2025-03-05T02:01:47.355576+00:00 DEBUG 'ansible_navigator.main' After rollback: exec_shell = 'Not set' (Constants/Not set)
2025-03-05T02:01:47.355596+00:00 DEBUG 'ansible_navigator.main' After rollback: execution_environment = 'Not set' (Constants/Not set)
2025-03-05T02:01:47.355615+00:00 DEBUG 'ansible_navigator.main' After rollback: execution_environment_image = 'Not set' (Constants/Not set)
2025-03-05T02:01:47.355635+00:00 DEBUG 'ansible_navigator.main' After rollback: execution_environment_volume_mounts = 'Not set' (Constants/Not set)
2025-03-05T02:01:47.355655+00:00 DEBUG 'ansible_navigator.main' After rollback: help_builder = 'Not set' (Constants/Not set)
2025-03-05T02:01:47.355674+00:00 DEBUG 'ansible_navigator.main' After rollback: help_config = 'Not set' (Constants/Not set)
2025-03-05T02:01:47.355694+00:00 DEBUG 'ansible_navigator.main' After rollback: help_doc = 'Not set' (Constants/Not set)
2025-03-05T02:01:47.355713+00:00 DEBUG 'ansible_navigator.main' After rollback: help_inventory = 'Not set' (Constants/Not set)
2025-03-05T02:01:47.355733+00:00 DEBUG 'ansible_navigator.main' After rollback: help_playbook = 'Not set' (Constants/Not set)
2025-03-05T02:01:47.355755+00:00 DEBUG 'ansible_navigator.main' After rollback: images_details = 'Not set' (Constants/Not set)
2025-03-05T02:01:47.355783+00:00 DEBUG 'ansible_navigator.main' After rollback: inventory = 'Not set' (Constants/Not set)
2025-03-05T02:01:47.355815+00:00 DEBUG 'ansible_navigator.main' After rollback: inventory_column = 'Not set' (Constants/Not set)
2025-03-05T02:01:47.355844+00:00 DEBUG 'ansible_navigator.main' After rollback: lint_config = 'Not set' (Constants/Not set)
2025-03-05T02:01:47.355875+00:00 DEBUG 'ansible_navigator.main' After rollback: lintables = 'Not set' (Constants/Not set)
2025-03-05T02:01:47.355909+00:00 DEBUG 'ansible_navigator.main' After rollback: log_append = 'Not set' (Constants/Not set)
2025-03-05T02:01:47.355950+00:00 DEBUG 'ansible_navigator.main' After rollback: log_file = 'Not set' (Constants/Not set)
2025-03-05T02:01:47.355984+00:00 DEBUG 'ansible_navigator.main' After rollback: log_level = 'Not set' (Constants/Not set)
2025-03-05T02:01:47.356016+00:00 DEBUG 'ansible_navigator.main' After rollback: mode = 'Not set' (Constants/Not set)
2025-03-05T02:01:47.356051+00:00 DEBUG 'ansible_navigator.main' After rollback: osc4 = 'Not set' (Constants/Not set)
2025-03-05T02:01:47.356088+00:00 DEBUG 'ansible_navigator.main' After rollback: pass_environment_variable = 'Not set' (Constants/Not set)
2025-03-05T02:01:47.356127+00:00 DEBUG 'ansible_navigator.main' After rollback: playbook = 'Not set' (Constants/Not set)
2025-03-05T02:01:47.356163+00:00 DEBUG 'ansible_navigator.main' After rollback: playbook_artifact_enable = 'Not set' (Constants/Not set)
2025-03-05T02:01:47.356209+00:00 DEBUG 'ansible_navigator.main' After rollback: playbook_artifact_replay = 'Not set' (Constants/Not set)
2025-03-05T02:01:47.356249+00:00 DEBUG 'ansible_navigator.main' After rollback: playbook_artifact_save_as = 'Not set' (Constants/Not set)
2025-03-05T02:01:47.356286+00:00 DEBUG 'ansible_navigator.main' After rollback: plugin_name = 'Not set' (Constants/Not set)
2025-03-05T02:01:47.356328+00:00 DEBUG 'ansible_navigator.main' After rollback: plugin_type = 'Not set' (Constants/Not set)
2025-03-05T02:01:47.356366+00:00 DEBUG 'ansible_navigator.main' After rollback: pull_arguments = 'Not set' (Constants/Not set)
2025-03-05T02:01:47.356406+00:00 DEBUG 'ansible_navigator.main' After rollback: pull_policy = 'Not set' (Constants/Not set)
2025-03-05T02:01:47.356441+00:00 DEBUG 'ansible_navigator.main' After rollback: set_environment_variable = 'Not set' (Constants/Not set)
2025-03-05T02:01:47.356477+00:00 DEBUG 'ansible_navigator.main' After rollback: settings_effective = 'Not set' (Constants/Not set)
2025-03-05T02:01:47.356514+00:00 DEBUG 'ansible_navigator.main' After rollback: settings_sample = 'Not set' (Constants/Not set)
2025-03-05T02:01:47.356550+00:00 DEBUG 'ansible_navigator.main' After rollback: settings_schema = 'Not set' (Constants/Not set)
2025-03-05T02:01:47.356587+00:00 DEBUG 'ansible_navigator.main' After rollback: settings_sources = 'Not set' (Constants/Not set)
2025-03-05T02:01:47.356622+00:00 DEBUG 'ansible_navigator.main' After rollback: time_zone = 'Not set' (Constants/Not set)
2025-03-05T02:01:47.356652+00:00 DEBUG 'ansible_navigator.main' After rollback: workdir = 'Not set' (Constants/Not set)
2025-03-05T02:01:47.356684+00:00 DEBUG 'ansible_navigator.main' Configuration rollback complete.
2025-03-05T02:01:47.356717+00:00 DEBUG 'ansible_navigator.main' Collection doc cache not mounted
2025-03-05T02:01:47.356773+00:00 WARNING 'ansible_navigator.main' Issues were found while applying the settings.
2025-03-05T02:01:47.356817+00:00 INFO 'ansible_navigator.main' Command provided: 'doc -m stdout authorized_key'
2025-03-05T02:01:47.356868+00:00 ERROR 'ansible_navigator.main' Settings file found /home/master/ansible-review/ansible-navigator.yml, but failed to load it.
2025-03-05T02:01:47.356910+00:00 ERROR 'ansible_navigator.main'   error was: 'while parsing a block mapping   in "/home/master/ansible-review/ansible-navigator.yml", line 3, column 3 did not find expected key   in "/home/master/ansible-review/ansible-navigator.yml", line 7, column 4'
2025-03-05T02:01:47.356953+00:00 INFO 'ansible_navigator.main' Try checking the settings file '/home/master/ansible-review/ansible-navigator.yml'and ensure it is properly formatted
2025-03-05T02:01:47.356983+00:00 INFO 'ansible_navigator.main' Configuration failed, using default log file location. (/home/master/ansible-review/ansible-navigator.log) Log level set to debug
2025-03-05T02:01:47.357008+00:00 INFO 'ansible_navigator.main' Review the hints and log file to see what went wrong.
2025-03-05T02:07:29.132496+00:00 INFO 'ansible_navigator.setup_logger' New ansible-navigator instance, logging initialized
2025-03-05T02:07:29.132769+00:00 INFO 'ansible_navigator.setup_logger' New ansible-runner instance, logging initialized
2025-03-05T02:07:29.132809+00:00 DEBUG 'ansible_navigator.main' ansible-builder==1.1.0 /usr/lib/python3.9/site-packages
2025-03-05T02:07:29.132834+00:00 DEBUG 'ansible_navigator.main' ansible-core==2.14.17 /usr/lib/python3.9/site-packages
2025-03-05T02:07:29.132857+00:00 DEBUG 'ansible_navigator.main' ansible-navigator==2.1.0 /usr/lib/python3.9/site-packages
2025-03-05T02:07:29.132878+00:00 DEBUG 'ansible_navigator.main' ansible-runner==2.2.2 /usr/lib/python3.9/site-packages
2025-03-05T02:07:29.132898+00:00 DEBUG 'ansible_navigator.main' attrs==21.4.0 /usr/lib/python3.9/site-packages
2025-03-05T02:07:29.132917+00:00 DEBUG 'ansible_navigator.main' bindep==2.10.2 /usr/lib/python3.9/site-packages
2025-03-05T02:07:29.132936+00:00 DEBUG 'ansible_navigator.main' brlapi==0.8.2 /usr/lib64/python3.9/site-packages
2025-03-05T02:07:29.132955+00:00 DEBUG 'ansible_navigator.main' cffi==1.15.0 /usr/lib64/python3.9/site-packages
2025-03-05T02:07:29.132974+00:00 DEBUG 'ansible_navigator.main' chardet==4.0.0 /usr/lib/python3.9/site-packages
2025-03-05T02:07:29.132992+00:00 DEBUG 'ansible_navigator.main' cockpit==311.1 /usr/lib/python3.9/site-packages
2025-03-05T02:07:29.133010+00:00 DEBUG 'ansible_navigator.main' cryptography==36.0.1 /usr/lib64/python3.9/site-packages
2025-03-05T02:07:29.133028+00:00 DEBUG 'ansible_navigator.main' cupshelpers==1.0 /usr/lib/python3.9/site-packages
2025-03-05T02:07:29.133046+00:00 DEBUG 'ansible_navigator.main' dasbus==1.4 /usr/lib/python3.9/site-packages
2025-03-05T02:07:29.133074+00:00 DEBUG 'ansible_navigator.main' dbus-python==1.2.18 /usr/lib64/python3.9/site-packages
2025-03-05T02:07:29.133093+00:00 DEBUG 'ansible_navigator.main' decorator==4.4.2 /usr/lib/python3.9/site-packages
2025-03-05T02:07:29.133111+00:00 DEBUG 'ansible_navigator.main' distro==1.5.0 /usr/lib/python3.9/site-packages
2025-03-05T02:07:29.133129+00:00 DEBUG 'ansible_navigator.main' docutils==0.16 /usr/lib/python3.9/site-packages
2025-03-05T02:07:29.133147+00:00 DEBUG 'ansible_navigator.main' file-magic==0.4.0 /usr/lib/python3.9/site-packages
2025-03-05T02:07:29.133165+00:00 DEBUG 'ansible_navigator.main' gpg==1.15.1 /usr/lib64/python3.9/site-packages
2025-03-05T02:07:29.133183+00:00 DEBUG 'ansible_navigator.main' idna==2.10 /usr/lib/python3.9/site-packages
2025-03-05T02:07:29.133201+00:00 DEBUG 'ansible_navigator.main' importlib-metadata==4.10.1 /usr/lib/python3.9/site-packages
2025-03-05T02:07:29.133219+00:00 DEBUG 'ansible_navigator.main' iniparse==0.4 /usr/lib/python3.9/site-packages
2025-03-05T02:07:29.133237+00:00 DEBUG 'ansible_navigator.main' jinja2==3.0.3 /usr/lib/python3.9/site-packages
2025-03-05T02:07:29.133254+00:00 DEBUG 'ansible_navigator.main' jsonschema==4.6.0 /usr/lib/python3.9/site-packages
2025-03-05T02:07:29.133273+00:00 DEBUG 'ansible_navigator.main' libcomps==0.1.18 /usr/lib64/python3.9/site-packages
2025-03-05T02:07:29.133291+00:00 DEBUG 'ansible_navigator.main' lockfile==0.12.2 /usr/lib/python3.9/site-packages
2025-03-05T02:07:29.133309+00:00 DEBUG 'ansible_navigator.main' lxml==4.6.5 /usr/lib64/python3.9/site-packages
2025-03-05T02:07:29.133327+00:00 DEBUG 'ansible_navigator.main' markupsafe==2.1.0 /usr/lib64/python3.9/site-packages
2025-03-05T02:07:29.133344+00:00 DEBUG 'ansible_navigator.main' nftables==0.1 /usr/lib/python3.9/site-packages
2025-03-05T02:07:29.133362+00:00 DEBUG 'ansible_navigator.main' onigurumacffi==1.1.0 /usr/lib64/python3.9/site-packages
2025-03-05T02:07:29.133379+00:00 DEBUG 'ansible_navigator.main' packaging==21.3 /usr/lib/python3.9/site-packages
2025-03-05T02:07:29.133396+00:00 DEBUG 'ansible_navigator.main' parsley==1.3 /usr/lib/python3.9/site-packages
2025-03-05T02:07:29.133413+00:00 DEBUG 'ansible_navigator.main' pbr==5.8.1 /usr/lib/python3.9/site-packages
2025-03-05T02:07:29.133430+00:00 DEBUG 'ansible_navigator.main' perf==0.1 /usr/lib64/python3.9/site-packages
2025-03-05T02:07:29.133447+00:00 DEBUG 'ansible_navigator.main' pexpect==4.8.0 /usr/lib/python3.9/site-packages
2025-03-05T02:07:29.133465+00:00 DEBUG 'ansible_navigator.main' psutil==5.8.0 /usr/lib64/python3.9/site-packages
2025-03-05T02:07:29.133482+00:00 DEBUG 'ansible_navigator.main' ptyprocess==0.6.0 /usr/lib/python3.9/site-packages
2025-03-05T02:07:29.133499+00:00 DEBUG 'ansible_navigator.main' pycairo==1.20.1 /usr/lib64/python3.9/site-packages
2025-03-05T02:07:29.133516+00:00 DEBUG 'ansible_navigator.main' pycparser==2.21 /usr/lib/python3.9/site-packages
2025-03-05T02:07:29.133534+00:00 DEBUG 'ansible_navigator.main' pycups==2.0.1 /usr/lib64/python3.9/site-packages
2025-03-05T02:07:29.133551+00:00 DEBUG 'ansible_navigator.main' pycurl==7.43.0.6 /usr/lib64/python3.9/site-packages
2025-03-05T02:07:29.133569+00:00 DEBUG 'ansible_navigator.main' pygobject==3.40.1 /usr/lib64/python3.9/site-packages
2025-03-05T02:07:29.133586+00:00 DEBUG 'ansible_navigator.main' pyinotify==0.9.6 /usr/lib/python3.9/site-packages
2025-03-05T02:07:29.133603+00:00 DEBUG 'ansible_navigator.main' pyparsing==2.4.7 /usr/lib/python3.9/site-packages
2025-03-05T02:07:29.133622+00:00 DEBUG 'ansible_navigator.main' pyrsistent==0.17.3 /usr/lib64/python3.9/site-packages
2025-03-05T02:07:29.133640+00:00 DEBUG 'ansible_navigator.main' pysocks==1.7.1 /usr/lib/python3.9/site-packages
2025-03-05T02:07:29.133657+00:00 DEBUG 'ansible_navigator.main' python-daemon==2.3.0 /usr/lib/python3.9/site-packages
2025-03-05T02:07:29.133674+00:00 DEBUG 'ansible_navigator.main' python-dateutil==2.8.1 /usr/lib/python3.9/site-packages
2025-03-05T02:07:29.133691+00:00 DEBUG 'ansible_navigator.main' python-linux-procfs==0.7.3 /usr/lib/python3.9/site-packages
2025-03-05T02:07:29.133711+00:00 DEBUG 'ansible_navigator.main' pyudev==0.22.0 /usr/lib/python3.9/site-packages
2025-03-05T02:07:29.133733+00:00 DEBUG 'ansible_navigator.main' pyyaml==5.4.1 /usr/lib64/python3.9/site-packages
2025-03-05T02:07:29.133758+00:00 DEBUG 'ansible_navigator.main' requests==2.25.1 /usr/lib/python3.9/site-packages
2025-03-05T02:07:29.133777+00:00 DEBUG 'ansible_navigator.main' requirements-parser==0.2.0 /usr/lib/python3.9/site-packages
2025-03-05T02:07:29.133802+00:00 DEBUG 'ansible_navigator.main' resolvelib==0.5.4 /usr/lib/python3.9/site-packages
2025-03-05T02:07:29.133830+00:00 DEBUG 'ansible_navigator.main' rpm==4.16.1.3 /usr/lib64/python3.9/site-packages
2025-03-05T02:07:29.133858+00:00 DEBUG 'ansible_navigator.main' selinux==3.6 /usr/lib64/python3.9/site-packages
2025-03-05T02:07:29.133889+00:00 DEBUG 'ansible_navigator.main' sepolicy==3.6 /usr/lib/python3.9/site-packages
2025-03-05T02:07:29.133910+00:00 DEBUG 'ansible_navigator.main' setools==4.4.4 /usr/lib64/python3.9/site-packages
2025-03-05T02:07:29.133929+00:00 DEBUG 'ansible_navigator.main' setroubleshoot==3.3.32 /usr/lib/python3.9/site-packages
2025-03-05T02:07:29.133948+00:00 DEBUG 'ansible_navigator.main' setuptools==53.0.0 /usr/lib/python3.9/site-packages
2025-03-05T02:07:29.133967+00:00 DEBUG 'ansible_navigator.main' six==1.15.0 /usr/lib/python3.9/site-packages
2025-03-05T02:07:29.133986+00:00 DEBUG 'ansible_navigator.main' sos==4.6.1 /usr/lib/python3.9/site-packages
2025-03-05T02:07:29.134004+00:00 DEBUG 'ansible_navigator.main' subscription-manager==1.29.40 /usr/lib64/python3.9/site-packages
2025-03-05T02:07:29.134022+00:00 DEBUG 'ansible_navigator.main' systemd-python==234 /usr/lib64/python3.9/site-packages
2025-03-05T02:07:29.134040+00:00 DEBUG 'ansible_navigator.main' typing-extensions==3.10.0.2 /usr/lib/python3.9/site-packages
2025-03-05T02:07:29.134058+00:00 DEBUG 'ansible_navigator.main' urllib3==1.26.5 /usr/lib/python3.9/site-packages
2025-03-05T02:07:29.134076+00:00 DEBUG 'ansible_navigator.main' zipp==3.4.0 /usr/lib/python3.9/site-packages
2025-03-05T02:07:29.134094+00:00 DEBUG 'ansible_navigator.main' Share directory '/usr/lib/python3.9/share/ansible_navigator' not found (development path)
2025-03-05T02:07:29.134113+00:00 DEBUG 'ansible_navigator.main' Share directory '/home/master/.local/share/ansible_navigator' not found (userbase)
2025-03-05T02:07:29.134131+00:00 DEBUG 'ansible_navigator.main' Share directory '/usr/share/ansible_navigator' found (sys.prefix)
2025-03-05T02:07:29.134150+00:00 DEBUG 'ansible_navigator.main' Default collection_doc_cache_path set to: /home/master/.cache/ansible-navigator/collection_doc_cache.db
2025-03-05T02:07:29.134168+00:00 DEBUG 'ansible_navigator.main' EDITOR environment variable not set
2025-03-05T02:07:29.134186+00:00 DEBUG 'ansible_navigator.main' Default editor_command set to: vi +{line_number} {filename}
2025-03-05T02:07:29.134203+00:00 DEBUG 'ansible_navigator.main' No config file set by ANSIBLE_NAVIGATOR_CONFIG
2025-03-05T02:07:29.134221+00:00 DEBUG 'ansible_navigator.main' Looking in /home/master
2025-03-05T02:07:29.134239+00:00 DEBUG 'ansible_navigator.main' Looking for '/home/master/.ansible-navigator.yml', '/home/master/.ansible-navigator.yaml' and '/home/master/.ansible-navigator.json'
2025-03-05T02:07:29.134258+00:00 DEBUG 'ansible_navigator.main' Found 0: 
2025-03-05T02:07:29.134276+00:00 DEBUG 'ansible_navigator.main' Looking in /home/master/ansible-review
2025-03-05T02:07:29.134294+00:00 DEBUG 'ansible_navigator.main' Looking for '/home/master/ansible-review/ansible-navigator.yml', '/home/master/ansible-review/ansible-navigator.yaml' and '/home/master/ansible-review/ansible-navigator.json'
2025-03-05T02:07:29.134313+00:00 DEBUG 'ansible_navigator.main' Found 1: '/home/master/ansible-review/ansible-navigator.yml'
2025-03-05T02:07:29.134331+00:00 DEBUG 'ansible_navigator.main' All found 1: '/home/master/ansible-review/ansible-navigator.yml'
2025-03-05T02:07:29.134349+00:00 DEBUG 'ansible_navigator.main' Using: /home/master/ansible-review/ansible-navigator.yml
2025-03-05T02:07:29.134370+00:00 DEBUG 'ansible_navigator.main' Using settings file at /home/master/ansible-review/ansible-navigator.yml in search path
2025-03-05T02:07:29.134388+00:00 DEBUG 'ansible_navigator.main' Command provided: 'doc -m stdout'
2025-03-05T02:07:29.134408+00:00 WARNING 'ansible_navigator.main' Configuration errors encountered, rolling back to previous configuration.
2025-03-05T02:07:29.134428+00:00 DEBUG 'ansible_navigator.main' Prior to rollback: ansible_runner_artifact_dir = 'Not set' (Constants/Not set)
2025-03-05T02:07:29.134447+00:00 DEBUG 'ansible_navigator.main' Prior to rollback: ansible_runner_rotate_artifacts_count = 'Not set' (Constants/Not set)
2025-03-05T02:07:29.134466+00:00 DEBUG 'ansible_navigator.main' Prior to rollback: ansible_runner_timeout = 'Not set' (Constants/Not set)
2025-03-05T02:07:29.134483+00:00 DEBUG 'ansible_navigator.main' Prior to rollback: app = 'doc' (str/Command line)
2025-03-05T02:07:29.134501+00:00 DEBUG 'ansible_navigator.main' Prior to rollback: cmdline = 'Not set' (Constants/Not set)
2025-03-05T02:07:29.134518+00:00 DEBUG 'ansible_navigator.main' Prior to rollback: collection_doc_cache_path = '/home/master/.cache/ansible-navigator/collection_doc_cache.db' (str/Defaults)
2025-03-05T02:07:29.134537+00:00 DEBUG 'ansible_navigator.main' Prior to rollback: config = 'Not set' (Constants/Not set)
2025-03-05T02:07:29.134554+00:00 DEBUG 'ansible_navigator.main' Prior to rollback: container_engine = 'auto' (str/Defaults)
2025-03-05T02:07:29.134572+00:00 DEBUG 'ansible_navigator.main' Prior to rollback: container_options = 'Not set' (Constants/Not set)
2025-03-05T02:07:29.134590+00:00 DEBUG 'ansible_navigator.main' Prior to rollback: display_color = 'True' (bool/Defaults)
2025-03-05T02:07:29.134607+00:00 DEBUG 'ansible_navigator.main' Prior to rollback: editor_command = 'vi +{line_number} {filename}' (str/Defaults)
2025-03-05T02:07:29.134625+00:00 DEBUG 'ansible_navigator.main' Prior to rollback: editor_console = 'True' (bool/Defaults)
2025-03-05T02:07:29.134643+00:00 DEBUG 'ansible_navigator.main' Prior to rollback: exec_command = '/bin/bash' (str/Defaults)
2025-03-05T02:07:29.134660+00:00 DEBUG 'ansible_navigator.main' Prior to rollback: exec_shell = 'True' (bool/Defaults)
2025-03-05T02:07:29.134678+00:00 DEBUG 'ansible_navigator.main' Prior to rollback: execution_environment = 'True' (bool/Defaults)
2025-03-05T02:07:29.134696+00:00 DEBUG 'ansible_navigator.main' Prior to rollback: execution_environment_image = 'registry.redhat.io/ansible-automation-platform-22/ee-supported-rhel8:latest' (str/Defaults)
2025-03-05T02:07:29.134713+00:00 DEBUG 'ansible_navigator.main' Prior to rollback: execution_environment_volume_mounts = 'Not set' (Constants/Not set)
2025-03-05T02:07:29.134731+00:00 DEBUG 'ansible_navigator.main' Prior to rollback: help_builder = 'False' (bool/Defaults)
2025-03-05T02:07:29.134748+00:00 DEBUG 'ansible_navigator.main' Prior to rollback: help_config = 'False' (bool/Defaults)
2025-03-05T02:07:29.134765+00:00 DEBUG 'ansible_navigator.main' Prior to rollback: help_doc = 'False' (bool/Defaults)
2025-03-05T02:07:29.134782+00:00 DEBUG 'ansible_navigator.main' Prior to rollback: help_inventory = 'False' (bool/Defaults)
2025-03-05T02:07:29.134799+00:00 DEBUG 'ansible_navigator.main' Prior to rollback: help_playbook = 'False' (bool/Defaults)
2025-03-05T02:07:29.134816+00:00 DEBUG 'ansible_navigator.main' Prior to rollback: images_details = '['everything']' (list/Defaults)
2025-03-05T02:07:29.134834+00:00 DEBUG 'ansible_navigator.main' Prior to rollback: inventory = 'Not set' (Constants/Not set)
2025-03-05T02:07:29.134851+00:00 DEBUG 'ansible_navigator.main' Prior to rollback: inventory_column = 'Not set' (Constants/Not set)
2025-03-05T02:07:29.134868+00:00 DEBUG 'ansible_navigator.main' Prior to rollback: lint_config = 'Not set' (Constants/Not set)
2025-03-05T02:07:29.134885+00:00 DEBUG 'ansible_navigator.main' Prior to rollback: lintables = 'Not set' (Constants/Not set)
2025-03-05T02:07:29.134903+00:00 DEBUG 'ansible_navigator.main' Prior to rollback: log_append = 'True' (bool/Defaults)
2025-03-05T02:07:29.134922+00:00 DEBUG 'ansible_navigator.main' Prior to rollback: log_file = '/home/master/ansible-review/ansible-navigator.log' (str/Defaults)
2025-03-05T02:07:29.134940+00:00 DEBUG 'ansible_navigator.main' Prior to rollback: log_level = 'warning' (str/Defaults)
2025-03-05T02:07:29.134957+00:00 DEBUG 'ansible_navigator.main' Prior to rollback: mode = 'stdout' (str/Command line)
2025-03-05T02:07:29.134974+00:00 DEBUG 'ansible_navigator.main' Prior to rollback: osc4 = 'True' (bool/Defaults)
2025-03-05T02:07:29.134992+00:00 DEBUG 'ansible_navigator.main' Prior to rollback: pass_environment_variable = 'Not set' (Constants/Not set)
2025-03-05T02:07:29.135009+00:00 DEBUG 'ansible_navigator.main' Prior to rollback: playbook = 'Not set' (Constants/Not set)
2025-03-05T02:07:29.135026+00:00 DEBUG 'ansible_navigator.main' Prior to rollback: playbook_artifact_enable = 'True' (bool/Defaults)
2025-03-05T02:07:29.135043+00:00 DEBUG 'ansible_navigator.main' Prior to rollback: playbook_artifact_replay = 'Not set' (Constants/Not set)
2025-03-05T02:07:29.135060+00:00 DEBUG 'ansible_navigator.main' Prior to rollback: playbook_artifact_save_as = '{playbook_dir}/{playbook_name}-artifact-{time_stamp}.json' (str/Defaults)
2025-03-05T02:07:29.135078+00:00 DEBUG 'ansible_navigator.main' Prior to rollback: plugin_name = 'Not set' (Constants/Not set)
2025-03-05T02:07:29.135095+00:00 DEBUG 'ansible_navigator.main' Prior to rollback: plugin_type = 'module' (str/Defaults)
2025-03-05T02:07:29.135113+00:00 DEBUG 'ansible_navigator.main' Prior to rollback: pull_arguments = 'Not set' (Constants/Not set)
2025-03-05T02:07:29.135129+00:00 DEBUG 'ansible_navigator.main' Prior to rollback: pull_policy = 'tag' (str/Defaults)
2025-03-05T02:07:29.135146+00:00 DEBUG 'ansible_navigator.main' Prior to rollback: set_environment_variable = 'Not set' (Constants/Not set)
2025-03-05T02:07:29.135164+00:00 DEBUG 'ansible_navigator.main' Prior to rollback: settings_effective = 'False' (bool/Defaults)
2025-03-05T02:07:29.135181+00:00 DEBUG 'ansible_navigator.main' Prior to rollback: settings_sample = 'False' (bool/Defaults)
2025-03-05T02:07:29.135198+00:00 DEBUG 'ansible_navigator.main' Prior to rollback: settings_schema = 'json' (str/Defaults)
2025-03-05T02:07:29.135215+00:00 DEBUG 'ansible_navigator.main' Prior to rollback: settings_sources = 'False' (bool/Defaults)
2025-03-05T02:07:29.135238+00:00 DEBUG 'ansible_navigator.main' Prior to rollback: time_zone = 'UTC' (str/Defaults)
2025-03-05T02:07:29.135265+00:00 DEBUG 'ansible_navigator.main' Prior to rollback: workdir = '/home/master/ansible-review' (str/Defaults)
2025-03-05T02:07:29.135291+00:00 DEBUG 'ansible_navigator.main' After rollback: ansible_runner_artifact_dir = 'Not set' (Constants/Not set)
2025-03-05T02:07:29.135318+00:00 DEBUG 'ansible_navigator.main' After rollback: ansible_runner_rotate_artifacts_count = 'Not set' (Constants/Not set)
2025-03-05T02:07:29.135336+00:00 DEBUG 'ansible_navigator.main' After rollback: ansible_runner_timeout = 'Not set' (Constants/Not set)
2025-03-05T02:07:29.135354+00:00 DEBUG 'ansible_navigator.main' After rollback: app = 'Not set' (Constants/Not set)
2025-03-05T02:07:29.135372+00:00 DEBUG 'ansible_navigator.main' After rollback: cmdline = 'Not set' (Constants/Not set)
2025-03-05T02:07:29.135389+00:00 DEBUG 'ansible_navigator.main' After rollback: collection_doc_cache_path = 'Not set' (Constants/Not set)
2025-03-05T02:07:29.135407+00:00 DEBUG 'ansible_navigator.main' After rollback: config = 'Not set' (Constants/Not set)
2025-03-05T02:07:29.135425+00:00 DEBUG 'ansible_navigator.main' After rollback: container_engine = 'Not set' (Constants/Not set)
2025-03-05T02:07:29.135443+00:00 DEBUG 'ansible_navigator.main' After rollback: container_options = 'Not set' (Constants/Not set)
2025-03-05T02:07:29.135460+00:00 DEBUG 'ansible_navigator.main' After rollback: display_color = 'Not set' (Constants/Not set)
2025-03-05T02:07:29.135478+00:00 DEBUG 'ansible_navigator.main' After rollback: editor_command = 'Not set' (Constants/Not set)
2025-03-05T02:07:29.135497+00:00 DEBUG 'ansible_navigator.main' After rollback: editor_console = 'Not set' (Constants/Not set)
2025-03-05T02:07:29.135514+00:00 DEBUG 'ansible_navigator.main' After rollback: exec_command = 'Not set' (Constants/Not set)
2025-03-05T02:07:29.135532+00:00 DEBUG 'ansible_navigator.main' After rollback: exec_shell = 'Not set' (Constants/Not set)
2025-03-05T02:07:29.135550+00:00 DEBUG 'ansible_navigator.main' After rollback: execution_environment = 'Not set' (Constants/Not set)
2025-03-05T02:07:29.135567+00:00 DEBUG 'ansible_navigator.main' After rollback: execution_environment_image = 'Not set' (Constants/Not set)
2025-03-05T02:07:29.135585+00:00 DEBUG 'ansible_navigator.main' After rollback: execution_environment_volume_mounts = 'Not set' (Constants/Not set)
2025-03-05T02:07:29.135602+00:00 DEBUG 'ansible_navigator.main' After rollback: help_builder = 'Not set' (Constants/Not set)
2025-03-05T02:07:29.135619+00:00 DEBUG 'ansible_navigator.main' After rollback: help_config = 'Not set' (Constants/Not set)
2025-03-05T02:07:29.135636+00:00 DEBUG 'ansible_navigator.main' After rollback: help_doc = 'Not set' (Constants/Not set)
2025-03-05T02:07:29.135653+00:00 DEBUG 'ansible_navigator.main' After rollback: help_inventory = 'Not set' (Constants/Not set)
2025-03-05T02:07:29.135670+00:00 DEBUG 'ansible_navigator.main' After rollback: help_playbook = 'Not set' (Constants/Not set)
2025-03-05T02:07:29.135687+00:00 DEBUG 'ansible_navigator.main' After rollback: images_details = 'Not set' (Constants/Not set)
2025-03-05T02:07:29.135704+00:00 DEBUG 'ansible_navigator.main' After rollback: inventory = 'Not set' (Constants/Not set)
2025-03-05T02:07:29.135721+00:00 DEBUG 'ansible_navigator.main' After rollback: inventory_column = 'Not set' (Constants/Not set)
2025-03-05T02:07:29.135738+00:00 DEBUG 'ansible_navigator.main' After rollback: lint_config = 'Not set' (Constants/Not set)
2025-03-05T02:07:29.135756+00:00 DEBUG 'ansible_navigator.main' After rollback: lintables = 'Not set' (Constants/Not set)
2025-03-05T02:07:29.135772+00:00 DEBUG 'ansible_navigator.main' After rollback: log_append = 'Not set' (Constants/Not set)
2025-03-05T02:07:29.135790+00:00 DEBUG 'ansible_navigator.main' After rollback: log_file = 'Not set' (Constants/Not set)
2025-03-05T02:07:29.135807+00:00 DEBUG 'ansible_navigator.main' After rollback: log_level = 'Not set' (Constants/Not set)
2025-03-05T02:07:29.135823+00:00 DEBUG 'ansible_navigator.main' After rollback: mode = 'Not set' (Constants/Not set)
2025-03-05T02:07:29.135840+00:00 DEBUG 'ansible_navigator.main' After rollback: osc4 = 'Not set' (Constants/Not set)
2025-03-05T02:07:29.135857+00:00 DEBUG 'ansible_navigator.main' After rollback: pass_environment_variable = 'Not set' (Constants/Not set)
2025-03-05T02:07:29.135874+00:00 DEBUG 'ansible_navigator.main' After rollback: playbook = 'Not set' (Constants/Not set)
2025-03-05T02:07:29.135891+00:00 DEBUG 'ansible_navigator.main' After rollback: playbook_artifact_enable = 'Not set' (Constants/Not set)
2025-03-05T02:07:29.135908+00:00 DEBUG 'ansible_navigator.main' After rollback: playbook_artifact_replay = 'Not set' (Constants/Not set)
2025-03-05T02:07:29.135925+00:00 DEBUG 'ansible_navigator.main' After rollback: playbook_artifact_save_as = 'Not set' (Constants/Not set)
2025-03-05T02:07:29.135942+00:00 DEBUG 'ansible_navigator.main' After rollback: plugin_name = 'Not set' (Constants/Not set)
2025-03-05T02:07:29.135959+00:00 DEBUG 'ansible_navigator.main' After rollback: plugin_type = 'Not set' (Constants/Not set)
2025-03-05T02:07:29.135976+00:00 DEBUG 'ansible_navigator.main' After rollback: pull_arguments = 'Not set' (Constants/Not set)
2025-03-05T02:07:29.135993+00:00 DEBUG 'ansible_navigator.main' After rollback: pull_policy = 'Not set' (Constants/Not set)
2025-03-05T02:07:29.136010+00:00 DEBUG 'ansible_navigator.main' After rollback: set_environment_variable = 'Not set' (Constants/Not set)
2025-03-05T02:07:29.136027+00:00 DEBUG 'ansible_navigator.main' After rollback: settings_effective = 'Not set' (Constants/Not set)
2025-03-05T02:07:29.136044+00:00 DEBUG 'ansible_navigator.main' After rollback: settings_sample = 'Not set' (Constants/Not set)
2025-03-05T02:07:29.136062+00:00 DEBUG 'ansible_navigator.main' After rollback: settings_schema = 'Not set' (Constants/Not set)
2025-03-05T02:07:29.136080+00:00 DEBUG 'ansible_navigator.main' After rollback: settings_sources = 'Not set' (Constants/Not set)
2025-03-05T02:07:29.136097+00:00 DEBUG 'ansible_navigator.main' After rollback: time_zone = 'Not set' (Constants/Not set)
2025-03-05T02:07:29.136114+00:00 DEBUG 'ansible_navigator.main' After rollback: workdir = 'Not set' (Constants/Not set)
2025-03-05T02:07:29.136134+00:00 DEBUG 'ansible_navigator.main' Configuration rollback complete.
2025-03-05T02:07:29.136151+00:00 DEBUG 'ansible_navigator.main' Collection doc cache not mounted
2025-03-05T02:07:29.136179+00:00 WARNING 'ansible_navigator.main' Issues were found while applying the settings.
2025-03-05T02:07:29.136201+00:00 INFO 'ansible_navigator.main' Command provided: 'doc -m stdout'
2025-03-05T02:07:29.136224+00:00 ERROR 'ansible_navigator.main' Settings file found /home/master/ansible-review/ansible-navigator.yml, but failed to load it.
2025-03-05T02:07:29.136246+00:00 ERROR 'ansible_navigator.main'   error was: 'while parsing a block mapping   in "/home/master/ansible-review/ansible-navigator.yml", line 3, column 3 did not find expected key   in "/home/master/ansible-review/ansible-navigator.yml", line 7, column 4'
2025-03-05T02:07:29.136271+00:00 INFO 'ansible_navigator.main' Try checking the settings file '/home/master/ansible-review/ansible-navigator.yml'and ensure it is properly formatted
2025-03-05T02:07:29.136299+00:00 INFO 'ansible_navigator.main' Configuration failed, using default log file location. (/home/master/ansible-review/ansible-navigator.log) Log level set to debug
2025-03-05T02:07:29.136320+00:00 INFO 'ansible_navigator.main' Review the hints and log file to see what went wrong.
2025-03-05T02:08:47.430432+00:00 INFO 'ansible_navigator.setup_logger' New ansible-navigator instance, logging initialized
2025-03-05T02:08:47.430847+00:00 INFO 'ansible_navigator.setup_logger' New ansible-runner instance, logging initialized
2025-03-05T02:08:47.430902+00:00 DEBUG 'ansible_navigator.main' ansible-builder==1.1.0 /usr/lib/python3.9/site-packages
2025-03-05T02:08:47.430933+00:00 DEBUG 'ansible_navigator.main' ansible-core==2.14.17 /usr/lib/python3.9/site-packages
2025-03-05T02:08:47.430961+00:00 DEBUG 'ansible_navigator.main' ansible-navigator==2.1.0 /usr/lib/python3.9/site-packages
2025-03-05T02:08:47.430987+00:00 DEBUG 'ansible_navigator.main' ansible-runner==2.2.2 /usr/lib/python3.9/site-packages
2025-03-05T02:08:47.431012+00:00 DEBUG 'ansible_navigator.main' attrs==21.4.0 /usr/lib/python3.9/site-packages
2025-03-05T02:08:47.431037+00:00 DEBUG 'ansible_navigator.main' bindep==2.10.2 /usr/lib/python3.9/site-packages
2025-03-05T02:08:47.431061+00:00 DEBUG 'ansible_navigator.main' brlapi==0.8.2 /usr/lib64/python3.9/site-packages
2025-03-05T02:08:47.431085+00:00 DEBUG 'ansible_navigator.main' cffi==1.15.0 /usr/lib64/python3.9/site-packages
2025-03-05T02:08:47.431108+00:00 DEBUG 'ansible_navigator.main' chardet==4.0.0 /usr/lib/python3.9/site-packages
2025-03-05T02:08:47.431131+00:00 DEBUG 'ansible_navigator.main' cockpit==311.1 /usr/lib/python3.9/site-packages
2025-03-05T02:08:47.431155+00:00 DEBUG 'ansible_navigator.main' cryptography==36.0.1 /usr/lib64/python3.9/site-packages
2025-03-05T02:08:47.431179+00:00 DEBUG 'ansible_navigator.main' cupshelpers==1.0 /usr/lib/python3.9/site-packages
2025-03-05T02:08:47.431203+00:00 DEBUG 'ansible_navigator.main' dasbus==1.4 /usr/lib/python3.9/site-packages
2025-03-05T02:08:47.431226+00:00 DEBUG 'ansible_navigator.main' dbus-python==1.2.18 /usr/lib64/python3.9/site-packages
2025-03-05T02:08:47.431248+00:00 DEBUG 'ansible_navigator.main' decorator==4.4.2 /usr/lib/python3.9/site-packages
2025-03-05T02:08:47.431271+00:00 DEBUG 'ansible_navigator.main' distro==1.5.0 /usr/lib/python3.9/site-packages
2025-03-05T02:08:47.431293+00:00 DEBUG 'ansible_navigator.main' docutils==0.16 /usr/lib/python3.9/site-packages
2025-03-05T02:08:47.431323+00:00 DEBUG 'ansible_navigator.main' file-magic==0.4.0 /usr/lib/python3.9/site-packages
2025-03-05T02:08:47.431347+00:00 DEBUG 'ansible_navigator.main' gpg==1.15.1 /usr/lib64/python3.9/site-packages
2025-03-05T02:08:47.431370+00:00 DEBUG 'ansible_navigator.main' idna==2.10 /usr/lib/python3.9/site-packages
2025-03-05T02:08:47.431393+00:00 DEBUG 'ansible_navigator.main' importlib-metadata==4.10.1 /usr/lib/python3.9/site-packages
2025-03-05T02:08:47.431416+00:00 DEBUG 'ansible_navigator.main' iniparse==0.4 /usr/lib/python3.9/site-packages
2025-03-05T02:08:47.431438+00:00 DEBUG 'ansible_navigator.main' jinja2==3.0.3 /usr/lib/python3.9/site-packages
2025-03-05T02:08:47.431461+00:00 DEBUG 'ansible_navigator.main' jsonschema==4.6.0 /usr/lib/python3.9/site-packages
2025-03-05T02:08:47.431484+00:00 DEBUG 'ansible_navigator.main' libcomps==0.1.18 /usr/lib64/python3.9/site-packages
2025-03-05T02:08:47.431506+00:00 DEBUG 'ansible_navigator.main' lockfile==0.12.2 /usr/lib/python3.9/site-packages
2025-03-05T02:08:47.431528+00:00 DEBUG 'ansible_navigator.main' lxml==4.6.5 /usr/lib64/python3.9/site-packages
2025-03-05T02:08:47.431551+00:00 DEBUG 'ansible_navigator.main' markupsafe==2.1.0 /usr/lib64/python3.9/site-packages
2025-03-05T02:08:47.431573+00:00 DEBUG 'ansible_navigator.main' nftables==0.1 /usr/lib/python3.9/site-packages
2025-03-05T02:08:47.431595+00:00 DEBUG 'ansible_navigator.main' onigurumacffi==1.1.0 /usr/lib64/python3.9/site-packages
2025-03-05T02:08:47.431617+00:00 DEBUG 'ansible_navigator.main' packaging==21.3 /usr/lib/python3.9/site-packages
2025-03-05T02:08:47.431639+00:00 DEBUG 'ansible_navigator.main' parsley==1.3 /usr/lib/python3.9/site-packages
2025-03-05T02:08:47.431662+00:00 DEBUG 'ansible_navigator.main' pbr==5.8.1 /usr/lib/python3.9/site-packages
2025-03-05T02:08:47.431685+00:00 DEBUG 'ansible_navigator.main' perf==0.1 /usr/lib64/python3.9/site-packages
2025-03-05T02:08:47.431707+00:00 DEBUG 'ansible_navigator.main' pexpect==4.8.0 /usr/lib/python3.9/site-packages
2025-03-05T02:08:47.431730+00:00 DEBUG 'ansible_navigator.main' psutil==5.8.0 /usr/lib64/python3.9/site-packages
2025-03-05T02:08:47.431752+00:00 DEBUG 'ansible_navigator.main' ptyprocess==0.6.0 /usr/lib/python3.9/site-packages
2025-03-05T02:08:47.431775+00:00 DEBUG 'ansible_navigator.main' pycairo==1.20.1 /usr/lib64/python3.9/site-packages
2025-03-05T02:08:47.431797+00:00 DEBUG 'ansible_navigator.main' pycparser==2.21 /usr/lib/python3.9/site-packages
2025-03-05T02:08:47.431824+00:00 DEBUG 'ansible_navigator.main' pycups==2.0.1 /usr/lib64/python3.9/site-packages
2025-03-05T02:08:47.431859+00:00 DEBUG 'ansible_navigator.main' pycurl==7.43.0.6 /usr/lib64/python3.9/site-packages
2025-03-05T02:08:47.431896+00:00 DEBUG 'ansible_navigator.main' pygobject==3.40.1 /usr/lib64/python3.9/site-packages
2025-03-05T02:08:47.431937+00:00 DEBUG 'ansible_navigator.main' pyinotify==0.9.6 /usr/lib/python3.9/site-packages
2025-03-05T02:08:47.431980+00:00 DEBUG 'ansible_navigator.main' pyparsing==2.4.7 /usr/lib/python3.9/site-packages
2025-03-05T02:08:47.432022+00:00 DEBUG 'ansible_navigator.main' pyrsistent==0.17.3 /usr/lib64/python3.9/site-packages
2025-03-05T02:08:47.432068+00:00 DEBUG 'ansible_navigator.main' pysocks==1.7.1 /usr/lib/python3.9/site-packages
2025-03-05T02:08:47.432112+00:00 DEBUG 'ansible_navigator.main' python-daemon==2.3.0 /usr/lib/python3.9/site-packages
2025-03-05T02:08:47.432155+00:00 DEBUG 'ansible_navigator.main' python-dateutil==2.8.1 /usr/lib/python3.9/site-packages
2025-03-05T02:08:47.432199+00:00 DEBUG 'ansible_navigator.main' python-linux-procfs==0.7.3 /usr/lib/python3.9/site-packages
2025-03-05T02:08:47.432242+00:00 DEBUG 'ansible_navigator.main' pyudev==0.22.0 /usr/lib/python3.9/site-packages
2025-03-05T02:08:47.432284+00:00 DEBUG 'ansible_navigator.main' pyyaml==5.4.1 /usr/lib64/python3.9/site-packages
2025-03-05T02:08:47.432326+00:00 DEBUG 'ansible_navigator.main' requests==2.25.1 /usr/lib/python3.9/site-packages
2025-03-05T02:08:47.432372+00:00 DEBUG 'ansible_navigator.main' requirements-parser==0.2.0 /usr/lib/python3.9/site-packages
2025-03-05T02:08:47.432419+00:00 DEBUG 'ansible_navigator.main' resolvelib==0.5.4 /usr/lib/python3.9/site-packages
2025-03-05T02:08:47.432462+00:00 DEBUG 'ansible_navigator.main' rpm==4.16.1.3 /usr/lib64/python3.9/site-packages
2025-03-05T02:08:47.432504+00:00 DEBUG 'ansible_navigator.main' selinux==3.6 /usr/lib64/python3.9/site-packages
2025-03-05T02:08:47.432547+00:00 DEBUG 'ansible_navigator.main' sepolicy==3.6 /usr/lib/python3.9/site-packages
2025-03-05T02:08:47.432589+00:00 DEBUG 'ansible_navigator.main' setools==4.4.4 /usr/lib64/python3.9/site-packages
2025-03-05T02:08:47.432631+00:00 DEBUG 'ansible_navigator.main' setroubleshoot==3.3.32 /usr/lib/python3.9/site-packages
2025-03-05T02:08:47.432673+00:00 DEBUG 'ansible_navigator.main' setuptools==53.0.0 /usr/lib/python3.9/site-packages
2025-03-05T02:08:47.432715+00:00 DEBUG 'ansible_navigator.main' six==1.15.0 /usr/lib/python3.9/site-packages
2025-03-05T02:08:47.432757+00:00 DEBUG 'ansible_navigator.main' sos==4.6.1 /usr/lib/python3.9/site-packages
2025-03-05T02:08:47.432800+00:00 DEBUG 'ansible_navigator.main' subscription-manager==1.29.40 /usr/lib64/python3.9/site-packages
2025-03-05T02:08:47.432842+00:00 DEBUG 'ansible_navigator.main' systemd-python==234 /usr/lib64/python3.9/site-packages
2025-03-05T02:08:47.432884+00:00 DEBUG 'ansible_navigator.main' typing-extensions==3.10.0.2 /usr/lib/python3.9/site-packages
2025-03-05T02:08:47.432925+00:00 DEBUG 'ansible_navigator.main' urllib3==1.26.5 /usr/lib/python3.9/site-packages
2025-03-05T02:08:47.432966+00:00 DEBUG 'ansible_navigator.main' zipp==3.4.0 /usr/lib/python3.9/site-packages
2025-03-05T02:08:47.433009+00:00 DEBUG 'ansible_navigator.main' Share directory '/usr/lib/python3.9/share/ansible_navigator' not found (development path)
2025-03-05T02:08:47.433052+00:00 DEBUG 'ansible_navigator.main' Share directory '/home/master/.local/share/ansible_navigator' not found (userbase)
2025-03-05T02:08:47.433093+00:00 DEBUG 'ansible_navigator.main' Share directory '/usr/share/ansible_navigator' found (sys.prefix)
2025-03-05T02:08:47.433129+00:00 DEBUG 'ansible_navigator.main' Default collection_doc_cache_path set to: /home/master/.cache/ansible-navigator/collection_doc_cache.db
2025-03-05T02:08:47.433165+00:00 DEBUG 'ansible_navigator.main' EDITOR environment variable not set
2025-03-05T02:08:47.433203+00:00 DEBUG 'ansible_navigator.main' Default editor_command set to: vi +{line_number} {filename}
2025-03-05T02:08:47.433233+00:00 DEBUG 'ansible_navigator.main' No config file set by ANSIBLE_NAVIGATOR_CONFIG
2025-03-05T02:08:47.433262+00:00 DEBUG 'ansible_navigator.main' Looking in /home/master
2025-03-05T02:08:47.433298+00:00 DEBUG 'ansible_navigator.main' Looking for '/home/master/.ansible-navigator.yml', '/home/master/.ansible-navigator.yaml' and '/home/master/.ansible-navigator.json'
2025-03-05T02:08:47.433343+00:00 DEBUG 'ansible_navigator.main' Found 0: 
2025-03-05T02:08:47.433379+00:00 DEBUG 'ansible_navigator.main' Looking in /home/master/ansible-review
2025-03-05T02:08:47.433416+00:00 DEBUG 'ansible_navigator.main' Looking for '/home/master/ansible-review/ansible-navigator.yml', '/home/master/ansible-review/ansible-navigator.yaml' and '/home/master/ansible-review/ansible-navigator.json'
2025-03-05T02:08:47.433459+00:00 DEBUG 'ansible_navigator.main' Found 1: '/home/master/ansible-review/ansible-navigator.yml'
2025-03-05T02:08:47.433495+00:00 DEBUG 'ansible_navigator.main' All found 1: '/home/master/ansible-review/ansible-navigator.yml'
2025-03-05T02:08:47.433530+00:00 DEBUG 'ansible_navigator.main' Using: /home/master/ansible-review/ansible-navigator.yml
2025-03-05T02:08:47.433569+00:00 DEBUG 'ansible_navigator.main' Using settings file at /home/master/ansible-review/ansible-navigator.yml in search path
2025-03-05T02:08:47.433610+00:00 DEBUG 'ansible_navigator.main' Command provided: 'doc -m stdout'
2025-03-05T02:08:47.433659+00:00 DEBUG 'ansible_navigator.main' ansible-navigator.ansible-runner.artifact-dir not found in settings file
2025-03-05T02:08:47.433706+00:00 DEBUG 'ansible_navigator.main' ansible-navigator.ansible-runner.rotate-artifacts-count not found in settings file
2025-03-05T02:08:47.433762+00:00 DEBUG 'ansible_navigator.main' ansible-navigator.ansible-runner.timeout not found in settings file
2025-03-05T02:08:47.433808+00:00 DEBUG 'ansible_navigator.main' ansible-navigator.app not found in settings file
2025-03-05T02:08:47.433849+00:00 DEBUG 'ansible_navigator.main' ansible-navigator.ansible.cmdline not found in settings file
2025-03-05T02:08:47.433892+00:00 DEBUG 'ansible_navigator.main' ansible-navigator.collection-doc-cache-path not found in settings file
2025-03-05T02:08:47.433933+00:00 DEBUG 'ansible_navigator.main' ansible-navigator.ansible.config.path not found in settings file
2025-03-05T02:08:47.433970+00:00 DEBUG 'ansible_navigator.main' ansible-navigator.execution-environment.container-engine not found in settings file
2025-03-05T02:08:47.433995+00:00 DEBUG 'ansible_navigator.main' ansible-navigator.execution-environment.container-options not found in settings file
2025-03-05T02:08:47.434018+00:00 DEBUG 'ansible_navigator.main' ansible-navigator.color.enable not found in settings file
2025-03-05T02:08:47.434042+00:00 DEBUG 'ansible_navigator.main' ansible-navigator.editor.command not found in settings file
2025-03-05T02:08:47.434065+00:00 DEBUG 'ansible_navigator.main' ansible-navigator.editor.console not found in settings file
2025-03-05T02:08:47.434088+00:00 DEBUG 'ansible_navigator.main' ansible-navigator.exec.command not found in settings file
2025-03-05T02:08:47.434110+00:00 DEBUG 'ansible_navigator.main' ansible-navigator.exec.shell not found in settings file
2025-03-05T02:08:47.434132+00:00 DEBUG 'ansible_navigator.main' ansible-navigator.execution-environment.enabled not found in settings file
2025-03-05T02:08:47.434155+00:00 DEBUG 'ansible_navigator.main' ansible-navigator.execution-environment.volume-mounts not found in settings file
2025-03-05T02:08:47.434177+00:00 DEBUG 'ansible_navigator.main' ansible-navigator.ansible-builder.help not found in settings file
2025-03-05T02:08:47.434199+00:00 DEBUG 'ansible_navigator.main' ansible-navigator.ansible.config.help not found in settings file
2025-03-05T02:08:47.434222+00:00 DEBUG 'ansible_navigator.main' ansible-navigator.ansible.doc.help not found in settings file
2025-03-05T02:08:47.434244+00:00 DEBUG 'ansible_navigator.main' ansible-navigator.ansible.inventory.help not found in settings file
2025-03-05T02:08:47.434266+00:00 DEBUG 'ansible_navigator.main' ansible-navigator.ansible.playbook.help not found in settings file
2025-03-05T02:08:47.434288+00:00 DEBUG 'ansible_navigator.main' ansible-navigator.images.details not found in settings file
2025-03-05T02:08:47.434311+00:00 DEBUG 'ansible_navigator.main' ansible-navigator.ansible.inventory.entries not found in settings file
2025-03-05T02:08:47.434334+00:00 DEBUG 'ansible_navigator.main' ansible-navigator.inventory-columns not found in settings file
2025-03-05T02:08:47.434361+00:00 DEBUG 'ansible_navigator.main' ansible-navigator.ansible-lint.config not found in settings file
2025-03-05T02:08:47.434385+00:00 DEBUG 'ansible_navigator.main' ansible-navigator.ansible-lint.lintables not found in settings file
2025-03-05T02:08:47.434407+00:00 DEBUG 'ansible_navigator.main' ansible-navigator.logging.append not found in settings file
2025-03-05T02:08:47.434430+00:00 DEBUG 'ansible_navigator.main' ansible-navigator.logging.file not found in settings file
2025-03-05T02:08:47.434451+00:00 DEBUG 'ansible_navigator.main' ansible-navigator.logging.level not found in settings file
2025-03-05T02:08:47.434474+00:00 DEBUG 'ansible_navigator.main' ansible-navigator.mode not found in settings file
2025-03-05T02:08:47.434495+00:00 DEBUG 'ansible_navigator.main' ansible-navigator.color.osc4 not found in settings file
2025-03-05T02:08:47.434517+00:00 DEBUG 'ansible_navigator.main' ansible-navigator.execution-environment.environment-variables.pass not found in settings file
2025-03-05T02:08:47.434539+00:00 DEBUG 'ansible_navigator.main' ansible-navigator.ansible.playbook.path not found in settings file
2025-03-05T02:08:47.434577+00:00 DEBUG 'ansible_navigator.main' ansible-navigator.playbook-artifact.replay not found in settings file
2025-03-05T02:08:47.434603+00:00 DEBUG 'ansible_navigator.main' ansible-navigator.playbook-artifact.save-as not found in settings file
2025-03-05T02:08:47.434624+00:00 DEBUG 'ansible_navigator.main' ansible-navigator.ansible.doc.plugin.name not found in settings file
2025-03-05T02:08:47.434647+00:00 DEBUG 'ansible_navigator.main' ansible-navigator.ansible.doc.plugin.type not found in settings file
2025-03-05T02:08:47.434669+00:00 DEBUG 'ansible_navigator.main' ansible-navigator.execution-environment.pull.arguments not found in settings file
2025-03-05T02:08:47.434691+00:00 DEBUG 'ansible_navigator.main' ansible-navigator.execution-environment.environment-variables.set not found in settings file
2025-03-05T02:08:47.434713+00:00 DEBUG 'ansible_navigator.main' ansible-navigator.settings.effective not found in settings file
2025-03-05T02:08:47.434735+00:00 DEBUG 'ansible_navigator.main' ansible-navigator.settings.sample not found in settings file
2025-03-05T02:08:47.434756+00:00 DEBUG 'ansible_navigator.main' ansible-navigator.settings.schema not found in settings file
2025-03-05T02:08:47.434778+00:00 DEBUG 'ansible_navigator.main' ansible-navigator.settings.sources not found in settings file
2025-03-05T02:08:47.434800+00:00 DEBUG 'ansible_navigator.main' ansible-navigator.time-zone not found in settings file
2025-03-05T02:08:47.434822+00:00 DEBUG 'ansible_navigator.main' ansible-navigator.ansible-builder.workdir not found in settings file
2025-03-05T02:08:47.434845+00:00 DEBUG 'ansible_navigator.main' EE support enabled: using current working directory for 'ansible.cfg'
2025-03-05T02:08:47.434866+00:00 INFO 'ansible_navigator.main' EE support enabled: found 'ansible.cfg' in current working directory.
2025-03-05T02:08:47.434888+00:00 DEBUG 'ansible_navigator.main' Completed post processing for ansible_runner_artifact_dir. (changed=False)
2025-03-05T02:08:47.434911+00:00 DEBUG 'ansible_navigator.main' Completed post processing for ansible_runner_rotate_artifacts_count. (changed=False)
2025-03-05T02:08:47.434932+00:00 DEBUG 'ansible_navigator.main' Completed post processing for ansible_runner_timeout. (changed=False)
2025-03-05T02:08:47.434954+00:00 DEBUG 'ansible_navigator.main' Completed post processing for cmdline. (changed=False)
2025-03-05T02:08:47.434976+00:00 DEBUG 'ansible_navigator.main' Completed post processing for collection_doc_cache_path. (changed=False)
2025-03-05T02:08:47.434998+00:00 DEBUG 'ansible_navigator.main' Completed post processing for container_engine. (changed=True)
2025-03-05T02:08:47.435020+00:00 DEBUG 'ansible_navigator.main'  before: 'auto'
2025-03-05T02:08:47.435042+00:00 DEBUG 'ansible_navigator.main'  after: 'podman'
2025-03-05T02:08:47.435064+00:00 DEBUG 'ansible_navigator.main' Completed post processing for container_options. (changed=False)
2025-03-05T02:08:47.435085+00:00 DEBUG 'ansible_navigator.main' Completed post processing for display_color. (changed=False)
2025-03-05T02:08:47.435107+00:00 DEBUG 'ansible_navigator.main' Completed post processing for execution_environment. (changed=False)
2025-03-05T02:08:47.435129+00:00 DEBUG 'ansible_navigator.main' Completed post processing for execution_environment_image. (changed=False)
2025-03-05T02:08:47.435151+00:00 DEBUG 'ansible_navigator.main' Completed post processing for help_builder. (changed=False)
2025-03-05T02:08:47.435173+00:00 DEBUG 'ansible_navigator.main' Completed post processing for help_config. (changed=False)
2025-03-05T02:08:47.435194+00:00 DEBUG 'ansible_navigator.main' Completed post processing for help_doc. (changed=False)
2025-03-05T02:08:47.435216+00:00 DEBUG 'ansible_navigator.main' Completed post processing for help_inventory. (changed=False)
2025-03-05T02:08:47.435238+00:00 DEBUG 'ansible_navigator.main' Completed post processing for help_playbook. (changed=False)
2025-03-05T02:08:47.435259+00:00 DEBUG 'ansible_navigator.main' Completed post processing for images_details. (changed=False)
2025-03-05T02:08:47.435282+00:00 DEBUG 'ansible_navigator.main' Completed post processing for inventory. (changed=True)
2025-03-05T02:08:47.435304+00:00 DEBUG 'ansible_navigator.main'  before: 'Not set'
2025-03-05T02:08:47.435326+00:00 DEBUG 'ansible_navigator.main'  after: '['/home/master/ansible-review/inventory']'
2025-03-05T02:08:47.435348+00:00 DEBUG 'ansible_navigator.main' Completed post processing for inventory_column. (changed=False)
2025-03-05T02:08:47.435369+00:00 DEBUG 'ansible_navigator.main' Completed post processing for log_file. (changed=False)
2025-03-05T02:08:47.435391+00:00 DEBUG 'ansible_navigator.main' Completed post processing for pass_environment_variable. (changed=False)
2025-03-05T02:08:47.435412+00:00 DEBUG 'ansible_navigator.main' Completed post processing for playbook. (changed=False)
2025-03-05T02:08:47.435436+00:00 DEBUG 'ansible_navigator.main' Completed post processing for playbook_artifact_replay. (changed=False)
2025-03-05T02:08:47.435474+00:00 DEBUG 'ansible_navigator.main' Completed post processing for playbook_artifact_save_as. (changed=False)
2025-03-05T02:08:47.435511+00:00 DEBUG 'ansible_navigator.main' Completed post processing for plugin_name. (changed=False)
2025-03-05T02:08:47.435545+00:00 DEBUG 'ansible_navigator.main' Completed post processing for pull_arguments. (changed=False)
2025-03-05T02:08:47.435578+00:00 DEBUG 'ansible_navigator.main' Completed post processing for set_environment_variable. (changed=False)
2025-03-05T02:08:47.435615+00:00 DEBUG 'ansible_navigator.main' Completed post processing for settings_effective. (changed=False)
2025-03-05T02:08:47.435641+00:00 DEBUG 'ansible_navigator.main' Completed post processing for settings_sample. (changed=False)
2025-03-05T02:08:47.435664+00:00 DEBUG 'ansible_navigator.main' Completed post processing for settings_schema. (changed=False)
2025-03-05T02:08:47.435686+00:00 DEBUG 'ansible_navigator.main' Completed post processing for settings_sources. (changed=False)
2025-03-05T02:08:47.435708+00:00 DEBUG 'ansible_navigator.main' Completed post processing for time_zone. (changed=False)
2025-03-05T02:08:47.435730+00:00 DEBUG 'ansible_navigator.main' Completed post processing for execution_environment_volume_mounts. (changed=False)
2025-03-05T02:08:47.435752+00:00 DEBUG 'ansible_navigator.main' Completed post processing for mode. (changed=False)
2025-03-05T02:08:47.435781+00:00 WARNING 'ansible_navigator.main' Configuration errors encountered, rolling back to previous configuration.
2025-03-05T02:08:47.435806+00:00 DEBUG 'ansible_navigator.main' Prior to rollback: ansible_runner_artifact_dir = 'Not set' (Constants/Not set)
2025-03-05T02:08:47.435830+00:00 DEBUG 'ansible_navigator.main' Prior to rollback: ansible_runner_rotate_artifacts_count = 'Not set' (Constants/Not set)
2025-03-05T02:08:47.435853+00:00 DEBUG 'ansible_navigator.main' Prior to rollback: ansible_runner_timeout = 'Not set' (Constants/Not set)
2025-03-05T02:08:47.435876+00:00 DEBUG 'ansible_navigator.main' Prior to rollback: app = 'doc' (str/Command line)
2025-03-05T02:08:47.436075+00:00 DEBUG 'ansible_navigator.main' Prior to rollback: cmdline = 'Not set' (Constants/Not set)
2025-03-05T02:08:47.436124+00:00 DEBUG 'ansible_navigator.main' Prior to rollback: collection_doc_cache_path = '/home/master/.cache/ansible-navigator/collection_doc_cache.db' (str/Defaults)
2025-03-05T02:08:47.436152+00:00 DEBUG 'ansible_navigator.main' Prior to rollback: config = 'Not set' (Constants/Not set)
2025-03-05T02:08:47.436177+00:00 DEBUG 'ansible_navigator.main' Prior to rollback: container_engine = 'podman' (str/Automatically determined)
2025-03-05T02:08:47.436201+00:00 DEBUG 'ansible_navigator.main' Prior to rollback: container_options = 'Not set' (Constants/Not set)
2025-03-05T02:08:47.436224+00:00 DEBUG 'ansible_navigator.main' Prior to rollback: display_color = 'True' (bool/Defaults)
2025-03-05T02:08:47.436248+00:00 DEBUG 'ansible_navigator.main' Prior to rollback: editor_command = 'vi +{line_number} {filename}' (str/Defaults)
2025-03-05T02:08:47.436276+00:00 DEBUG 'ansible_navigator.main' Prior to rollback: editor_console = 'True' (bool/Defaults)
2025-03-05T02:08:47.436300+00:00 DEBUG 'ansible_navigator.main' Prior to rollback: exec_command = '/bin/bash' (str/Defaults)
2025-03-05T02:08:47.436323+00:00 DEBUG 'ansible_navigator.main' Prior to rollback: exec_shell = 'True' (bool/Defaults)
2025-03-05T02:08:47.436346+00:00 DEBUG 'ansible_navigator.main' Prior to rollback: execution_environment = 'True' (bool/Defaults)
2025-03-05T02:08:47.436369+00:00 DEBUG 'ansible_navigator.main' Prior to rollback: execution_environment_image = 'registry.redhat.io/ansible-automation-platform-22/ee-supported-rhel8:latest' (str/Settings file)
2025-03-05T02:08:47.436393+00:00 DEBUG 'ansible_navigator.main' Prior to rollback: execution_environment_volume_mounts = 'Not set' (Constants/Not set)
2025-03-05T02:08:47.436416+00:00 DEBUG 'ansible_navigator.main' Prior to rollback: help_builder = 'False' (bool/Defaults)
2025-03-05T02:08:47.436438+00:00 DEBUG 'ansible_navigator.main' Prior to rollback: help_config = 'False' (bool/Defaults)
2025-03-05T02:08:47.436464+00:00 DEBUG 'ansible_navigator.main' Prior to rollback: help_doc = 'False' (bool/Defaults)
2025-03-05T02:08:47.436502+00:00 DEBUG 'ansible_navigator.main' Prior to rollback: help_inventory = 'False' (bool/Defaults)
2025-03-05T02:08:47.436536+00:00 DEBUG 'ansible_navigator.main' Prior to rollback: help_playbook = 'False' (bool/Defaults)
2025-03-05T02:08:47.436561+00:00 DEBUG 'ansible_navigator.main' Prior to rollback: images_details = '['everything']' (list/Defaults)
2025-03-05T02:08:47.436585+00:00 DEBUG 'ansible_navigator.main' Prior to rollback: inventory = '['/home/master/ansible-review/inventory']' (list/Ansible configuration file)
2025-03-05T02:08:47.436609+00:00 DEBUG 'ansible_navigator.main' Prior to rollback: inventory_column = 'Not set' (Constants/Not set)
2025-03-05T02:08:47.436631+00:00 DEBUG 'ansible_navigator.main' Prior to rollback: lint_config = 'Not set' (Constants/Not set)
2025-03-05T02:08:47.436663+00:00 DEBUG 'ansible_navigator.main' Prior to rollback: lintables = 'Not set' (Constants/Not set)
2025-03-05T02:08:47.436700+00:00 DEBUG 'ansible_navigator.main' Prior to rollback: log_append = 'True' (bool/Defaults)
2025-03-05T02:08:47.436738+00:00 DEBUG 'ansible_navigator.main' Prior to rollback: log_file = '/home/master/ansible-review/ansible-navigator.log' (str/Defaults)
2025-03-05T02:08:47.436786+00:00 DEBUG 'ansible_navigator.main' Prior to rollback: log_level = 'warning' (str/Defaults)
2025-03-05T02:08:47.436823+00:00 DEBUG 'ansible_navigator.main' Prior to rollback: mode = 'stdout' (str/Command line)
2025-03-05T02:08:47.436848+00:00 DEBUG 'ansible_navigator.main' Prior to rollback: osc4 = 'True' (bool/Defaults)
2025-03-05T02:08:47.436872+00:00 DEBUG 'ansible_navigator.main' Prior to rollback: pass_environment_variable = 'Not set' (Constants/Not set)
2025-03-05T02:08:47.436894+00:00 DEBUG 'ansible_navigator.main' Prior to rollback: playbook = 'Not set' (Constants/Not set)
2025-03-05T02:08:47.436917+00:00 DEBUG 'ansible_navigator.main' Prior to rollback: playbook_artifact_enable = 'False' (bool/Settings file)
2025-03-05T02:08:47.436940+00:00 DEBUG 'ansible_navigator.main' Prior to rollback: playbook_artifact_replay = 'Not set' (Constants/Not set)
2025-03-05T02:08:47.436968+00:00 DEBUG 'ansible_navigator.main' Prior to rollback: playbook_artifact_save_as = '{playbook_dir}/{playbook_name}-artifact-{time_stamp}.json' (str/Defaults)
2025-03-05T02:08:47.436991+00:00 DEBUG 'ansible_navigator.main' Prior to rollback: plugin_name = 'Not set' (Constants/Not set)
2025-03-05T02:08:47.437014+00:00 DEBUG 'ansible_navigator.main' Prior to rollback: plugin_type = 'module' (str/Defaults)
2025-03-05T02:08:47.437039+00:00 DEBUG 'ansible_navigator.main' Prior to rollback: pull_arguments = 'Not set' (Constants/Not set)
2025-03-05T02:08:47.437061+00:00 DEBUG 'ansible_navigator.main' Prior to rollback: pull_policy = 'missing' (str/Settings file)
2025-03-05T02:08:47.437083+00:00 DEBUG 'ansible_navigator.main' Prior to rollback: set_environment_variable = 'Not set' (Constants/Not set)
2025-03-05T02:08:47.437114+00:00 DEBUG 'ansible_navigator.main' Prior to rollback: settings_effective = 'False' (bool/Defaults)
2025-03-05T02:08:47.437137+00:00 DEBUG 'ansible_navigator.main' Prior to rollback: settings_sample = 'False' (bool/Defaults)
2025-03-05T02:08:47.437160+00:00 DEBUG 'ansible_navigator.main' Prior to rollback: settings_schema = 'json' (str/Defaults)
2025-03-05T02:08:47.437181+00:00 DEBUG 'ansible_navigator.main' Prior to rollback: settings_sources = 'False' (bool/Defaults)
2025-03-05T02:08:47.437203+00:00 DEBUG 'ansible_navigator.main' Prior to rollback: time_zone = 'UTC' (str/Defaults)
2025-03-05T02:08:47.437226+00:00 DEBUG 'ansible_navigator.main' Prior to rollback: workdir = '/home/master/ansible-review' (str/Defaults)
2025-03-05T02:08:47.437248+00:00 DEBUG 'ansible_navigator.main' After rollback: ansible_runner_artifact_dir = 'Not set' (Constants/Not set)
2025-03-05T02:08:47.437270+00:00 DEBUG 'ansible_navigator.main' After rollback: ansible_runner_rotate_artifacts_count = 'Not set' (Constants/Not set)
2025-03-05T02:08:47.437293+00:00 DEBUG 'ansible_navigator.main' After rollback: ansible_runner_timeout = 'Not set' (Constants/Not set)
2025-03-05T02:08:47.437315+00:00 DEBUG 'ansible_navigator.main' After rollback: app = 'Not set' (Constants/Not set)
2025-03-05T02:08:47.437337+00:00 DEBUG 'ansible_navigator.main' After rollback: cmdline = 'Not set' (Constants/Not set)
2025-03-05T02:08:47.437360+00:00 DEBUG 'ansible_navigator.main' After rollback: collection_doc_cache_path = 'Not set' (Constants/Not set)
2025-03-05T02:08:47.437381+00:00 DEBUG 'ansible_navigator.main' After rollback: config = 'Not set' (Constants/Not set)
2025-03-05T02:08:47.437403+00:00 DEBUG 'ansible_navigator.main' After rollback: container_engine = 'Not set' (Constants/Not set)
2025-03-05T02:08:47.437425+00:00 DEBUG 'ansible_navigator.main' After rollback: container_options = 'Not set' (Constants/Not set)
2025-03-05T02:08:47.437449+00:00 DEBUG 'ansible_navigator.main' After rollback: display_color = 'Not set' (Constants/Not set)
2025-03-05T02:08:47.437491+00:00 DEBUG 'ansible_navigator.main' After rollback: editor_command = 'Not set' (Constants/Not set)
2025-03-05T02:08:47.437519+00:00 DEBUG 'ansible_navigator.main' After rollback: editor_console = 'Not set' (Constants/Not set)
2025-03-05T02:08:47.437542+00:00 DEBUG 'ansible_navigator.main' After rollback: exec_command = 'Not set' (Constants/Not set)
2025-03-05T02:08:47.437564+00:00 DEBUG 'ansible_navigator.main' After rollback: exec_shell = 'Not set' (Constants/Not set)
2025-03-05T02:08:47.437586+00:00 DEBUG 'ansible_navigator.main' After rollback: execution_environment = 'Not set' (Constants/Not set)
2025-03-05T02:08:47.437607+00:00 DEBUG 'ansible_navigator.main' After rollback: execution_environment_image = 'Not set' (Constants/Not set)
2025-03-05T02:08:47.437629+00:00 DEBUG 'ansible_navigator.main' After rollback: execution_environment_volume_mounts = 'Not set' (Constants/Not set)
2025-03-05T02:08:47.437651+00:00 DEBUG 'ansible_navigator.main' After rollback: help_builder = 'Not set' (Constants/Not set)
2025-03-05T02:08:47.437673+00:00 DEBUG 'ansible_navigator.main' After rollback: help_config = 'Not set' (Constants/Not set)
2025-03-05T02:08:47.437695+00:00 DEBUG 'ansible_navigator.main' After rollback: help_doc = 'Not set' (Constants/Not set)
2025-03-05T02:08:47.437716+00:00 DEBUG 'ansible_navigator.main' After rollback: help_inventory = 'Not set' (Constants/Not set)
2025-03-05T02:08:47.437738+00:00 DEBUG 'ansible_navigator.main' After rollback: help_playbook = 'Not set' (Constants/Not set)
2025-03-05T02:08:47.437759+00:00 DEBUG 'ansible_navigator.main' After rollback: images_details = 'Not set' (Constants/Not set)
2025-03-05T02:08:47.437788+00:00 DEBUG 'ansible_navigator.main' After rollback: inventory = 'Not set' (Constants/Not set)
2025-03-05T02:08:47.437820+00:00 DEBUG 'ansible_navigator.main' After rollback: inventory_column = 'Not set' (Constants/Not set)
2025-03-05T02:08:47.437854+00:00 DEBUG 'ansible_navigator.main' After rollback: lint_config = 'Not set' (Constants/Not set)
2025-03-05T02:08:47.437903+00:00 DEBUG 'ansible_navigator.main' After rollback: lintables = 'Not set' (Constants/Not set)
2025-03-05T02:08:47.437943+00:00 DEBUG 'ansible_navigator.main' After rollback: log_append = 'Not set' (Constants/Not set)
2025-03-05T02:08:47.437972+00:00 DEBUG 'ansible_navigator.main' After rollback: log_file = 'Not set' (Constants/Not set)
2025-03-05T02:08:47.437995+00:00 DEBUG 'ansible_navigator.main' After rollback: log_level = 'Not set' (Constants/Not set)
2025-03-05T02:08:47.438017+00:00 DEBUG 'ansible_navigator.main' After rollback: mode = 'Not set' (Constants/Not set)
2025-03-05T02:08:47.438039+00:00 DEBUG 'ansible_navigator.main' After rollback: osc4 = 'Not set' (Constants/Not set)
2025-03-05T02:08:47.438061+00:00 DEBUG 'ansible_navigator.main' After rollback: pass_environment_variable = 'Not set' (Constants/Not set)
2025-03-05T02:08:47.438082+00:00 DEBUG 'ansible_navigator.main' After rollback: playbook = 'Not set' (Constants/Not set)
2025-03-05T02:08:47.438105+00:00 DEBUG 'ansible_navigator.main' After rollback: playbook_artifact_enable = 'Not set' (Constants/Not set)
2025-03-05T02:08:47.438127+00:00 DEBUG 'ansible_navigator.main' After rollback: playbook_artifact_replay = 'Not set' (Constants/Not set)
2025-03-05T02:08:47.438148+00:00 DEBUG 'ansible_navigator.main' After rollback: playbook_artifact_save_as = 'Not set' (Constants/Not set)
2025-03-05T02:08:47.438170+00:00 DEBUG 'ansible_navigator.main' After rollback: plugin_name = 'Not set' (Constants/Not set)
2025-03-05T02:08:47.438193+00:00 DEBUG 'ansible_navigator.main' After rollback: plugin_type = 'Not set' (Constants/Not set)
2025-03-05T02:08:47.438216+00:00 DEBUG 'ansible_navigator.main' After rollback: pull_arguments = 'Not set' (Constants/Not set)
2025-03-05T02:08:47.438237+00:00 DEBUG 'ansible_navigator.main' After rollback: pull_policy = 'Not set' (Constants/Not set)
2025-03-05T02:08:47.438259+00:00 DEBUG 'ansible_navigator.main' After rollback: set_environment_variable = 'Not set' (Constants/Not set)
2025-03-05T02:08:47.438280+00:00 DEBUG 'ansible_navigator.main' After rollback: settings_effective = 'Not set' (Constants/Not set)
2025-03-05T02:08:47.438302+00:00 DEBUG 'ansible_navigator.main' After rollback: settings_sample = 'Not set' (Constants/Not set)
2025-03-05T02:08:47.438324+00:00 DEBUG 'ansible_navigator.main' After rollback: settings_schema = 'Not set' (Constants/Not set)
2025-03-05T02:08:47.438346+00:00 DEBUG 'ansible_navigator.main' After rollback: settings_sources = 'Not set' (Constants/Not set)
2025-03-05T02:08:47.438367+00:00 DEBUG 'ansible_navigator.main' After rollback: time_zone = 'Not set' (Constants/Not set)
2025-03-05T02:08:47.438389+00:00 DEBUG 'ansible_navigator.main' After rollback: workdir = 'Not set' (Constants/Not set)
2025-03-05T02:08:47.438412+00:00 DEBUG 'ansible_navigator.main' Configuration rollback complete.
2025-03-05T02:08:47.438435+00:00 DEBUG 'ansible_navigator.main' Collection doc cache not mounted
2025-03-05T02:08:47.438478+00:00 WARNING 'ansible_navigator.main' Issues were found while applying the settings.
2025-03-05T02:08:47.438509+00:00 INFO 'ansible_navigator.main' Command provided: 'doc -m stdout'
2025-03-05T02:08:47.438541+00:00 ERROR 'ansible_navigator.main' A plugin name or other parameter is required when using the doc subcommand
2025-03-05T02:08:47.438570+00:00 INFO 'ansible_navigator.main' Try again with 'doc <plugin_name>'
2025-03-05T02:08:47.438598+00:00 INFO 'ansible_navigator.main' Configuration failed, using default log file location. (/home/master/ansible-review/ansible-navigator.log) Log level set to debug
2025-03-05T02:08:47.438624+00:00 INFO 'ansible_navigator.main' Review the hints and log file to see what went wrong.
2025-03-05T16:28:46.821445+00:00 WARNING 'ansible_navigator.run' Dirty exit, killing the pid
