2025-02-28T00:56:13.609748+00:00 INFO 'ansible_navigator.setup_logger' New ansible-navigator instance, logging initialized
2025-02-28T00:56:13.610040+00:00 INFO 'ansible_navigator.setup_logger' New ansible-runner instance, logging initialized
2025-02-28T00:56:13.610074+00:00 DEBUG 'ansible_navigator.main' ansible-builder==1.1.0 /usr/lib/python3.9/site-packages
2025-02-28T00:56:13.610090+00:00 DEBUG 'ansible_navigator.main' ansible-core==2.14.17 /usr/lib/python3.9/site-packages
2025-02-28T00:56:13.610103+00:00 DEBUG 'ansible_navigator.main' ansible-navigator==2.1.0 /usr/lib/python3.9/site-packages
2025-02-28T00:56:13.610115+00:00 DEBUG 'ansible_navigator.main' ansible-runner==2.2.2 /usr/lib/python3.9/site-packages
2025-02-28T00:56:13.610127+00:00 DEBUG 'ansible_navigator.main' attrs==21.4.0 /usr/lib/python3.9/site-packages
2025-02-28T00:56:13.610139+00:00 DEBUG 'ansible_navigator.main' bindep==2.10.2 /usr/lib/python3.9/site-packages
2025-02-28T00:56:13.610151+00:00 DEBUG 'ansible_navigator.main' brlapi==0.8.2 /usr/lib64/python3.9/site-packages
2025-02-28T00:56:13.610162+00:00 DEBUG 'ansible_navigator.main' cffi==1.15.0 /usr/lib64/python3.9/site-packages
2025-02-28T00:56:13.610173+00:00 DEBUG 'ansible_navigator.main' chardet==4.0.0 /usr/lib/python3.9/site-packages
2025-02-28T00:56:13.610185+00:00 DEBUG 'ansible_navigator.main' cockpit==311.1 /usr/lib/python3.9/site-packages
2025-02-28T00:56:13.610197+00:00 DEBUG 'ansible_navigator.main' cryptography==36.0.1 /usr/lib64/python3.9/site-packages
2025-02-28T00:56:13.610208+00:00 DEBUG 'ansible_navigator.main' cupshelpers==1.0 /usr/lib/python3.9/site-packages
2025-02-28T00:56:13.610219+00:00 DEBUG 'ansible_navigator.main' dasbus==1.4 /usr/lib/python3.9/site-packages
2025-02-28T00:56:13.610230+00:00 DEBUG 'ansible_navigator.main' dbus-python==1.2.18 /usr/lib64/python3.9/site-packages
2025-02-28T00:56:13.610241+00:00 DEBUG 'ansible_navigator.main' decorator==4.4.2 /usr/lib/python3.9/site-packages
2025-02-28T00:56:13.610252+00:00 DEBUG 'ansible_navigator.main' distro==1.5.0 /usr/lib/python3.9/site-packages
2025-02-28T00:56:13.610263+00:00 DEBUG 'ansible_navigator.main' docutils==0.16 /usr/lib/python3.9/site-packages
2025-02-28T00:56:13.610274+00:00 DEBUG 'ansible_navigator.main' file-magic==0.4.0 /usr/lib/python3.9/site-packages
2025-02-28T00:56:13.610285+00:00 DEBUG 'ansible_navigator.main' gpg==1.15.1 /usr/lib64/python3.9/site-packages
2025-02-28T00:56:13.610296+00:00 DEBUG 'ansible_navigator.main' idna==2.10 /usr/lib/python3.9/site-packages
2025-02-28T00:56:13.610307+00:00 DEBUG 'ansible_navigator.main' importlib-metadata==4.10.1 /usr/lib/python3.9/site-packages
2025-02-28T00:56:13.610318+00:00 DEBUG 'ansible_navigator.main' iniparse==0.4 /usr/lib/python3.9/site-packages
2025-02-28T00:56:13.610329+00:00 DEBUG 'ansible_navigator.main' jinja2==3.0.3 /usr/lib/python3.9/site-packages
2025-02-28T00:56:13.610340+00:00 DEBUG 'ansible_navigator.main' jsonschema==4.6.0 /usr/lib/python3.9/site-packages
2025-02-28T00:56:13.610351+00:00 DEBUG 'ansible_navigator.main' libcomps==0.1.18 /usr/lib64/python3.9/site-packages
2025-02-28T00:56:13.610362+00:00 DEBUG 'ansible_navigator.main' lockfile==0.12.2 /usr/lib/python3.9/site-packages
2025-02-28T00:56:13.610373+00:00 DEBUG 'ansible_navigator.main' lxml==4.6.5 /usr/lib64/python3.9/site-packages
2025-02-28T00:56:13.610384+00:00 DEBUG 'ansible_navigator.main' markupsafe==2.1.0 /usr/lib64/python3.9/site-packages
2025-02-28T00:56:13.610395+00:00 DEBUG 'ansible_navigator.main' nftables==0.1 /usr/lib/python3.9/site-packages
2025-02-28T00:56:13.610406+00:00 DEBUG 'ansible_navigator.main' onigurumacffi==1.1.0 /usr/lib64/python3.9/site-packages
2025-02-28T00:56:13.610417+00:00 DEBUG 'ansible_navigator.main' packaging==21.3 /usr/lib/python3.9/site-packages
2025-02-28T00:56:13.610428+00:00 DEBUG 'ansible_navigator.main' parsley==1.3 /usr/lib/python3.9/site-packages
2025-02-28T00:56:13.610439+00:00 DEBUG 'ansible_navigator.main' pbr==5.8.1 /usr/lib/python3.9/site-packages
2025-02-28T00:56:13.610450+00:00 DEBUG 'ansible_navigator.main' perf==0.1 /usr/lib64/python3.9/site-packages
2025-02-28T00:56:13.610464+00:00 DEBUG 'ansible_navigator.main' pexpect==4.8.0 /usr/lib/python3.9/site-packages
2025-02-28T00:56:13.610476+00:00 DEBUG 'ansible_navigator.main' psutil==5.8.0 /usr/lib64/python3.9/site-packages
2025-02-28T00:56:13.610488+00:00 DEBUG 'ansible_navigator.main' ptyprocess==0.6.0 /usr/lib/python3.9/site-packages
2025-02-28T00:56:13.610499+00:00 DEBUG 'ansible_navigator.main' pycairo==1.20.1 /usr/lib64/python3.9/site-packages
2025-02-28T00:56:13.610510+00:00 DEBUG 'ansible_navigator.main' pycparser==2.21 /usr/lib/python3.9/site-packages
2025-02-28T00:56:13.610522+00:00 DEBUG 'ansible_navigator.main' pycups==2.0.1 /usr/lib64/python3.9/site-packages
2025-02-28T00:56:13.610533+00:00 DEBUG 'ansible_navigator.main' pycurl==7.43.0.6 /usr/lib64/python3.9/site-packages
2025-02-28T00:56:13.610544+00:00 DEBUG 'ansible_navigator.main' pygobject==3.40.1 /usr/lib64/python3.9/site-packages
2025-02-28T00:56:13.610555+00:00 DEBUG 'ansible_navigator.main' pyinotify==0.9.6 /usr/lib/python3.9/site-packages
2025-02-28T00:56:13.610566+00:00 DEBUG 'ansible_navigator.main' pyparsing==2.4.7 /usr/lib/python3.9/site-packages
2025-02-28T00:56:13.610577+00:00 DEBUG 'ansible_navigator.main' pyrsistent==0.17.3 /usr/lib64/python3.9/site-packages
2025-02-28T00:56:13.610588+00:00 DEBUG 'ansible_navigator.main' pysocks==1.7.1 /usr/lib/python3.9/site-packages
2025-02-28T00:56:13.610599+00:00 DEBUG 'ansible_navigator.main' python-daemon==2.3.0 /usr/lib/python3.9/site-packages
2025-02-28T00:56:13.610609+00:00 DEBUG 'ansible_navigator.main' python-dateutil==2.8.1 /usr/lib/python3.9/site-packages
2025-02-28T00:56:13.610620+00:00 DEBUG 'ansible_navigator.main' python-linux-procfs==0.7.3 /usr/lib/python3.9/site-packages
2025-02-28T00:56:13.610632+00:00 DEBUG 'ansible_navigator.main' pyudev==0.22.0 /usr/lib/python3.9/site-packages
2025-02-28T00:56:13.610643+00:00 DEBUG 'ansible_navigator.main' pyyaml==5.4.1 /usr/lib64/python3.9/site-packages
2025-02-28T00:56:13.610653+00:00 DEBUG 'ansible_navigator.main' requests==2.25.1 /usr/lib/python3.9/site-packages
2025-02-28T00:56:13.610664+00:00 DEBUG 'ansible_navigator.main' requirements-parser==0.2.0 /usr/lib/python3.9/site-packages
2025-02-28T00:56:13.610675+00:00 DEBUG 'ansible_navigator.main' resolvelib==0.5.4 /usr/lib/python3.9/site-packages
2025-02-28T00:56:13.610685+00:00 DEBUG 'ansible_navigator.main' rpm==4.16.1.3 /usr/lib64/python3.9/site-packages
2025-02-28T00:56:13.610696+00:00 DEBUG 'ansible_navigator.main' selinux==3.6 /usr/lib64/python3.9/site-packages
2025-02-28T00:56:13.610706+00:00 DEBUG 'ansible_navigator.main' sepolicy==3.6 /usr/lib/python3.9/site-packages
2025-02-28T00:56:13.610718+00:00 DEBUG 'ansible_navigator.main' setools==4.4.4 /usr/lib64/python3.9/site-packages
2025-02-28T00:56:13.610728+00:00 DEBUG 'ansible_navigator.main' setroubleshoot==3.3.32 /usr/lib/python3.9/site-packages
2025-02-28T00:56:13.610739+00:00 DEBUG 'ansible_navigator.main' setuptools==53.0.0 /usr/lib/python3.9/site-packages
2025-02-28T00:56:13.610749+00:00 DEBUG 'ansible_navigator.main' six==1.15.0 /usr/lib/python3.9/site-packages
2025-02-28T00:56:13.610760+00:00 DEBUG 'ansible_navigator.main' sos==4.6.1 /usr/lib/python3.9/site-packages
2025-02-28T00:56:13.610772+00:00 DEBUG 'ansible_navigator.main' subscription-manager==1.29.40 /usr/lib64/python3.9/site-packages
2025-02-28T00:56:13.610782+00:00 DEBUG 'ansible_navigator.main' systemd-python==234 /usr/lib64/python3.9/site-packages
2025-02-28T00:56:13.610793+00:00 DEBUG 'ansible_navigator.main' typing-extensions==3.10.0.2 /usr/lib/python3.9/site-packages
2025-02-28T00:56:13.610804+00:00 DEBUG 'ansible_navigator.main' urllib3==1.26.5 /usr/lib/python3.9/site-packages
2025-02-28T00:56:13.610815+00:00 DEBUG 'ansible_navigator.main' zipp==3.4.0 /usr/lib/python3.9/site-packages
2025-02-28T00:56:13.610826+00:00 DEBUG 'ansible_navigator.main' Share directory '/usr/lib/python3.9/share/ansible_navigator' not found (development path)
2025-02-28T00:56:13.610837+00:00 DEBUG 'ansible_navigator.main' Share directory '/home/master/.local/share/ansible_navigator' not found (userbase)
2025-02-28T00:56:13.610849+00:00 DEBUG 'ansible_navigator.main' Share directory '/usr/share/ansible_navigator' found (sys.prefix)
2025-02-28T00:56:13.610860+00:00 DEBUG 'ansible_navigator.main' Default collection_doc_cache_path set to: /home/master/.cache/ansible-navigator/collection_doc_cache.db
2025-02-28T00:56:13.610871+00:00 DEBUG 'ansible_navigator.main' EDITOR environment variable not set
2025-02-28T00:56:13.610882+00:00 DEBUG 'ansible_navigator.main' Default editor_command set to: vi +{line_number} {filename}
2025-02-28T00:56:13.610924+00:00 DEBUG 'ansible_navigator.main' No config file set by ANSIBLE_NAVIGATOR_CONFIG
2025-02-28T00:56:13.610967+00:00 DEBUG 'ansible_navigator.main' Looking in /home/master
2025-02-28T00:56:13.610986+00:00 DEBUG 'ansible_navigator.main' Looking for '/home/master/.ansible-navigator.yml', '/home/master/.ansible-navigator.yaml' and '/home/master/.ansible-navigator.json'
2025-02-28T00:56:13.611004+00:00 DEBUG 'ansible_navigator.main' Found 0: 
2025-02-28T00:56:13.611023+00:00 DEBUG 'ansible_navigator.main' Looking in /home/master/our-class5
2025-02-28T00:56:13.611047+00:00 DEBUG 'ansible_navigator.main' Looking for '/home/master/our-class5/ansible-navigator.yml', '/home/master/our-class5/ansible-navigator.yaml' and '/home/master/our-class5/ansible-navigator.json'
2025-02-28T00:56:13.611070+00:00 DEBUG 'ansible_navigator.main' Found 0: 
2025-02-28T00:56:13.611082+00:00 DEBUG 'ansible_navigator.main' All found 0: 
2025-02-28T00:56:13.611093+00:00 DEBUG 'ansible_navigator.main' Using: None
2025-02-28T00:56:13.611104+00:00 DEBUG 'ansible_navigator.main' No valid settings file found, using all default values for settings.
2025-02-28T00:56:13.611115+00:00 DEBUG 'ansible_navigator.main' Command provided: 'inventory - inventory -m stdout --list'
2025-02-28T00:56:13.611126+00:00 DEBUG 'ansible_navigator.main' EE support enabled: using current working directory for 'ansible.cfg'
2025-02-28T00:56:13.611137+00:00 INFO 'ansible_navigator.main' EE support enabled: no 'ansible.cfg' found in current working directory. Tried /home/master/our-class5/ansible.cfg
2025-02-28T00:56:13.611148+00:00 DEBUG 'ansible_navigator.main' Completed post processing for ansible_runner_artifact_dir. (changed=False)
2025-02-28T00:56:13.611159+00:00 DEBUG 'ansible_navigator.main' Completed post processing for ansible_runner_rotate_artifacts_count. (changed=False)
2025-02-28T00:56:13.611169+00:00 DEBUG 'ansible_navigator.main' Completed post processing for ansible_runner_timeout. (changed=False)
2025-02-28T00:56:13.611180+00:00 DEBUG 'ansible_navigator.main' Completed post processing for cmdline. (changed=False)
2025-02-28T00:56:13.611191+00:00 DEBUG 'ansible_navigator.main' Completed post processing for collection_doc_cache_path. (changed=False)
2025-02-28T00:56:13.611201+00:00 DEBUG 'ansible_navigator.main' Completed post processing for container_engine. (changed=True)
2025-02-28T00:56:13.611211+00:00 DEBUG 'ansible_navigator.main'  before: 'auto'
2025-02-28T00:56:13.611222+00:00 DEBUG 'ansible_navigator.main'  after: 'podman'
2025-02-28T00:56:13.611232+00:00 DEBUG 'ansible_navigator.main' Completed post processing for container_options. (changed=False)
2025-02-28T00:56:13.611243+00:00 DEBUG 'ansible_navigator.main' Completed post processing for display_color. (changed=False)
2025-02-28T00:56:13.611253+00:00 DEBUG 'ansible_navigator.main' Completed post processing for execution_environment. (changed=False)
2025-02-28T00:56:13.611264+00:00 DEBUG 'ansible_navigator.main' Completed post processing for execution_environment_image. (changed=False)
2025-02-28T00:56:13.611274+00:00 DEBUG 'ansible_navigator.main' Completed post processing for help_builder. (changed=False)
2025-02-28T00:56:13.611284+00:00 DEBUG 'ansible_navigator.main' Completed post processing for help_config. (changed=False)
2025-02-28T00:56:13.611295+00:00 DEBUG 'ansible_navigator.main' Completed post processing for help_doc. (changed=False)
2025-02-28T00:56:13.611306+00:00 DEBUG 'ansible_navigator.main' Completed post processing for help_inventory. (changed=False)
2025-02-28T00:56:13.611319+00:00 DEBUG 'ansible_navigator.main' Completed post processing for help_playbook. (changed=False)
2025-02-28T00:56:13.611329+00:00 DEBUG 'ansible_navigator.main' Completed post processing for images_details. (changed=False)
2025-02-28T00:56:13.611340+00:00 DEBUG 'ansible_navigator.main' Completed post processing for inventory. (changed=False)
2025-02-28T00:56:13.611350+00:00 DEBUG 'ansible_navigator.main' Completed post processing for inventory_column. (changed=False)
2025-02-28T00:56:13.611360+00:00 DEBUG 'ansible_navigator.main' Completed post processing for log_file. (changed=False)
2025-02-28T00:56:13.611371+00:00 DEBUG 'ansible_navigator.main' Completed post processing for pass_environment_variable. (changed=False)
2025-02-28T00:56:13.611381+00:00 DEBUG 'ansible_navigator.main' Completed post processing for playbook. (changed=False)
2025-02-28T00:56:13.611391+00:00 DEBUG 'ansible_navigator.main' Completed post processing for playbook_artifact_replay. (changed=False)
2025-02-28T00:56:13.611402+00:00 DEBUG 'ansible_navigator.main' Completed post processing for playbook_artifact_save_as. (changed=False)
2025-02-28T00:56:13.611412+00:00 DEBUG 'ansible_navigator.main' Completed post processing for plugin_name. (changed=False)
2025-02-28T00:56:13.611423+00:00 DEBUG 'ansible_navigator.main' Completed post processing for pull_arguments. (changed=False)
2025-02-28T00:56:13.611433+00:00 DEBUG 'ansible_navigator.main' Completed post processing for set_environment_variable. (changed=False)
2025-02-28T00:56:13.611444+00:00 DEBUG 'ansible_navigator.main' Completed post processing for settings_effective. (changed=False)
2025-02-28T00:56:13.611454+00:00 DEBUG 'ansible_navigator.main' Completed post processing for settings_sample. (changed=False)
2025-02-28T00:56:13.611464+00:00 DEBUG 'ansible_navigator.main' Completed post processing for settings_schema. (changed=False)
2025-02-28T00:56:13.611475+00:00 DEBUG 'ansible_navigator.main' Completed post processing for settings_sources. (changed=False)
2025-02-28T00:56:13.611485+00:00 DEBUG 'ansible_navigator.main' Completed post processing for time_zone. (changed=False)
2025-02-28T00:56:13.611495+00:00 DEBUG 'ansible_navigator.main' Completed post processing for execution_environment_volume_mounts. (changed=False)
2025-02-28T00:56:13.611506+00:00 DEBUG 'ansible_navigator.main' Completed post processing for mode. (changed=False)
2025-02-28T00:56:13.611518+00:00 WARNING 'ansible_navigator.main' Configuration errors encountered, rolling back to previous configuration.
2025-02-28T00:56:13.611530+00:00 DEBUG 'ansible_navigator.main' Prior to rollback: ansible_runner_artifact_dir = 'Not set' (Constants/Not set)
2025-02-28T00:56:13.611541+00:00 DEBUG 'ansible_navigator.main' Prior to rollback: ansible_runner_rotate_artifacts_count = 'Not set' (Constants/Not set)
2025-02-28T00:56:13.611552+00:00 DEBUG 'ansible_navigator.main' Prior to rollback: ansible_runner_timeout = 'Not set' (Constants/Not set)
2025-02-28T00:56:13.611562+00:00 DEBUG 'ansible_navigator.main' Prior to rollback: app = 'inventory' (str/Command line)
2025-02-28T00:56:13.611572+00:00 DEBUG 'ansible_navigator.main' Prior to rollback: cmdline = '['-', 'inventory', '--list']' (list/Command line)
2025-02-28T00:56:13.611582+00:00 DEBUG 'ansible_navigator.main' Prior to rollback: collection_doc_cache_path = '/home/master/.cache/ansible-navigator/collection_doc_cache.db' (str/Defaults)
2025-02-28T00:56:13.611593+00:00 DEBUG 'ansible_navigator.main' Prior to rollback: config = 'Not set' (Constants/Not set)
2025-02-28T00:56:13.611603+00:00 DEBUG 'ansible_navigator.main' Prior to rollback: container_engine = 'podman' (str/Automatically determined)
2025-02-28T00:56:13.611613+00:00 DEBUG 'ansible_navigator.main' Prior to rollback: container_options = 'Not set' (Constants/Not set)
2025-02-28T00:56:13.611624+00:00 DEBUG 'ansible_navigator.main' Prior to rollback: display_color = 'True' (bool/Defaults)
2025-02-28T00:56:13.611634+00:00 DEBUG 'ansible_navigator.main' Prior to rollback: editor_command = 'vi +{line_number} {filename}' (str/Defaults)
2025-02-28T00:56:13.611646+00:00 DEBUG 'ansible_navigator.main' Prior to rollback: editor_console = 'True' (bool/Defaults)
2025-02-28T00:56:13.611657+00:00 DEBUG 'ansible_navigator.main' Prior to rollback: exec_command = '/bin/bash' (str/Defaults)
2025-02-28T00:56:13.611667+00:00 DEBUG 'ansible_navigator.main' Prior to rollback: exec_shell = 'True' (bool/Defaults)
2025-02-28T00:56:13.611677+00:00 DEBUG 'ansible_navigator.main' Prior to rollback: execution_environment = 'True' (bool/Defaults)
2025-02-28T00:56:13.611687+00:00 DEBUG 'ansible_navigator.main' Prior to rollback: execution_environment_image = 'registry.redhat.io/ansible-automation-platform-22/ee-supported-rhel8:latest' (str/Defaults)
2025-02-28T00:56:13.611698+00:00 DEBUG 'ansible_navigator.main' Prior to rollback: execution_environment_volume_mounts = 'Not set' (Constants/Not set)
2025-02-28T00:56:13.611708+00:00 DEBUG 'ansible_navigator.main' Prior to rollback: help_builder = 'False' (bool/Defaults)
2025-02-28T00:56:13.611718+00:00 DEBUG 'ansible_navigator.main' Prior to rollback: help_config = 'False' (bool/Defaults)
2025-02-28T00:56:13.611729+00:00 DEBUG 'ansible_navigator.main' Prior to rollback: help_doc = 'False' (bool/Defaults)
2025-02-28T00:56:13.611739+00:00 DEBUG 'ansible_navigator.main' Prior to rollback: help_inventory = 'False' (bool/Defaults)
2025-02-28T00:56:13.611749+00:00 DEBUG 'ansible_navigator.main' Prior to rollback: help_playbook = 'False' (bool/Defaults)
2025-02-28T00:56:13.611760+00:00 DEBUG 'ansible_navigator.main' Prior to rollback: images_details = '['everything']' (list/Defaults)
2025-02-28T00:56:13.611770+00:00 DEBUG 'ansible_navigator.main' Prior to rollback: inventory = 'Not set' (Constants/Not set)
2025-02-28T00:56:13.611780+00:00 DEBUG 'ansible_navigator.main' Prior to rollback: inventory_column = 'Not set' (Constants/Not set)
2025-02-28T00:56:13.611791+00:00 DEBUG 'ansible_navigator.main' Prior to rollback: lint_config = 'Not set' (Constants/Not set)
2025-02-28T00:56:13.611801+00:00 DEBUG 'ansible_navigator.main' Prior to rollback: lintables = 'Not set' (Constants/Not set)
2025-02-28T00:56:13.611811+00:00 DEBUG 'ansible_navigator.main' Prior to rollback: log_append = 'True' (bool/Defaults)
2025-02-28T00:56:13.611821+00:00 DEBUG 'ansible_navigator.main' Prior to rollback: log_file = '/home/master/our-class5/ansible-navigator.log' (str/Defaults)
2025-02-28T00:56:13.611831+00:00 DEBUG 'ansible_navigator.main' Prior to rollback: log_level = 'warning' (str/Defaults)
2025-02-28T00:56:13.611841+00:00 DEBUG 'ansible_navigator.main' Prior to rollback: mode = 'stdout' (str/Command line)
2025-02-28T00:56:13.611852+00:00 DEBUG 'ansible_navigator.main' Prior to rollback: osc4 = 'True' (bool/Defaults)
2025-02-28T00:56:13.611862+00:00 DEBUG 'ansible_navigator.main' Prior to rollback: pass_environment_variable = 'Not set' (Constants/Not set)
2025-02-28T00:56:13.611905+00:00 DEBUG 'ansible_navigator.main' Prior to rollback: playbook = 'Not set' (Constants/Not set)
2025-02-28T00:56:13.611922+00:00 DEBUG 'ansible_navigator.main' Prior to rollback: playbook_artifact_enable = 'True' (bool/Defaults)
2025-02-28T00:56:13.611935+00:00 DEBUG 'ansible_navigator.main' Prior to rollback: playbook_artifact_replay = 'Not set' (Constants/Not set)
2025-02-28T00:56:13.611947+00:00 DEBUG 'ansible_navigator.main' Prior to rollback: playbook_artifact_save_as = '{playbook_dir}/{playbook_name}-artifact-{time_stamp}.json' (str/Defaults)
2025-02-28T00:56:13.611959+00:00 DEBUG 'ansible_navigator.main' Prior to rollback: plugin_name = 'Not set' (Constants/Not set)
2025-02-28T00:56:13.611971+00:00 DEBUG 'ansible_navigator.main' Prior to rollback: plugin_type = 'module' (str/Defaults)
2025-02-28T00:56:13.611983+00:00 DEBUG 'ansible_navigator.main' Prior to rollback: pull_arguments = 'Not set' (Constants/Not set)
2025-02-28T00:56:13.611995+00:00 DEBUG 'ansible_navigator.main' Prior to rollback: pull_policy = 'tag' (str/Defaults)
2025-02-28T00:56:13.612007+00:00 DEBUG 'ansible_navigator.main' Prior to rollback: set_environment_variable = 'Not set' (Constants/Not set)
2025-02-28T00:56:13.612021+00:00 DEBUG 'ansible_navigator.main' Prior to rollback: settings_effective = 'False' (bool/Defaults)
2025-02-28T00:56:13.612034+00:00 DEBUG 'ansible_navigator.main' Prior to rollback: settings_sample = 'False' (bool/Defaults)
2025-02-28T00:56:13.612045+00:00 DEBUG 'ansible_navigator.main' Prior to rollback: settings_schema = 'json' (str/Defaults)
2025-02-28T00:56:13.612055+00:00 DEBUG 'ansible_navigator.main' Prior to rollback: settings_sources = 'False' (bool/Defaults)
2025-02-28T00:56:13.612065+00:00 DEBUG 'ansible_navigator.main' Prior to rollback: time_zone = 'UTC' (str/Defaults)
2025-02-28T00:56:13.612075+00:00 DEBUG 'ansible_navigator.main' Prior to rollback: workdir = '/home/master/our-class5' (str/Defaults)
2025-02-28T00:56:13.612086+00:00 DEBUG 'ansible_navigator.main' After rollback: ansible_runner_artifact_dir = 'Not set' (Constants/Not set)
2025-02-28T00:56:13.612096+00:00 DEBUG 'ansible_navigator.main' After rollback: ansible_runner_rotate_artifacts_count = 'Not set' (Constants/Not set)
2025-02-28T00:56:13.612107+00:00 DEBUG 'ansible_navigator.main' After rollback: ansible_runner_timeout = 'Not set' (Constants/Not set)
2025-02-28T00:56:13.612117+00:00 DEBUG 'ansible_navigator.main' After rollback: app = 'Not set' (Constants/Not set)
2025-02-28T00:56:13.612127+00:00 DEBUG 'ansible_navigator.main' After rollback: cmdline = 'Not set' (Constants/Not set)
2025-02-28T00:56:13.612138+00:00 DEBUG 'ansible_navigator.main' After rollback: collection_doc_cache_path = 'Not set' (Constants/Not set)
2025-02-28T00:56:13.612148+00:00 DEBUG 'ansible_navigator.main' After rollback: config = 'Not set' (Constants/Not set)
2025-02-28T00:56:13.612158+00:00 DEBUG 'ansible_navigator.main' After rollback: container_engine = 'Not set' (Constants/Not set)
2025-02-28T00:56:13.612169+00:00 DEBUG 'ansible_navigator.main' After rollback: container_options = 'Not set' (Constants/Not set)
2025-02-28T00:56:13.612179+00:00 DEBUG 'ansible_navigator.main' After rollback: display_color = 'Not set' (Constants/Not set)
2025-02-28T00:56:13.612189+00:00 DEBUG 'ansible_navigator.main' After rollback: editor_command = 'Not set' (Constants/Not set)
2025-02-28T00:56:13.612200+00:00 DEBUG 'ansible_navigator.main' After rollback: editor_console = 'Not set' (Constants/Not set)
2025-02-28T00:56:13.612210+00:00 DEBUG 'ansible_navigator.main' After rollback: exec_command = 'Not set' (Constants/Not set)
2025-02-28T00:56:13.612220+00:00 DEBUG 'ansible_navigator.main' After rollback: exec_shell = 'Not set' (Constants/Not set)
2025-02-28T00:56:13.612231+00:00 DEBUG 'ansible_navigator.main' After rollback: execution_environment = 'Not set' (Constants/Not set)
2025-02-28T00:56:13.612242+00:00 DEBUG 'ansible_navigator.main' After rollback: execution_environment_image = 'Not set' (Constants/Not set)
2025-02-28T00:56:13.612253+00:00 DEBUG 'ansible_navigator.main' After rollback: execution_environment_volume_mounts = 'Not set' (Constants/Not set)
2025-02-28T00:56:13.612263+00:00 DEBUG 'ansible_navigator.main' After rollback: help_builder = 'Not set' (Constants/Not set)
2025-02-28T00:56:13.612273+00:00 DEBUG 'ansible_navigator.main' After rollback: help_config = 'Not set' (Constants/Not set)
2025-02-28T00:56:13.612283+00:00 DEBUG 'ansible_navigator.main' After rollback: help_doc = 'Not set' (Constants/Not set)
2025-02-28T00:56:13.612294+00:00 DEBUG 'ansible_navigator.main' After rollback: help_inventory = 'Not set' (Constants/Not set)
2025-02-28T00:56:13.612304+00:00 DEBUG 'ansible_navigator.main' After rollback: help_playbook = 'Not set' (Constants/Not set)
2025-02-28T00:56:13.612314+00:00 DEBUG 'ansible_navigator.main' After rollback: images_details = 'Not set' (Constants/Not set)
2025-02-28T00:56:13.612324+00:00 DEBUG 'ansible_navigator.main' After rollback: inventory = 'Not set' (Constants/Not set)
2025-02-28T00:56:13.612335+00:00 DEBUG 'ansible_navigator.main' After rollback: inventory_column = 'Not set' (Constants/Not set)
2025-02-28T00:56:13.612345+00:00 DEBUG 'ansible_navigator.main' After rollback: lint_config = 'Not set' (Constants/Not set)
2025-02-28T00:56:13.612357+00:00 DEBUG 'ansible_navigator.main' After rollback: lintables = 'Not set' (Constants/Not set)
2025-02-28T00:56:13.612367+00:00 DEBUG 'ansible_navigator.main' After rollback: log_append = 'Not set' (Constants/Not set)
2025-02-28T00:56:13.612377+00:00 DEBUG 'ansible_navigator.main' After rollback: log_file = 'Not set' (Constants/Not set)
2025-02-28T00:56:13.612388+00:00 DEBUG 'ansible_navigator.main' After rollback: log_level = 'Not set' (Constants/Not set)
2025-02-28T00:56:13.612398+00:00 DEBUG 'ansible_navigator.main' After rollback: mode = 'Not set' (Constants/Not set)
2025-02-28T00:56:13.612408+00:00 DEBUG 'ansible_navigator.main' After rollback: osc4 = 'Not set' (Constants/Not set)
2025-02-28T00:56:13.612419+00:00 DEBUG 'ansible_navigator.main' After rollback: pass_environment_variable = 'Not set' (Constants/Not set)
2025-02-28T00:56:13.612430+00:00 DEBUG 'ansible_navigator.main' After rollback: playbook = 'Not set' (Constants/Not set)
2025-02-28T00:56:13.612440+00:00 DEBUG 'ansible_navigator.main' After rollback: playbook_artifact_enable = 'Not set' (Constants/Not set)
2025-02-28T00:56:13.612451+00:00 DEBUG 'ansible_navigator.main' After rollback: playbook_artifact_replay = 'Not set' (Constants/Not set)
2025-02-28T00:56:13.612461+00:00 DEBUG 'ansible_navigator.main' After rollback: playbook_artifact_save_as = 'Not set' (Constants/Not set)
2025-02-28T00:56:13.612472+00:00 DEBUG 'ansible_navigator.main' After rollback: plugin_name = 'Not set' (Constants/Not set)
2025-02-28T00:56:13.612483+00:00 DEBUG 'ansible_navigator.main' After rollback: plugin_type = 'Not set' (Constants/Not set)
2025-02-28T00:56:13.612493+00:00 DEBUG 'ansible_navigator.main' After rollback: pull_arguments = 'Not set' (Constants/Not set)
2025-02-28T00:56:13.612504+00:00 DEBUG 'ansible_navigator.main' After rollback: pull_policy = 'Not set' (Constants/Not set)
2025-02-28T00:56:13.612514+00:00 DEBUG 'ansible_navigator.main' After rollback: set_environment_variable = 'Not set' (Constants/Not set)
2025-02-28T00:56:13.612525+00:00 DEBUG 'ansible_navigator.main' After rollback: settings_effective = 'Not set' (Constants/Not set)
2025-02-28T00:56:13.612536+00:00 DEBUG 'ansible_navigator.main' After rollback: settings_sample = 'Not set' (Constants/Not set)
2025-02-28T00:56:13.612546+00:00 DEBUG 'ansible_navigator.main' After rollback: settings_schema = 'Not set' (Constants/Not set)
2025-02-28T00:56:13.612556+00:00 DEBUG 'ansible_navigator.main' After rollback: settings_sources = 'Not set' (Constants/Not set)
2025-02-28T00:56:13.612567+00:00 DEBUG 'ansible_navigator.main' After rollback: time_zone = 'Not set' (Constants/Not set)
2025-02-28T00:56:13.612578+00:00 DEBUG 'ansible_navigator.main' After rollback: workdir = 'Not set' (Constants/Not set)
2025-02-28T00:56:13.612589+00:00 DEBUG 'ansible_navigator.main' Configuration rollback complete.
2025-02-28T00:56:13.612600+00:00 DEBUG 'ansible_navigator.main' Collection doc cache not mounted
2025-02-28T00:56:13.612617+00:00 WARNING 'ansible_navigator.main' Issues were found while applying the settings.
2025-02-28T00:56:13.612630+00:00 INFO 'ansible_navigator.main' Command provided: 'inventory - inventory -m stdout --list'
2025-02-28T00:56:13.612644+00:00 ERROR 'ansible_navigator.main' An inventory is required when using the inventory subcommand
2025-02-28T00:56:13.612657+00:00 INFO 'ansible_navigator.main' Try again with '-i <path to inventory>'
2025-02-28T00:56:13.612670+00:00 INFO 'ansible_navigator.main' Configuration failed, using default log file location. (/home/master/our-class5/ansible-navigator.log) Log level set to debug
2025-02-28T00:56:13.612682+00:00 INFO 'ansible_navigator.main' Review the hints and log file to see what went wrong.
2025-02-28T01:08:59.163462+00:00 INFO 'ansible_navigator.setup_logger' New ansible-navigator instance, logging initialized
2025-02-28T01:08:59.163660+00:00 INFO 'ansible_navigator.setup_logger' New ansible-runner instance, logging initialized
2025-02-28T01:08:59.163686+00:00 DEBUG 'ansible_navigator.main' ansible-builder==1.1.0 /usr/lib/python3.9/site-packages
2025-02-28T01:08:59.163708+00:00 DEBUG 'ansible_navigator.main' ansible-core==2.14.17 /usr/lib/python3.9/site-packages
2025-02-28T01:08:59.163723+00:00 DEBUG 'ansible_navigator.main' ansible-navigator==2.1.0 /usr/lib/python3.9/site-packages
2025-02-28T01:08:59.163736+00:00 DEBUG 'ansible_navigator.main' ansible-runner==2.2.2 /usr/lib/python3.9/site-packages
2025-02-28T01:08:59.163749+00:00 DEBUG 'ansible_navigator.main' attrs==21.4.0 /usr/lib/python3.9/site-packages
2025-02-28T01:08:59.163762+00:00 DEBUG 'ansible_navigator.main' bindep==2.10.2 /usr/lib/python3.9/site-packages
2025-02-28T01:08:59.163775+00:00 DEBUG 'ansible_navigator.main' brlapi==0.8.2 /usr/lib64/python3.9/site-packages
2025-02-28T01:08:59.163788+00:00 DEBUG 'ansible_navigator.main' cffi==1.15.0 /usr/lib64/python3.9/site-packages
2025-02-28T01:08:59.163800+00:00 DEBUG 'ansible_navigator.main' chardet==4.0.0 /usr/lib/python3.9/site-packages
2025-02-28T01:08:59.163813+00:00 DEBUG 'ansible_navigator.main' cockpit==311.1 /usr/lib/python3.9/site-packages
2025-02-28T01:08:59.163825+00:00 DEBUG 'ansible_navigator.main' cryptography==36.0.1 /usr/lib64/python3.9/site-packages
2025-02-28T01:08:59.163837+00:00 DEBUG 'ansible_navigator.main' cupshelpers==1.0 /usr/lib/python3.9/site-packages
2025-02-28T01:08:59.163849+00:00 DEBUG 'ansible_navigator.main' dasbus==1.4 /usr/lib/python3.9/site-packages
2025-02-28T01:08:59.163861+00:00 DEBUG 'ansible_navigator.main' dbus-python==1.2.18 /usr/lib64/python3.9/site-packages
2025-02-28T01:08:59.163873+00:00 DEBUG 'ansible_navigator.main' decorator==4.4.2 /usr/lib/python3.9/site-packages
2025-02-28T01:08:59.163885+00:00 DEBUG 'ansible_navigator.main' distro==1.5.0 /usr/lib/python3.9/site-packages
2025-02-28T01:08:59.163897+00:00 DEBUG 'ansible_navigator.main' docutils==0.16 /usr/lib/python3.9/site-packages
2025-02-28T01:08:59.163908+00:00 DEBUG 'ansible_navigator.main' file-magic==0.4.0 /usr/lib/python3.9/site-packages
2025-02-28T01:08:59.163920+00:00 DEBUG 'ansible_navigator.main' gpg==1.15.1 /usr/lib64/python3.9/site-packages
2025-02-28T01:08:59.163932+00:00 DEBUG 'ansible_navigator.main' idna==2.10 /usr/lib/python3.9/site-packages
2025-02-28T01:08:59.163944+00:00 DEBUG 'ansible_navigator.main' importlib-metadata==4.10.1 /usr/lib/python3.9/site-packages
2025-02-28T01:08:59.163955+00:00 DEBUG 'ansible_navigator.main' iniparse==0.4 /usr/lib/python3.9/site-packages
2025-02-28T01:08:59.163967+00:00 DEBUG 'ansible_navigator.main' jinja2==3.0.3 /usr/lib/python3.9/site-packages
2025-02-28T01:08:59.163979+00:00 DEBUG 'ansible_navigator.main' jsonschema==4.6.0 /usr/lib/python3.9/site-packages
2025-02-28T01:08:59.163990+00:00 DEBUG 'ansible_navigator.main' libcomps==0.1.18 /usr/lib64/python3.9/site-packages
2025-02-28T01:08:59.164002+00:00 DEBUG 'ansible_navigator.main' lockfile==0.12.2 /usr/lib/python3.9/site-packages
2025-02-28T01:08:59.164014+00:00 DEBUG 'ansible_navigator.main' lxml==4.6.5 /usr/lib64/python3.9/site-packages
2025-02-28T01:08:59.164026+00:00 DEBUG 'ansible_navigator.main' markupsafe==2.1.0 /usr/lib64/python3.9/site-packages
2025-02-28T01:08:59.164037+00:00 DEBUG 'ansible_navigator.main' nftables==0.1 /usr/lib/python3.9/site-packages
2025-02-28T01:08:59.164048+00:00 DEBUG 'ansible_navigator.main' onigurumacffi==1.1.0 /usr/lib64/python3.9/site-packages
2025-02-28T01:08:59.164060+00:00 DEBUG 'ansible_navigator.main' packaging==21.3 /usr/lib/python3.9/site-packages
2025-02-28T01:08:59.164071+00:00 DEBUG 'ansible_navigator.main' parsley==1.3 /usr/lib/python3.9/site-packages
2025-02-28T01:08:59.164083+00:00 DEBUG 'ansible_navigator.main' pbr==5.8.1 /usr/lib/python3.9/site-packages
2025-02-28T01:08:59.164094+00:00 DEBUG 'ansible_navigator.main' perf==0.1 /usr/lib64/python3.9/site-packages
2025-02-28T01:08:59.164107+00:00 DEBUG 'ansible_navigator.main' pexpect==4.8.0 /usr/lib/python3.9/site-packages
2025-02-28T01:08:59.164118+00:00 DEBUG 'ansible_navigator.main' psutil==5.8.0 /usr/lib64/python3.9/site-packages
2025-02-28T01:08:59.164130+00:00 DEBUG 'ansible_navigator.main' ptyprocess==0.6.0 /usr/lib/python3.9/site-packages
2025-02-28T01:08:59.164143+00:00 DEBUG 'ansible_navigator.main' pycairo==1.20.1 /usr/lib64/python3.9/site-packages
2025-02-28T01:08:59.164156+00:00 DEBUG 'ansible_navigator.main' pycparser==2.21 /usr/lib/python3.9/site-packages
2025-02-28T01:08:59.164168+00:00 DEBUG 'ansible_navigator.main' pycups==2.0.1 /usr/lib64/python3.9/site-packages
2025-02-28T01:08:59.164180+00:00 DEBUG 'ansible_navigator.main' pycurl==7.43.0.6 /usr/lib64/python3.9/site-packages
2025-02-28T01:08:59.164191+00:00 DEBUG 'ansible_navigator.main' pygobject==3.40.1 /usr/lib64/python3.9/site-packages
2025-02-28T01:08:59.164202+00:00 DEBUG 'ansible_navigator.main' pyinotify==0.9.6 /usr/lib/python3.9/site-packages
2025-02-28T01:08:59.164214+00:00 DEBUG 'ansible_navigator.main' pyparsing==2.4.7 /usr/lib/python3.9/site-packages
2025-02-28T01:08:59.164226+00:00 DEBUG 'ansible_navigator.main' pyrsistent==0.17.3 /usr/lib64/python3.9/site-packages
2025-02-28T01:08:59.164237+00:00 DEBUG 'ansible_navigator.main' pysocks==1.7.1 /usr/lib/python3.9/site-packages
2025-02-28T01:08:59.164248+00:00 DEBUG 'ansible_navigator.main' python-daemon==2.3.0 /usr/lib/python3.9/site-packages
2025-02-28T01:08:59.164259+00:00 DEBUG 'ansible_navigator.main' python-dateutil==2.8.1 /usr/lib/python3.9/site-packages
2025-02-28T01:08:59.164271+00:00 DEBUG 'ansible_navigator.main' python-linux-procfs==0.7.3 /usr/lib/python3.9/site-packages
2025-02-28T01:08:59.164283+00:00 DEBUG 'ansible_navigator.main' pyudev==0.22.0 /usr/lib/python3.9/site-packages
2025-02-28T01:08:59.164295+00:00 DEBUG 'ansible_navigator.main' pyyaml==5.4.1 /usr/lib64/python3.9/site-packages
2025-02-28T01:08:59.164306+00:00 DEBUG 'ansible_navigator.main' requests==2.25.1 /usr/lib/python3.9/site-packages
2025-02-28T01:08:59.164317+00:00 DEBUG 'ansible_navigator.main' requirements-parser==0.2.0 /usr/lib/python3.9/site-packages
2025-02-28T01:08:59.164329+00:00 DEBUG 'ansible_navigator.main' resolvelib==0.5.4 /usr/lib/python3.9/site-packages
2025-02-28T01:08:59.164340+00:00 DEBUG 'ansible_navigator.main' rpm==4.16.1.3 /usr/lib64/python3.9/site-packages
2025-02-28T01:08:59.164351+00:00 DEBUG 'ansible_navigator.main' selinux==3.6 /usr/lib64/python3.9/site-packages
2025-02-28T01:08:59.164362+00:00 DEBUG 'ansible_navigator.main' sepolicy==3.6 /usr/lib/python3.9/site-packages
2025-02-28T01:08:59.164373+00:00 DEBUG 'ansible_navigator.main' setools==4.4.4 /usr/lib64/python3.9/site-packages
2025-02-28T01:08:59.164384+00:00 DEBUG 'ansible_navigator.main' setroubleshoot==3.3.32 /usr/lib/python3.9/site-packages
2025-02-28T01:08:59.164396+00:00 DEBUG 'ansible_navigator.main' setuptools==53.0.0 /usr/lib/python3.9/site-packages
2025-02-28T01:08:59.164407+00:00 DEBUG 'ansible_navigator.main' six==1.15.0 /usr/lib/python3.9/site-packages
2025-02-28T01:08:59.164418+00:00 DEBUG 'ansible_navigator.main' sos==4.6.1 /usr/lib/python3.9/site-packages
2025-02-28T01:08:59.164429+00:00 DEBUG 'ansible_navigator.main' subscription-manager==1.29.40 /usr/lib64/python3.9/site-packages
2025-02-28T01:08:59.164440+00:00 DEBUG 'ansible_navigator.main' systemd-python==234 /usr/lib64/python3.9/site-packages
2025-02-28T01:08:59.164452+00:00 DEBUG 'ansible_navigator.main' typing-extensions==3.10.0.2 /usr/lib/python3.9/site-packages
2025-02-28T01:08:59.164465+00:00 DEBUG 'ansible_navigator.main' urllib3==1.26.5 /usr/lib/python3.9/site-packages
2025-02-28T01:08:59.164477+00:00 DEBUG 'ansible_navigator.main' zipp==3.4.0 /usr/lib/python3.9/site-packages
2025-02-28T01:08:59.164491+00:00 DEBUG 'ansible_navigator.main' Share directory '/usr/lib/python3.9/share/ansible_navigator' not found (development path)
2025-02-28T01:08:59.164502+00:00 DEBUG 'ansible_navigator.main' Share directory '/home/master/.local/share/ansible_navigator' not found (userbase)
2025-02-28T01:08:59.164514+00:00 DEBUG 'ansible_navigator.main' Share directory '/usr/share/ansible_navigator' found (sys.prefix)
2025-02-28T01:08:59.164525+00:00 DEBUG 'ansible_navigator.main' Default collection_doc_cache_path set to: /home/master/.cache/ansible-navigator/collection_doc_cache.db
2025-02-28T01:08:59.164538+00:00 DEBUG 'ansible_navigator.main' EDITOR environment variable not set
2025-02-28T01:08:59.164550+00:00 DEBUG 'ansible_navigator.main' Default editor_command set to: vi +{line_number} {filename}
2025-02-28T01:08:59.164561+00:00 DEBUG 'ansible_navigator.main' No config file set by ANSIBLE_NAVIGATOR_CONFIG
2025-02-28T01:08:59.164573+00:00 DEBUG 'ansible_navigator.main' Looking in /home/master
2025-02-28T01:08:59.164584+00:00 DEBUG 'ansible_navigator.main' Looking for '/home/master/.ansible-navigator.yml', '/home/master/.ansible-navigator.yaml' and '/home/master/.ansible-navigator.json'
2025-02-28T01:08:59.164596+00:00 DEBUG 'ansible_navigator.main' Found 0: 
2025-02-28T01:08:59.164608+00:00 DEBUG 'ansible_navigator.main' Looking in /home/master/our_class5
2025-02-28T01:08:59.164619+00:00 DEBUG 'ansible_navigator.main' Looking for '/home/master/our_class5/ansible-navigator.yml', '/home/master/our_class5/ansible-navigator.yaml' and '/home/master/our_class5/ansible-navigator.json'
2025-02-28T01:08:59.164631+00:00 DEBUG 'ansible_navigator.main' Found 0: 
2025-02-28T01:08:59.164642+00:00 DEBUG 'ansible_navigator.main' All found 0: 
2025-02-28T01:08:59.164653+00:00 DEBUG 'ansible_navigator.main' Using: None
2025-02-28T01:08:59.164664+00:00 DEBUG 'ansible_navigator.main' No valid settings file found, using all default values for settings.
2025-02-28T01:08:59.164676+00:00 DEBUG 'ansible_navigator.main' Command provided: 'inventory'
2025-02-28T01:08:59.164687+00:00 DEBUG 'ansible_navigator.main' EE support enabled: using current working directory for 'ansible.cfg'
2025-02-28T01:08:59.164698+00:00 INFO 'ansible_navigator.main' EE support enabled: no 'ansible.cfg' found in current working directory. Tried /home/master/our_class5/ansible.cfg
2025-02-28T01:08:59.164710+00:00 DEBUG 'ansible_navigator.main' Completed post processing for ansible_runner_artifact_dir. (changed=False)
2025-02-28T01:08:59.164721+00:00 DEBUG 'ansible_navigator.main' Completed post processing for ansible_runner_rotate_artifacts_count. (changed=False)
2025-02-28T01:08:59.164732+00:00 DEBUG 'ansible_navigator.main' Completed post processing for ansible_runner_timeout. (changed=False)
2025-02-28T01:08:59.164744+00:00 DEBUG 'ansible_navigator.main' Completed post processing for cmdline. (changed=False)
2025-02-28T01:08:59.164755+00:00 DEBUG 'ansible_navigator.main' Completed post processing for collection_doc_cache_path. (changed=False)
2025-02-28T01:08:59.164767+00:00 DEBUG 'ansible_navigator.main' Completed post processing for container_engine. (changed=True)
2025-02-28T01:08:59.164778+00:00 DEBUG 'ansible_navigator.main'  before: 'auto'
2025-02-28T01:08:59.164789+00:00 DEBUG 'ansible_navigator.main'  after: 'podman'
2025-02-28T01:08:59.164800+00:00 DEBUG 'ansible_navigator.main' Completed post processing for container_options. (changed=False)
2025-02-28T01:08:59.164812+00:00 DEBUG 'ansible_navigator.main' Completed post processing for display_color. (changed=False)
2025-02-28T01:08:59.164823+00:00 DEBUG 'ansible_navigator.main' Completed post processing for execution_environment. (changed=False)
2025-02-28T01:08:59.164834+00:00 DEBUG 'ansible_navigator.main' Completed post processing for execution_environment_image. (changed=False)
2025-02-28T01:08:59.164845+00:00 DEBUG 'ansible_navigator.main' Completed post processing for help_builder. (changed=False)
2025-02-28T01:08:59.164856+00:00 DEBUG 'ansible_navigator.main' Completed post processing for help_config. (changed=False)
2025-02-28T01:08:59.164867+00:00 DEBUG 'ansible_navigator.main' Completed post processing for help_doc. (changed=False)
2025-02-28T01:08:59.164879+00:00 DEBUG 'ansible_navigator.main' Completed post processing for help_inventory. (changed=False)
2025-02-28T01:08:59.164890+00:00 DEBUG 'ansible_navigator.main' Completed post processing for help_playbook. (changed=False)
2025-02-28T01:08:59.164901+00:00 DEBUG 'ansible_navigator.main' Completed post processing for images_details. (changed=False)
2025-02-28T01:08:59.164912+00:00 DEBUG 'ansible_navigator.main' Completed post processing for inventory. (changed=False)
2025-02-28T01:08:59.164925+00:00 DEBUG 'ansible_navigator.main' Completed post processing for inventory_column. (changed=False)
2025-02-28T01:08:59.164936+00:00 DEBUG 'ansible_navigator.main' Completed post processing for log_file. (changed=False)
2025-02-28T01:08:59.164948+00:00 DEBUG 'ansible_navigator.main' Completed post processing for pass_environment_variable. (changed=False)
2025-02-28T01:08:59.164959+00:00 DEBUG 'ansible_navigator.main' Completed post processing for playbook. (changed=False)
2025-02-28T01:08:59.164970+00:00 DEBUG 'ansible_navigator.main' Completed post processing for playbook_artifact_replay. (changed=False)
2025-02-28T01:08:59.164982+00:00 DEBUG 'ansible_navigator.main' Completed post processing for playbook_artifact_save_as. (changed=False)
2025-02-28T01:08:59.164993+00:00 DEBUG 'ansible_navigator.main' Completed post processing for plugin_name. (changed=False)
2025-02-28T01:08:59.165004+00:00 DEBUG 'ansible_navigator.main' Completed post processing for pull_arguments. (changed=False)
2025-02-28T01:08:59.165015+00:00 DEBUG 'ansible_navigator.main' Completed post processing for set_environment_variable. (changed=False)
2025-02-28T01:08:59.165027+00:00 DEBUG 'ansible_navigator.main' Completed post processing for settings_effective. (changed=False)
2025-02-28T01:08:59.165038+00:00 DEBUG 'ansible_navigator.main' Completed post processing for settings_sample. (changed=False)
2025-02-28T01:08:59.165049+00:00 DEBUG 'ansible_navigator.main' Completed post processing for settings_schema. (changed=False)
2025-02-28T01:08:59.165060+00:00 DEBUG 'ansible_navigator.main' Completed post processing for settings_sources. (changed=False)
2025-02-28T01:08:59.165072+00:00 DEBUG 'ansible_navigator.main' Completed post processing for time_zone. (changed=False)
2025-02-28T01:08:59.165083+00:00 DEBUG 'ansible_navigator.main' Completed post processing for execution_environment_volume_mounts. (changed=False)
2025-02-28T01:08:59.165096+00:00 DEBUG 'ansible_navigator.main' Completed post processing for mode. (changed=False)
2025-02-28T01:08:59.165108+00:00 WARNING 'ansible_navigator.main' Configuration errors encountered, rolling back to previous configuration.
2025-02-28T01:08:59.165121+00:00 DEBUG 'ansible_navigator.main' Prior to rollback: ansible_runner_artifact_dir = 'Not set' (Constants/Not set)
2025-02-28T01:08:59.165133+00:00 DEBUG 'ansible_navigator.main' Prior to rollback: ansible_runner_rotate_artifacts_count = 'Not set' (Constants/Not set)
2025-02-28T01:08:59.165145+00:00 DEBUG 'ansible_navigator.main' Prior to rollback: ansible_runner_timeout = 'Not set' (Constants/Not set)
2025-02-28T01:08:59.165156+00:00 DEBUG 'ansible_navigator.main' Prior to rollback: app = 'inventory' (str/Command line)
2025-02-28T01:08:59.165168+00:00 DEBUG 'ansible_navigator.main' Prior to rollback: cmdline = 'Not set' (Constants/Not set)
2025-02-28T01:08:59.165180+00:00 DEBUG 'ansible_navigator.main' Prior to rollback: collection_doc_cache_path = '/home/master/.cache/ansible-navigator/collection_doc_cache.db' (str/Defaults)
2025-02-28T01:08:59.165192+00:00 DEBUG 'ansible_navigator.main' Prior to rollback: config = 'Not set' (Constants/Not set)
2025-02-28T01:08:59.165204+00:00 DEBUG 'ansible_navigator.main' Prior to rollback: container_engine = 'podman' (str/Automatically determined)
2025-02-28T01:08:59.165215+00:00 DEBUG 'ansible_navigator.main' Prior to rollback: container_options = 'Not set' (Constants/Not set)
2025-02-28T01:08:59.165227+00:00 DEBUG 'ansible_navigator.main' Prior to rollback: display_color = 'True' (bool/Defaults)
2025-02-28T01:08:59.165239+00:00 DEBUG 'ansible_navigator.main' Prior to rollback: editor_command = 'vi +{line_number} {filename}' (str/Defaults)
2025-02-28T01:08:59.165251+00:00 DEBUG 'ansible_navigator.main' Prior to rollback: editor_console = 'True' (bool/Defaults)
2025-02-28T01:08:59.165262+00:00 DEBUG 'ansible_navigator.main' Prior to rollback: exec_command = '/bin/bash' (str/Defaults)
2025-02-28T01:08:59.165273+00:00 DEBUG 'ansible_navigator.main' Prior to rollback: exec_shell = 'True' (bool/Defaults)
2025-02-28T01:08:59.165286+00:00 DEBUG 'ansible_navigator.main' Prior to rollback: execution_environment = 'True' (bool/Defaults)
2025-02-28T01:08:59.165298+00:00 DEBUG 'ansible_navigator.main' Prior to rollback: execution_environment_image = 'registry.redhat.io/ansible-automation-platform-22/ee-supported-rhel8:latest' (str/Defaults)
2025-02-28T01:08:59.165309+00:00 DEBUG 'ansible_navigator.main' Prior to rollback: execution_environment_volume_mounts = 'Not set' (Constants/Not set)
2025-02-28T01:08:59.165321+00:00 DEBUG 'ansible_navigator.main' Prior to rollback: help_builder = 'False' (bool/Defaults)
2025-02-28T01:08:59.165332+00:00 DEBUG 'ansible_navigator.main' Prior to rollback: help_config = 'False' (bool/Defaults)
2025-02-28T01:08:59.165344+00:00 DEBUG 'ansible_navigator.main' Prior to rollback: help_doc = 'False' (bool/Defaults)
2025-02-28T01:08:59.165355+00:00 DEBUG 'ansible_navigator.main' Prior to rollback: help_inventory = 'False' (bool/Defaults)
2025-02-28T01:08:59.165367+00:00 DEBUG 'ansible_navigator.main' Prior to rollback: help_playbook = 'False' (bool/Defaults)
2025-02-28T01:08:59.165378+00:00 DEBUG 'ansible_navigator.main' Prior to rollback: images_details = '['everything']' (list/Defaults)
2025-02-28T01:08:59.165389+00:00 DEBUG 'ansible_navigator.main' Prior to rollback: inventory = 'Not set' (Constants/Not set)
2025-02-28T01:08:59.165400+00:00 DEBUG 'ansible_navigator.main' Prior to rollback: inventory_column = 'Not set' (Constants/Not set)
2025-02-28T01:08:59.165411+00:00 DEBUG 'ansible_navigator.main' Prior to rollback: lint_config = 'Not set' (Constants/Not set)
2025-02-28T01:08:59.165423+00:00 DEBUG 'ansible_navigator.main' Prior to rollback: lintables = 'Not set' (Constants/Not set)
2025-02-28T01:08:59.165436+00:00 DEBUG 'ansible_navigator.main' Prior to rollback: log_append = 'True' (bool/Defaults)
2025-02-28T01:08:59.165454+00:00 DEBUG 'ansible_navigator.main' Prior to rollback: log_file = '/home/master/our_class5/ansible-navigator.log' (str/Defaults)
2025-02-28T01:08:59.165468+00:00 DEBUG 'ansible_navigator.main' Prior to rollback: log_level = 'warning' (str/Defaults)
2025-02-28T01:08:59.165480+00:00 DEBUG 'ansible_navigator.main' Prior to rollback: mode = 'interactive' (str/Defaults)
2025-02-28T01:08:59.165493+00:00 DEBUG 'ansible_navigator.main' Prior to rollback: osc4 = 'True' (bool/Defaults)
2025-02-28T01:08:59.165505+00:00 DEBUG 'ansible_navigator.main' Prior to rollback: pass_environment_variable = 'Not set' (Constants/Not set)
2025-02-28T01:08:59.165518+00:00 DEBUG 'ansible_navigator.main' Prior to rollback: playbook = 'Not set' (Constants/Not set)
2025-02-28T01:08:59.165530+00:00 DEBUG 'ansible_navigator.main' Prior to rollback: playbook_artifact_enable = 'True' (bool/Defaults)
2025-02-28T01:08:59.165542+00:00 DEBUG 'ansible_navigator.main' Prior to rollback: playbook_artifact_replay = 'Not set' (Constants/Not set)
2025-02-28T01:08:59.165555+00:00 DEBUG 'ansible_navigator.main' Prior to rollback: playbook_artifact_save_as = '{playbook_dir}/{playbook_name}-artifact-{time_stamp}.json' (str/Defaults)
2025-02-28T01:08:59.165567+00:00 DEBUG 'ansible_navigator.main' Prior to rollback: plugin_name = 'Not set' (Constants/Not set)
2025-02-28T01:08:59.165581+00:00 DEBUG 'ansible_navigator.main' Prior to rollback: plugin_type = 'module' (str/Defaults)
2025-02-28T01:08:59.165592+00:00 DEBUG 'ansible_navigator.main' Prior to rollback: pull_arguments = 'Not set' (Constants/Not set)
2025-02-28T01:08:59.165604+00:00 DEBUG 'ansible_navigator.main' Prior to rollback: pull_policy = 'tag' (str/Defaults)
2025-02-28T01:08:59.165615+00:00 DEBUG 'ansible_navigator.main' Prior to rollback: set_environment_variable = 'Not set' (Constants/Not set)
2025-02-28T01:08:59.165627+00:00 DEBUG 'ansible_navigator.main' Prior to rollback: settings_effective = 'False' (bool/Defaults)
2025-02-28T01:08:59.165638+00:00 DEBUG 'ansible_navigator.main' Prior to rollback: settings_sample = 'False' (bool/Defaults)
2025-02-28T01:08:59.165650+00:00 DEBUG 'ansible_navigator.main' Prior to rollback: settings_schema = 'json' (str/Defaults)
2025-02-28T01:08:59.165663+00:00 DEBUG 'ansible_navigator.main' Prior to rollback: settings_sources = 'False' (bool/Defaults)
2025-02-28T01:08:59.165674+00:00 DEBUG 'ansible_navigator.main' Prior to rollback: time_zone = 'UTC' (str/Defaults)
2025-02-28T01:08:59.165686+00:00 DEBUG 'ansible_navigator.main' Prior to rollback: workdir = '/home/master/our_class5' (str/Defaults)
2025-02-28T01:08:59.165698+00:00 DEBUG 'ansible_navigator.main' After rollback: ansible_runner_artifact_dir = 'Not set' (Constants/Not set)
2025-02-28T01:08:59.165710+00:00 DEBUG 'ansible_navigator.main' After rollback: ansible_runner_rotate_artifacts_count = 'Not set' (Constants/Not set)
2025-02-28T01:08:59.165722+00:00 DEBUG 'ansible_navigator.main' After rollback: ansible_runner_timeout = 'Not set' (Constants/Not set)
2025-02-28T01:08:59.165733+00:00 DEBUG 'ansible_navigator.main' After rollback: app = 'Not set' (Constants/Not set)
2025-02-28T01:08:59.165745+00:00 DEBUG 'ansible_navigator.main' After rollback: cmdline = 'Not set' (Constants/Not set)
2025-02-28T01:08:59.165756+00:00 DEBUG 'ansible_navigator.main' After rollback: collection_doc_cache_path = 'Not set' (Constants/Not set)
2025-02-28T01:08:59.165767+00:00 DEBUG 'ansible_navigator.main' After rollback: config = 'Not set' (Constants/Not set)
2025-02-28T01:08:59.165779+00:00 DEBUG 'ansible_navigator.main' After rollback: container_engine = 'Not set' (Constants/Not set)
2025-02-28T01:08:59.165790+00:00 DEBUG 'ansible_navigator.main' After rollback: container_options = 'Not set' (Constants/Not set)
2025-02-28T01:08:59.165802+00:00 DEBUG 'ansible_navigator.main' After rollback: display_color = 'Not set' (Constants/Not set)
2025-02-28T01:08:59.165813+00:00 DEBUG 'ansible_navigator.main' After rollback: editor_command = 'Not set' (Constants/Not set)
2025-02-28T01:08:59.165824+00:00 DEBUG 'ansible_navigator.main' After rollback: editor_console = 'Not set' (Constants/Not set)
2025-02-28T01:08:59.165836+00:00 DEBUG 'ansible_navigator.main' After rollback: exec_command = 'Not set' (Constants/Not set)
2025-02-28T01:08:59.165847+00:00 DEBUG 'ansible_navigator.main' After rollback: exec_shell = 'Not set' (Constants/Not set)
2025-02-28T01:08:59.165859+00:00 DEBUG 'ansible_navigator.main' After rollback: execution_environment = 'Not set' (Constants/Not set)
2025-02-28T01:08:59.165870+00:00 DEBUG 'ansible_navigator.main' After rollback: execution_environment_image = 'Not set' (Constants/Not set)
2025-02-28T01:08:59.165881+00:00 DEBUG 'ansible_navigator.main' After rollback: execution_environment_volume_mounts = 'Not set' (Constants/Not set)
2025-02-28T01:08:59.165893+00:00 DEBUG 'ansible_navigator.main' After rollback: help_builder = 'Not set' (Constants/Not set)
2025-02-28T01:08:59.165904+00:00 DEBUG 'ansible_navigator.main' After rollback: help_config = 'Not set' (Constants/Not set)
2025-02-28T01:08:59.165915+00:00 DEBUG 'ansible_navigator.main' After rollback: help_doc = 'Not set' (Constants/Not set)
2025-02-28T01:08:59.165927+00:00 DEBUG 'ansible_navigator.main' After rollback: help_inventory = 'Not set' (Constants/Not set)
2025-02-28T01:08:59.165938+00:00 DEBUG 'ansible_navigator.main' After rollback: help_playbook = 'Not set' (Constants/Not set)
2025-02-28T01:08:59.165949+00:00 DEBUG 'ansible_navigator.main' After rollback: images_details = 'Not set' (Constants/Not set)
2025-02-28T01:08:59.165961+00:00 DEBUG 'ansible_navigator.main' After rollback: inventory = 'Not set' (Constants/Not set)
2025-02-28T01:08:59.165972+00:00 DEBUG 'ansible_navigator.main' After rollback: inventory_column = 'Not set' (Constants/Not set)
2025-02-28T01:08:59.165983+00:00 DEBUG 'ansible_navigator.main' After rollback: lint_config = 'Not set' (Constants/Not set)
2025-02-28T01:08:59.165995+00:00 DEBUG 'ansible_navigator.main' After rollback: lintables = 'Not set' (Constants/Not set)
2025-02-28T01:08:59.166006+00:00 DEBUG 'ansible_navigator.main' After rollback: log_append = 'Not set' (Constants/Not set)
2025-02-28T01:08:59.166018+00:00 DEBUG 'ansible_navigator.main' After rollback: log_file = 'Not set' (Constants/Not set)
2025-02-28T01:08:59.166030+00:00 DEBUG 'ansible_navigator.main' After rollback: log_level = 'Not set' (Constants/Not set)
2025-02-28T01:08:59.166042+00:00 DEBUG 'ansible_navigator.main' After rollback: mode = 'Not set' (Constants/Not set)
2025-02-28T01:08:59.166053+00:00 DEBUG 'ansible_navigator.main' After rollback: osc4 = 'Not set' (Constants/Not set)
2025-02-28T01:08:59.166065+00:00 DEBUG 'ansible_navigator.main' After rollback: pass_environment_variable = 'Not set' (Constants/Not set)
2025-02-28T01:08:59.166076+00:00 DEBUG 'ansible_navigator.main' After rollback: playbook = 'Not set' (Constants/Not set)
2025-02-28T01:08:59.166088+00:00 DEBUG 'ansible_navigator.main' After rollback: playbook_artifact_enable = 'Not set' (Constants/Not set)
2025-02-28T01:08:59.166099+00:00 DEBUG 'ansible_navigator.main' After rollback: playbook_artifact_replay = 'Not set' (Constants/Not set)
2025-02-28T01:08:59.166111+00:00 DEBUG 'ansible_navigator.main' After rollback: playbook_artifact_save_as = 'Not set' (Constants/Not set)
2025-02-28T01:08:59.166122+00:00 DEBUG 'ansible_navigator.main' After rollback: plugin_name = 'Not set' (Constants/Not set)
2025-02-28T01:08:59.166134+00:00 DEBUG 'ansible_navigator.main' After rollback: plugin_type = 'Not set' (Constants/Not set)
2025-02-28T01:08:59.166145+00:00 DEBUG 'ansible_navigator.main' After rollback: pull_arguments = 'Not set' (Constants/Not set)
2025-02-28T01:08:59.166157+00:00 DEBUG 'ansible_navigator.main' After rollback: pull_policy = 'Not set' (Constants/Not set)
2025-02-28T01:08:59.166168+00:00 DEBUG 'ansible_navigator.main' After rollback: set_environment_variable = 'Not set' (Constants/Not set)
2025-02-28T01:08:59.166180+00:00 DEBUG 'ansible_navigator.main' After rollback: settings_effective = 'Not set' (Constants/Not set)
2025-02-28T01:08:59.166191+00:00 DEBUG 'ansible_navigator.main' After rollback: settings_sample = 'Not set' (Constants/Not set)
2025-02-28T01:08:59.166203+00:00 DEBUG 'ansible_navigator.main' After rollback: settings_schema = 'Not set' (Constants/Not set)
2025-02-28T01:08:59.166214+00:00 DEBUG 'ansible_navigator.main' After rollback: settings_sources = 'Not set' (Constants/Not set)
2025-02-28T01:08:59.166226+00:00 DEBUG 'ansible_navigator.main' After rollback: time_zone = 'Not set' (Constants/Not set)
2025-02-28T01:08:59.166238+00:00 DEBUG 'ansible_navigator.main' After rollback: workdir = 'Not set' (Constants/Not set)
2025-02-28T01:08:59.166250+00:00 DEBUG 'ansible_navigator.main' Configuration rollback complete.
2025-02-28T01:08:59.166261+00:00 DEBUG 'ansible_navigator.main' Collection doc cache not mounted
2025-02-28T01:08:59.166279+00:00 WARNING 'ansible_navigator.main' Issues were found while applying the settings.
2025-02-28T01:08:59.166294+00:00 INFO 'ansible_navigator.main' Command provided: 'inventory'
2025-02-28T01:08:59.166309+00:00 ERROR 'ansible_navigator.main' An inventory is required when using the inventory subcommand
2025-02-28T01:08:59.166323+00:00 INFO 'ansible_navigator.main' Try again with '-i <path to inventory>'
2025-02-28T01:08:59.166337+00:00 INFO 'ansible_navigator.main' Configuration failed, using default log file location. (/home/master/our_class5/ansible-navigator.log) Log level set to debug
2025-02-28T01:08:59.166350+00:00 INFO 'ansible_navigator.main' Review the hints and log file to see what went wrong.
2025-02-28T01:09:23.998953+00:00 ERROR 'ansible_navigator.actions.inventory._collect_inventory_details_interactive' Errors were encountered while gathering the inventory:
2025-02-28T01:09:23.999183+00:00 ERROR 'ansible_navigator.actions.inventory._collect_inventory_details_interactive' [WARNING]: Unable to parse /home/master/our_class5/nventory as an inventory source
2025-02-28T01:09:23.999209+00:00 ERROR 'ansible_navigator.actions.inventory._collect_inventory_details_interactive' [WARNING]: No inventory was parsed, only implicit localhost is available
2025-02-28T01:23:11.783522+00:00 WARNING 'ansible_navigator.run' Dirty exit, killing the pid
2025-02-28T13:08:17.705339+00:00 INFO 'ansible_navigator.setup_logger' New ansible-navigator instance, logging initialized
2025-02-28T13:08:17.705486+00:00 INFO 'ansible_navigator.setup_logger' New ansible-runner instance, logging initialized
2025-02-28T13:08:17.705509+00:00 DEBUG 'ansible_navigator.main' ansible-builder==1.1.0 /usr/lib/python3.9/site-packages
2025-02-28T13:08:17.705524+00:00 DEBUG 'ansible_navigator.main' ansible-core==2.14.17 /usr/lib/python3.9/site-packages
2025-02-28T13:08:17.705538+00:00 DEBUG 'ansible_navigator.main' ansible-navigator==2.1.0 /usr/lib/python3.9/site-packages
2025-02-28T13:08:17.705550+00:00 DEBUG 'ansible_navigator.main' ansible-runner==2.2.2 /usr/lib/python3.9/site-packages
2025-02-28T13:08:17.705561+00:00 DEBUG 'ansible_navigator.main' attrs==21.4.0 /usr/lib/python3.9/site-packages
2025-02-28T13:08:17.705573+00:00 DEBUG 'ansible_navigator.main' bindep==2.10.2 /usr/lib/python3.9/site-packages
2025-02-28T13:08:17.705584+00:00 DEBUG 'ansible_navigator.main' brlapi==0.8.2 /usr/lib64/python3.9/site-packages
2025-02-28T13:08:17.705596+00:00 DEBUG 'ansible_navigator.main' cffi==1.15.0 /usr/lib64/python3.9/site-packages
2025-02-28T13:08:17.705608+00:00 DEBUG 'ansible_navigator.main' chardet==4.0.0 /usr/lib/python3.9/site-packages
2025-02-28T13:08:17.705619+00:00 DEBUG 'ansible_navigator.main' cockpit==311.1 /usr/lib/python3.9/site-packages
2025-02-28T13:08:17.705630+00:00 DEBUG 'ansible_navigator.main' cryptography==36.0.1 /usr/lib64/python3.9/site-packages
2025-02-28T13:08:17.705641+00:00 DEBUG 'ansible_navigator.main' cupshelpers==1.0 /usr/lib/python3.9/site-packages
2025-02-28T13:08:17.705652+00:00 DEBUG 'ansible_navigator.main' dasbus==1.4 /usr/lib/python3.9/site-packages
2025-02-28T13:08:17.705663+00:00 DEBUG 'ansible_navigator.main' dbus-python==1.2.18 /usr/lib64/python3.9/site-packages
2025-02-28T13:08:17.705674+00:00 DEBUG 'ansible_navigator.main' decorator==4.4.2 /usr/lib/python3.9/site-packages
2025-02-28T13:08:17.705685+00:00 DEBUG 'ansible_navigator.main' distro==1.5.0 /usr/lib/python3.9/site-packages
2025-02-28T13:08:17.705696+00:00 DEBUG 'ansible_navigator.main' docutils==0.16 /usr/lib/python3.9/site-packages
2025-02-28T13:08:17.705707+00:00 DEBUG 'ansible_navigator.main' file-magic==0.4.0 /usr/lib/python3.9/site-packages
2025-02-28T13:08:17.705719+00:00 DEBUG 'ansible_navigator.main' gpg==1.15.1 /usr/lib64/python3.9/site-packages
2025-02-28T13:08:17.705730+00:00 DEBUG 'ansible_navigator.main' idna==2.10 /usr/lib/python3.9/site-packages
2025-02-28T13:08:17.705741+00:00 DEBUG 'ansible_navigator.main' importlib-metadata==4.10.1 /usr/lib/python3.9/site-packages
2025-02-28T13:08:17.705752+00:00 DEBUG 'ansible_navigator.main' iniparse==0.4 /usr/lib/python3.9/site-packages
2025-02-28T13:08:17.705764+00:00 DEBUG 'ansible_navigator.main' jinja2==3.0.3 /usr/lib/python3.9/site-packages
2025-02-28T13:08:17.705774+00:00 DEBUG 'ansible_navigator.main' jsonschema==4.6.0 /usr/lib/python3.9/site-packages
2025-02-28T13:08:17.705785+00:00 DEBUG 'ansible_navigator.main' libcomps==0.1.18 /usr/lib64/python3.9/site-packages
2025-02-28T13:08:17.705796+00:00 DEBUG 'ansible_navigator.main' lockfile==0.12.2 /usr/lib/python3.9/site-packages
2025-02-28T13:08:17.705807+00:00 DEBUG 'ansible_navigator.main' lxml==4.6.5 /usr/lib64/python3.9/site-packages
2025-02-28T13:08:17.705818+00:00 DEBUG 'ansible_navigator.main' markupsafe==2.1.0 /usr/lib64/python3.9/site-packages
2025-02-28T13:08:17.705829+00:00 DEBUG 'ansible_navigator.main' nftables==0.1 /usr/lib/python3.9/site-packages
2025-02-28T13:08:17.705840+00:00 DEBUG 'ansible_navigator.main' onigurumacffi==1.1.0 /usr/lib64/python3.9/site-packages
2025-02-28T13:08:17.705851+00:00 DEBUG 'ansible_navigator.main' packaging==21.3 /usr/lib/python3.9/site-packages
2025-02-28T13:08:17.705861+00:00 DEBUG 'ansible_navigator.main' parsley==1.3 /usr/lib/python3.9/site-packages
2025-02-28T13:08:17.705872+00:00 DEBUG 'ansible_navigator.main' pbr==5.8.1 /usr/lib/python3.9/site-packages
2025-02-28T13:08:17.705883+00:00 DEBUG 'ansible_navigator.main' perf==0.1 /usr/lib64/python3.9/site-packages
2025-02-28T13:08:17.705899+00:00 DEBUG 'ansible_navigator.main' pexpect==4.8.0 /usr/lib/python3.9/site-packages
2025-02-28T13:08:17.705911+00:00 DEBUG 'ansible_navigator.main' psutil==5.8.0 /usr/lib64/python3.9/site-packages
2025-02-28T13:08:17.705922+00:00 DEBUG 'ansible_navigator.main' ptyprocess==0.6.0 /usr/lib/python3.9/site-packages
2025-02-28T13:08:17.705933+00:00 DEBUG 'ansible_navigator.main' pycairo==1.20.1 /usr/lib64/python3.9/site-packages
2025-02-28T13:08:17.705944+00:00 DEBUG 'ansible_navigator.main' pycparser==2.21 /usr/lib/python3.9/site-packages
2025-02-28T13:08:17.705955+00:00 DEBUG 'ansible_navigator.main' pycups==2.0.1 /usr/lib64/python3.9/site-packages
2025-02-28T13:08:17.705966+00:00 DEBUG 'ansible_navigator.main' pycurl==7.43.0.6 /usr/lib64/python3.9/site-packages
2025-02-28T13:08:17.705976+00:00 DEBUG 'ansible_navigator.main' pygobject==3.40.1 /usr/lib64/python3.9/site-packages
2025-02-28T13:08:17.705988+00:00 DEBUG 'ansible_navigator.main' pyinotify==0.9.6 /usr/lib/python3.9/site-packages
2025-02-28T13:08:17.705998+00:00 DEBUG 'ansible_navigator.main' pyparsing==2.4.7 /usr/lib/python3.9/site-packages
2025-02-28T13:08:17.706009+00:00 DEBUG 'ansible_navigator.main' pyrsistent==0.17.3 /usr/lib64/python3.9/site-packages
2025-02-28T13:08:17.706020+00:00 DEBUG 'ansible_navigator.main' pysocks==1.7.1 /usr/lib/python3.9/site-packages
2025-02-28T13:08:17.706031+00:00 DEBUG 'ansible_navigator.main' python-daemon==2.3.0 /usr/lib/python3.9/site-packages
2025-02-28T13:08:17.706042+00:00 DEBUG 'ansible_navigator.main' python-dateutil==2.8.1 /usr/lib/python3.9/site-packages
2025-02-28T13:08:17.706053+00:00 DEBUG 'ansible_navigator.main' python-linux-procfs==0.7.3 /usr/lib/python3.9/site-packages
2025-02-28T13:08:17.706064+00:00 DEBUG 'ansible_navigator.main' pyudev==0.22.0 /usr/lib/python3.9/site-packages
2025-02-28T13:08:17.706074+00:00 DEBUG 'ansible_navigator.main' pyyaml==5.4.1 /usr/lib64/python3.9/site-packages
2025-02-28T13:08:17.706085+00:00 DEBUG 'ansible_navigator.main' requests==2.25.1 /usr/lib/python3.9/site-packages
2025-02-28T13:08:17.706096+00:00 DEBUG 'ansible_navigator.main' requirements-parser==0.2.0 /usr/lib/python3.9/site-packages
2025-02-28T13:08:17.706107+00:00 DEBUG 'ansible_navigator.main' resolvelib==0.5.4 /usr/lib/python3.9/site-packages
2025-02-28T13:08:17.706118+00:00 DEBUG 'ansible_navigator.main' rpm==4.16.1.3 /usr/lib64/python3.9/site-packages
2025-02-28T13:08:17.706129+00:00 DEBUG 'ansible_navigator.main' selinux==3.6 /usr/lib64/python3.9/site-packages
2025-02-28T13:08:17.706140+00:00 DEBUG 'ansible_navigator.main' sepolicy==3.6 /usr/lib/python3.9/site-packages
2025-02-28T13:08:17.706150+00:00 DEBUG 'ansible_navigator.main' setools==4.4.4 /usr/lib64/python3.9/site-packages
2025-02-28T13:08:17.706161+00:00 DEBUG 'ansible_navigator.main' setroubleshoot==3.3.32 /usr/lib/python3.9/site-packages
2025-02-28T13:08:17.706175+00:00 DEBUG 'ansible_navigator.main' setuptools==53.0.0 /usr/lib/python3.9/site-packages
2025-02-28T13:08:17.706192+00:00 DEBUG 'ansible_navigator.main' six==1.15.0 /usr/lib/python3.9/site-packages
2025-02-28T13:08:17.706207+00:00 DEBUG 'ansible_navigator.main' sos==4.6.1 /usr/lib/python3.9/site-packages
2025-02-28T13:08:17.706219+00:00 DEBUG 'ansible_navigator.main' subscription-manager==1.29.40 /usr/lib64/python3.9/site-packages
2025-02-28T13:08:17.706232+00:00 DEBUG 'ansible_navigator.main' systemd-python==234 /usr/lib64/python3.9/site-packages
2025-02-28T13:08:17.706245+00:00 DEBUG 'ansible_navigator.main' typing-extensions==3.10.0.2 /usr/lib/python3.9/site-packages
2025-02-28T13:08:17.706257+00:00 DEBUG 'ansible_navigator.main' urllib3==1.26.5 /usr/lib/python3.9/site-packages
2025-02-28T13:08:17.706269+00:00 DEBUG 'ansible_navigator.main' zipp==3.4.0 /usr/lib/python3.9/site-packages
2025-02-28T13:08:17.706281+00:00 DEBUG 'ansible_navigator.main' Share directory '/usr/lib/python3.9/share/ansible_navigator' not found (development path)
2025-02-28T13:08:17.706294+00:00 DEBUG 'ansible_navigator.main' Share directory '/home/master/.local/share/ansible_navigator' not found (userbase)
2025-02-28T13:08:17.706310+00:00 DEBUG 'ansible_navigator.main' Share directory '/usr/share/ansible_navigator' found (sys.prefix)
2025-02-28T13:08:17.706324+00:00 DEBUG 'ansible_navigator.main' Default collection_doc_cache_path set to: /home/master/.cache/ansible-navigator/collection_doc_cache.db
2025-02-28T13:08:17.706335+00:00 DEBUG 'ansible_navigator.main' EDITOR environment variable not set
2025-02-28T13:08:17.706346+00:00 DEBUG 'ansible_navigator.main' Default editor_command set to: vi +{line_number} {filename}
2025-02-28T13:08:17.706357+00:00 DEBUG 'ansible_navigator.main' No config file set by ANSIBLE_NAVIGATOR_CONFIG
2025-02-28T13:08:17.706368+00:00 DEBUG 'ansible_navigator.main' Looking in /home/master
2025-02-28T13:08:17.706379+00:00 DEBUG 'ansible_navigator.main' Looking for '/home/master/.ansible-navigator.yml', '/home/master/.ansible-navigator.yaml' and '/home/master/.ansible-navigator.json'
2025-02-28T13:08:17.706390+00:00 DEBUG 'ansible_navigator.main' Found 0: 
2025-02-28T13:08:17.706401+00:00 DEBUG 'ansible_navigator.main' Looking in /home/master/our_class5
2025-02-28T13:08:17.706412+00:00 DEBUG 'ansible_navigator.main' Looking for '/home/master/our_class5/ansible-navigator.yml', '/home/master/our_class5/ansible-navigator.yaml' and '/home/master/our_class5/ansible-navigator.json'
2025-02-28T13:08:17.706423+00:00 DEBUG 'ansible_navigator.main' Found 1: '/home/master/our_class5/ansible-navigator.yml'
2025-02-28T13:08:17.706434+00:00 DEBUG 'ansible_navigator.main' All found 1: '/home/master/our_class5/ansible-navigator.yml'
2025-02-28T13:08:17.706444+00:00 DEBUG 'ansible_navigator.main' Using: /home/master/our_class5/ansible-navigator.yml
2025-02-28T13:08:17.706455+00:00 DEBUG 'ansible_navigator.main' Using settings file at /home/master/our_class5/ansible-navigator.yml in search path
2025-02-28T13:08:17.706465+00:00 DEBUG 'ansible_navigator.main' Command provided: '-m stdout site.yml -synthax-check'
2025-02-28T13:08:17.706476+00:00 DEBUG 'ansible_navigator.main' ansible-navigator.ansible-runner.artifact-dir not found in settings file
2025-02-28T13:08:17.706486+00:00 DEBUG 'ansible_navigator.main' ansible-navigator.ansible-runner.rotate-artifacts-count not found in settings file
2025-02-28T13:08:17.706497+00:00 DEBUG 'ansible_navigator.main' ansible-navigator.ansible-runner.timeout not found in settings file
2025-02-28T13:08:17.706508+00:00 DEBUG 'ansible_navigator.main' ansible-navigator.app not found in settings file
2025-02-28T13:08:17.706518+00:00 DEBUG 'ansible_navigator.main' ansible-navigator.ansible.cmdline not found in settings file
2025-02-28T13:08:17.706529+00:00 DEBUG 'ansible_navigator.main' ansible-navigator.collection-doc-cache-path not found in settings file
2025-02-28T13:08:17.706540+00:00 DEBUG 'ansible_navigator.main' ansible-navigator.ansible.config.path not found in settings file
2025-02-28T13:08:17.706551+00:00 DEBUG 'ansible_navigator.main' ansible-navigator.execution-environment.container-engine not found in settings file
2025-02-28T13:08:17.706562+00:00 DEBUG 'ansible_navigator.main' ansible-navigator.execution-environment.container-options not found in settings file
2025-02-28T13:08:17.706572+00:00 DEBUG 'ansible_navigator.main' ansible-navigator.color.enable not found in settings file
2025-02-28T13:08:17.706583+00:00 DEBUG 'ansible_navigator.main' ansible-navigator.editor.command not found in settings file
2025-02-28T13:08:17.706593+00:00 DEBUG 'ansible_navigator.main' ansible-navigator.editor.console not found in settings file
2025-02-28T13:08:17.706604+00:00 DEBUG 'ansible_navigator.main' ansible-navigator.exec.command not found in settings file
2025-02-28T13:08:17.706614+00:00 DEBUG 'ansible_navigator.main' ansible-navigator.exec.shell not found in settings file
2025-02-28T13:08:17.706625+00:00 DEBUG 'ansible_navigator.main' ansible-navigator.execution-environment.enabled not found in settings file
2025-02-28T13:08:17.706635+00:00 DEBUG 'ansible_navigator.main' ansible-navigator.execution-environment.volume-mounts not found in settings file
2025-02-28T13:08:17.706647+00:00 DEBUG 'ansible_navigator.main' ansible-navigator.ansible-builder.help not found in settings file
2025-02-28T13:08:17.706658+00:00 DEBUG 'ansible_navigator.main' ansible-navigator.ansible.config.help not found in settings file
2025-02-28T13:08:17.706668+00:00 DEBUG 'ansible_navigator.main' ansible-navigator.ansible.doc.help not found in settings file
2025-02-28T13:08:17.706679+00:00 DEBUG 'ansible_navigator.main' ansible-navigator.ansible.inventory.help not found in settings file
2025-02-28T13:08:17.706690+00:00 DEBUG 'ansible_navigator.main' ansible-navigator.ansible.playbook.help not found in settings file
2025-02-28T13:08:17.706700+00:00 DEBUG 'ansible_navigator.main' ansible-navigator.images.details not found in settings file
2025-02-28T13:08:17.706711+00:00 DEBUG 'ansible_navigator.main' ansible-navigator.ansible.inventory.entries not found in settings file
2025-02-28T13:08:17.706721+00:00 DEBUG 'ansible_navigator.main' ansible-navigator.inventory-columns not found in settings file
2025-02-28T13:08:17.706732+00:00 DEBUG 'ansible_navigator.main' ansible-navigator.ansible-lint.config not found in settings file
2025-02-28T13:08:17.706742+00:00 DEBUG 'ansible_navigator.main' ansible-navigator.ansible-lint.lintables not found in settings file
2025-02-28T13:08:17.706753+00:00 DEBUG 'ansible_navigator.main' ansible-navigator.logging.append not found in settings file
2025-02-28T13:08:17.706764+00:00 DEBUG 'ansible_navigator.main' ansible-navigator.logging.file not found in settings file
2025-02-28T13:08:17.706774+00:00 DEBUG 'ansible_navigator.main' ansible-navigator.logging.level not found in settings file
2025-02-28T13:08:17.706784+00:00 DEBUG 'ansible_navigator.main' ansible-navigator.mode not found in settings file
2025-02-28T13:08:17.706795+00:00 DEBUG 'ansible_navigator.main' ansible-navigator.color.osc4 not found in settings file
2025-02-28T13:08:17.706805+00:00 DEBUG 'ansible_navigator.main' ansible-navigator.execution-environment.environment-variables.pass not found in settings file
2025-02-28T13:08:17.706816+00:00 DEBUG 'ansible_navigator.main' ansible-navigator.ansible.playbook.path not found in settings file
2025-02-28T13:08:17.706826+00:00 DEBUG 'ansible_navigator.main' ansible-navigator.playbook-artifact.replay not found in settings file
2025-02-28T13:08:17.706837+00:00 DEBUG 'ansible_navigator.main' ansible-navigator.playbook-artifact.save-as not found in settings file
2025-02-28T13:08:17.706847+00:00 DEBUG 'ansible_navigator.main' ansible-navigator.ansible.doc.plugin.name not found in settings file
2025-02-28T13:08:17.706858+00:00 DEBUG 'ansible_navigator.main' ansible-navigator.ansible.doc.plugin.type not found in settings file
2025-02-28T13:08:17.706868+00:00 DEBUG 'ansible_navigator.main' ansible-navigator.execution-environment.pull.arguments not found in settings file
2025-02-28T13:08:17.706879+00:00 DEBUG 'ansible_navigator.main' ansible-navigator.execution-environment.environment-variables.set not found in settings file
2025-02-28T13:08:17.706889+00:00 DEBUG 'ansible_navigator.main' ansible-navigator.settings.effective not found in settings file
2025-02-28T13:08:17.706900+00:00 DEBUG 'ansible_navigator.main' ansible-navigator.settings.sample not found in settings file
2025-02-28T13:08:17.706910+00:00 DEBUG 'ansible_navigator.main' ansible-navigator.settings.schema not found in settings file
2025-02-28T13:08:17.706921+00:00 DEBUG 'ansible_navigator.main' ansible-navigator.settings.sources not found in settings file
2025-02-28T13:08:17.706931+00:00 DEBUG 'ansible_navigator.main' ansible-navigator.time-zone not found in settings file
2025-02-28T13:08:17.706942+00:00 DEBUG 'ansible_navigator.main' ansible-navigator.ansible-builder.workdir not found in settings file
2025-02-28T13:08:17.706954+00:00 WARNING 'ansible_navigator.main' Configuration errors encountered, rolling back to previous configuration.
2025-02-28T13:08:17.706967+00:00 DEBUG 'ansible_navigator.main' Prior to rollback: ansible_runner_artifact_dir = 'Not set' (Constants/Not set)
2025-02-28T13:08:17.706978+00:00 DEBUG 'ansible_navigator.main' Prior to rollback: ansible_runner_rotate_artifacts_count = 'Not set' (Constants/Not set)
2025-02-28T13:08:17.706990+00:00 DEBUG 'ansible_navigator.main' Prior to rollback: ansible_runner_timeout = 'Not set' (Constants/Not set)
2025-02-28T13:08:17.707002+00:00 DEBUG 'ansible_navigator.main' Prior to rollback: app = 'welcome' (str/Defaults)
2025-02-28T13:08:17.707013+00:00 DEBUG 'ansible_navigator.main' Prior to rollback: cmdline = '['-m', 'stdout', 'site.yml', '-synthax-check']' (list/Command line)
2025-02-28T13:08:17.707024+00:00 DEBUG 'ansible_navigator.main' Prior to rollback: collection_doc_cache_path = '/home/master/.cache/ansible-navigator/collection_doc_cache.db' (str/Defaults)
2025-02-28T13:08:17.707035+00:00 DEBUG 'ansible_navigator.main' Prior to rollback: config = 'Not set' (Constants/Not set)
2025-02-28T13:08:17.707045+00:00 DEBUG 'ansible_navigator.main' Prior to rollback: container_engine = 'auto' (str/Defaults)
2025-02-28T13:08:17.707057+00:00 DEBUG 'ansible_navigator.main' Prior to rollback: container_options = 'Not set' (Constants/Not set)
2025-02-28T13:08:17.707067+00:00 DEBUG 'ansible_navigator.main' Prior to rollback: display_color = 'True' (bool/Defaults)
2025-02-28T13:08:17.707078+00:00 DEBUG 'ansible_navigator.main' Prior to rollback: editor_command = 'vi +{line_number} {filename}' (str/Defaults)
2025-02-28T13:08:17.707089+00:00 DEBUG 'ansible_navigator.main' Prior to rollback: editor_console = 'True' (bool/Defaults)
2025-02-28T13:08:17.707100+00:00 DEBUG 'ansible_navigator.main' Prior to rollback: exec_command = '/bin/bash' (str/Defaults)
2025-02-28T13:08:17.707111+00:00 DEBUG 'ansible_navigator.main' Prior to rollback: exec_shell = 'True' (bool/Defaults)
2025-02-28T13:08:17.707121+00:00 DEBUG 'ansible_navigator.main' Prior to rollback: execution_environment = 'True' (bool/Defaults)
2025-02-28T13:08:17.707132+00:00 DEBUG 'ansible_navigator.main' Prior to rollback: execution_environment_image = 'registry.redhat.io/ansible-automation-platform-22/ee-supported-rhel8:latest' (str/Settings file)
2025-02-28T13:08:17.707143+00:00 DEBUG 'ansible_navigator.main' Prior to rollback: execution_environment_volume_mounts = 'Not set' (Constants/Not set)
2025-02-28T13:08:17.707153+00:00 DEBUG 'ansible_navigator.main' Prior to rollback: help_builder = 'False' (bool/Defaults)
2025-02-28T13:08:17.707164+00:00 DEBUG 'ansible_navigator.main' Prior to rollback: help_config = 'False' (bool/Defaults)
2025-02-28T13:08:17.707174+00:00 DEBUG 'ansible_navigator.main' Prior to rollback: help_doc = 'False' (bool/Defaults)
2025-02-28T13:08:17.707185+00:00 DEBUG 'ansible_navigator.main' Prior to rollback: help_inventory = 'False' (bool/Defaults)
2025-02-28T13:08:17.707195+00:00 DEBUG 'ansible_navigator.main' Prior to rollback: help_playbook = 'False' (bool/Defaults)
2025-02-28T13:08:17.707206+00:00 DEBUG 'ansible_navigator.main' Prior to rollback: images_details = '['everything']' (list/Defaults)
2025-02-28T13:08:17.707217+00:00 DEBUG 'ansible_navigator.main' Prior to rollback: inventory = 'Not set' (Constants/Not set)
2025-02-28T13:08:17.707227+00:00 DEBUG 'ansible_navigator.main' Prior to rollback: inventory_column = 'Not set' (Constants/Not set)
2025-02-28T13:08:17.707238+00:00 DEBUG 'ansible_navigator.main' Prior to rollback: lint_config = 'Not set' (Constants/Not set)
2025-02-28T13:08:17.707248+00:00 DEBUG 'ansible_navigator.main' Prior to rollback: lintables = 'Not set' (Constants/Not set)
2025-02-28T13:08:17.707259+00:00 DEBUG 'ansible_navigator.main' Prior to rollback: log_append = 'True' (bool/Defaults)
2025-02-28T13:08:17.707269+00:00 DEBUG 'ansible_navigator.main' Prior to rollback: log_file = '/home/master/our_class5/ansible-navigator.log' (str/Defaults)
2025-02-28T13:08:17.707279+00:00 DEBUG 'ansible_navigator.main' Prior to rollback: log_level = 'warning' (str/Defaults)
2025-02-28T13:08:17.707290+00:00 DEBUG 'ansible_navigator.main' Prior to rollback: mode = 'stdout' (str/Command line)
2025-02-28T13:08:17.707300+00:00 DEBUG 'ansible_navigator.main' Prior to rollback: osc4 = 'True' (bool/Defaults)
2025-02-28T13:08:17.707312+00:00 DEBUG 'ansible_navigator.main' Prior to rollback: pass_environment_variable = 'Not set' (Constants/Not set)
2025-02-28T13:08:17.707323+00:00 DEBUG 'ansible_navigator.main' Prior to rollback: playbook = 'Not set' (Constants/Not set)
2025-02-28T13:08:17.707333+00:00 DEBUG 'ansible_navigator.main' Prior to rollback: playbook_artifact_enable = 'False' (bool/Settings file)
2025-02-28T13:08:17.707344+00:00 DEBUG 'ansible_navigator.main' Prior to rollback: playbook_artifact_replay = 'Not set' (Constants/Not set)
2025-02-28T13:08:17.707354+00:00 DEBUG 'ansible_navigator.main' Prior to rollback: playbook_artifact_save_as = '{playbook_dir}/{playbook_name}-artifact-{time_stamp}.json' (str/Defaults)
2025-02-28T13:08:17.707365+00:00 DEBUG 'ansible_navigator.main' Prior to rollback: plugin_name = 'Not set' (Constants/Not set)
2025-02-28T13:08:17.707375+00:00 DEBUG 'ansible_navigator.main' Prior to rollback: plugin_type = 'module' (str/Defaults)
2025-02-28T13:08:17.707385+00:00 DEBUG 'ansible_navigator.main' Prior to rollback: pull_arguments = 'Not set' (Constants/Not set)
2025-02-28T13:08:17.707396+00:00 DEBUG 'ansible_navigator.main' Prior to rollback: pull_policy = 'missing' (str/Settings file)
2025-02-28T13:08:17.707407+00:00 DEBUG 'ansible_navigator.main' Prior to rollback: set_environment_variable = 'Not set' (Constants/Not set)
2025-02-28T13:08:17.707417+00:00 DEBUG 'ansible_navigator.main' Prior to rollback: settings_effective = 'False' (bool/Defaults)
2025-02-28T13:08:17.707428+00:00 DEBUG 'ansible_navigator.main' Prior to rollback: settings_sample = 'False' (bool/Defaults)
2025-02-28T13:08:17.707438+00:00 DEBUG 'ansible_navigator.main' Prior to rollback: settings_schema = 'json' (str/Defaults)
2025-02-28T13:08:17.707448+00:00 DEBUG 'ansible_navigator.main' Prior to rollback: settings_sources = 'False' (bool/Defaults)
2025-02-28T13:08:17.707459+00:00 DEBUG 'ansible_navigator.main' Prior to rollback: time_zone = 'UTC' (str/Defaults)
2025-02-28T13:08:17.707469+00:00 DEBUG 'ansible_navigator.main' Prior to rollback: workdir = '/home/master/our_class5' (str/Defaults)
2025-02-28T13:08:17.707480+00:00 DEBUG 'ansible_navigator.main' After rollback: ansible_runner_artifact_dir = 'Not set' (Constants/Not set)
2025-02-28T13:08:17.707490+00:00 DEBUG 'ansible_navigator.main' After rollback: ansible_runner_rotate_artifacts_count = 'Not set' (Constants/Not set)
2025-02-28T13:08:17.707501+00:00 DEBUG 'ansible_navigator.main' After rollback: ansible_runner_timeout = 'Not set' (Constants/Not set)
2025-02-28T13:08:17.707511+00:00 DEBUG 'ansible_navigator.main' After rollback: app = 'Not set' (Constants/Not set)
2025-02-28T13:08:17.707522+00:00 DEBUG 'ansible_navigator.main' After rollback: cmdline = 'Not set' (Constants/Not set)
2025-02-28T13:08:17.707532+00:00 DEBUG 'ansible_navigator.main' After rollback: collection_doc_cache_path = 'Not set' (Constants/Not set)
2025-02-28T13:08:17.707543+00:00 DEBUG 'ansible_navigator.main' After rollback: config = 'Not set' (Constants/Not set)
2025-02-28T13:08:17.707553+00:00 DEBUG 'ansible_navigator.main' After rollback: container_engine = 'Not set' (Constants/Not set)
2025-02-28T13:08:17.707564+00:00 DEBUG 'ansible_navigator.main' After rollback: container_options = 'Not set' (Constants/Not set)
2025-02-28T13:08:17.707574+00:00 DEBUG 'ansible_navigator.main' After rollback: display_color = 'Not set' (Constants/Not set)
2025-02-28T13:08:17.707584+00:00 DEBUG 'ansible_navigator.main' After rollback: editor_command = 'Not set' (Constants/Not set)
2025-02-28T13:08:17.707595+00:00 DEBUG 'ansible_navigator.main' After rollback: editor_console = 'Not set' (Constants/Not set)
2025-02-28T13:08:17.707605+00:00 DEBUG 'ansible_navigator.main' After rollback: exec_command = 'Not set' (Constants/Not set)
2025-02-28T13:08:17.707615+00:00 DEBUG 'ansible_navigator.main' After rollback: exec_shell = 'Not set' (Constants/Not set)
2025-02-28T13:08:17.707626+00:00 DEBUG 'ansible_navigator.main' After rollback: execution_environment = 'Not set' (Constants/Not set)
2025-02-28T13:08:17.707637+00:00 DEBUG 'ansible_navigator.main' After rollback: execution_environment_image = 'Not set' (Constants/Not set)
2025-02-28T13:08:17.707648+00:00 DEBUG 'ansible_navigator.main' After rollback: execution_environment_volume_mounts = 'Not set' (Constants/Not set)
2025-02-28T13:08:17.707658+00:00 DEBUG 'ansible_navigator.main' After rollback: help_builder = 'Not set' (Constants/Not set)
2025-02-28T13:08:17.707669+00:00 DEBUG 'ansible_navigator.main' After rollback: help_config = 'Not set' (Constants/Not set)
2025-02-28T13:08:17.707679+00:00 DEBUG 'ansible_navigator.main' After rollback: help_doc = 'Not set' (Constants/Not set)
2025-02-28T13:08:17.707690+00:00 DEBUG 'ansible_navigator.main' After rollback: help_inventory = 'Not set' (Constants/Not set)
2025-02-28T13:08:17.707700+00:00 DEBUG 'ansible_navigator.main' After rollback: help_playbook = 'Not set' (Constants/Not set)
2025-02-28T13:08:17.707711+00:00 DEBUG 'ansible_navigator.main' After rollback: images_details = 'Not set' (Constants/Not set)
2025-02-28T13:08:17.707721+00:00 DEBUG 'ansible_navigator.main' After rollback: inventory = 'Not set' (Constants/Not set)
2025-02-28T13:08:17.707732+00:00 DEBUG 'ansible_navigator.main' After rollback: inventory_column = 'Not set' (Constants/Not set)
2025-02-28T13:08:17.707742+00:00 DEBUG 'ansible_navigator.main' After rollback: lint_config = 'Not set' (Constants/Not set)
2025-02-28T13:08:17.707752+00:00 DEBUG 'ansible_navigator.main' After rollback: lintables = 'Not set' (Constants/Not set)
2025-02-28T13:08:17.707763+00:00 DEBUG 'ansible_navigator.main' After rollback: log_append = 'Not set' (Constants/Not set)
2025-02-28T13:08:17.707773+00:00 DEBUG 'ansible_navigator.main' After rollback: log_file = 'Not set' (Constants/Not set)
2025-02-28T13:08:17.707784+00:00 DEBUG 'ansible_navigator.main' After rollback: log_level = 'Not set' (Constants/Not set)
2025-02-28T13:08:17.707794+00:00 DEBUG 'ansible_navigator.main' After rollback: mode = 'Not set' (Constants/Not set)
2025-02-28T13:08:17.707805+00:00 DEBUG 'ansible_navigator.main' After rollback: osc4 = 'Not set' (Constants/Not set)
2025-02-28T13:08:17.707815+00:00 DEBUG 'ansible_navigator.main' After rollback: pass_environment_variable = 'Not set' (Constants/Not set)
2025-02-28T13:08:17.707826+00:00 DEBUG 'ansible_navigator.main' After rollback: playbook = 'Not set' (Constants/Not set)
2025-02-28T13:08:17.707836+00:00 DEBUG 'ansible_navigator.main' After rollback: playbook_artifact_enable = 'Not set' (Constants/Not set)
2025-02-28T13:08:17.707847+00:00 DEBUG 'ansible_navigator.main' After rollback: playbook_artifact_replay = 'Not set' (Constants/Not set)
2025-02-28T13:08:17.707857+00:00 DEBUG 'ansible_navigator.main' After rollback: playbook_artifact_save_as = 'Not set' (Constants/Not set)
2025-02-28T13:08:17.707867+00:00 DEBUG 'ansible_navigator.main' After rollback: plugin_name = 'Not set' (Constants/Not set)
2025-02-28T13:08:17.707878+00:00 DEBUG 'ansible_navigator.main' After rollback: plugin_type = 'Not set' (Constants/Not set)
2025-02-28T13:08:17.707888+00:00 DEBUG 'ansible_navigator.main' After rollback: pull_arguments = 'Not set' (Constants/Not set)
2025-02-28T13:08:17.707899+00:00 DEBUG 'ansible_navigator.main' After rollback: pull_policy = 'Not set' (Constants/Not set)
2025-02-28T13:08:17.707909+00:00 DEBUG 'ansible_navigator.main' After rollback: set_environment_variable = 'Not set' (Constants/Not set)
2025-02-28T13:08:17.707919+00:00 DEBUG 'ansible_navigator.main' After rollback: settings_effective = 'Not set' (Constants/Not set)
2025-02-28T13:08:17.707930+00:00 DEBUG 'ansible_navigator.main' After rollback: settings_sample = 'Not set' (Constants/Not set)
2025-02-28T13:08:17.707940+00:00 DEBUG 'ansible_navigator.main' After rollback: settings_schema = 'Not set' (Constants/Not set)
2025-02-28T13:08:17.707951+00:00 DEBUG 'ansible_navigator.main' After rollback: settings_sources = 'Not set' (Constants/Not set)
2025-02-28T13:08:17.707961+00:00 DEBUG 'ansible_navigator.main' After rollback: time_zone = 'Not set' (Constants/Not set)
2025-02-28T13:08:17.707971+00:00 DEBUG 'ansible_navigator.main' After rollback: workdir = 'Not set' (Constants/Not set)
2025-02-28T13:08:17.707983+00:00 DEBUG 'ansible_navigator.main' Configuration rollback complete.
2025-02-28T13:08:17.707993+00:00 DEBUG 'ansible_navigator.main' Collection doc cache not mounted
2025-02-28T13:08:17.708009+00:00 WARNING 'ansible_navigator.main' Issues were found while applying the settings.
2025-02-28T13:08:17.708023+00:00 INFO 'ansible_navigator.main' Command provided: '-m stdout site.yml -synthax-check'
2025-02-28T13:08:17.708037+00:00 ERROR 'ansible_navigator.main' argument {subcommand} --help: invalid choice: 'site.yml' (choose from 'builder', 'collections', 'config', 'doc', 'exec', 'images', 'inventory', 'lint', 'replay', 'run', 'settings', 'welcome')
2025-02-28T13:08:17.708050+00:00 INFO 'ansible_navigator.main' Configuration failed, using default log file location. (/home/master/our_class5/ansible-navigator.log) Log level set to debug
2025-02-28T13:08:17.708064+00:00 INFO 'ansible_navigator.main' Review the hints and log file to see what went wrong.
2025-02-28T13:08:37.378415+00:00 INFO 'ansible_navigator.setup_logger' New ansible-navigator instance, logging initialized
2025-02-28T13:08:37.378564+00:00 INFO 'ansible_navigator.setup_logger' New ansible-runner instance, logging initialized
2025-02-28T13:08:37.378591+00:00 DEBUG 'ansible_navigator.main' ansible-builder==1.1.0 /usr/lib/python3.9/site-packages
2025-02-28T13:08:37.378608+00:00 DEBUG 'ansible_navigator.main' ansible-core==2.14.17 /usr/lib/python3.9/site-packages
2025-02-28T13:08:37.378623+00:00 DEBUG 'ansible_navigator.main' ansible-navigator==2.1.0 /usr/lib/python3.9/site-packages
2025-02-28T13:08:37.378638+00:00 DEBUG 'ansible_navigator.main' ansible-runner==2.2.2 /usr/lib/python3.9/site-packages
2025-02-28T13:08:37.378651+00:00 DEBUG 'ansible_navigator.main' attrs==21.4.0 /usr/lib/python3.9/site-packages
2025-02-28T13:08:37.378665+00:00 DEBUG 'ansible_navigator.main' bindep==2.10.2 /usr/lib/python3.9/site-packages
2025-02-28T13:08:37.378678+00:00 DEBUG 'ansible_navigator.main' brlapi==0.8.2 /usr/lib64/python3.9/site-packages
2025-02-28T13:08:37.378691+00:00 DEBUG 'ansible_navigator.main' cffi==1.15.0 /usr/lib64/python3.9/site-packages
2025-02-28T13:08:37.378704+00:00 DEBUG 'ansible_navigator.main' chardet==4.0.0 /usr/lib/python3.9/site-packages
2025-02-28T13:08:37.378717+00:00 DEBUG 'ansible_navigator.main' cockpit==311.1 /usr/lib/python3.9/site-packages
2025-02-28T13:08:37.378728+00:00 DEBUG 'ansible_navigator.main' cryptography==36.0.1 /usr/lib64/python3.9/site-packages
2025-02-28T13:08:37.378740+00:00 DEBUG 'ansible_navigator.main' cupshelpers==1.0 /usr/lib/python3.9/site-packages
2025-02-28T13:08:37.378752+00:00 DEBUG 'ansible_navigator.main' dasbus==1.4 /usr/lib/python3.9/site-packages
2025-02-28T13:08:37.378763+00:00 DEBUG 'ansible_navigator.main' dbus-python==1.2.18 /usr/lib64/python3.9/site-packages
2025-02-28T13:08:37.378775+00:00 DEBUG 'ansible_navigator.main' decorator==4.4.2 /usr/lib/python3.9/site-packages
2025-02-28T13:08:37.378787+00:00 DEBUG 'ansible_navigator.main' distro==1.5.0 /usr/lib/python3.9/site-packages
2025-02-28T13:08:37.378798+00:00 DEBUG 'ansible_navigator.main' docutils==0.16 /usr/lib/python3.9/site-packages
2025-02-28T13:08:37.378810+00:00 DEBUG 'ansible_navigator.main' file-magic==0.4.0 /usr/lib/python3.9/site-packages
2025-02-28T13:08:37.378822+00:00 DEBUG 'ansible_navigator.main' gpg==1.15.1 /usr/lib64/python3.9/site-packages
2025-02-28T13:08:37.378834+00:00 DEBUG 'ansible_navigator.main' idna==2.10 /usr/lib/python3.9/site-packages
2025-02-28T13:08:37.378845+00:00 DEBUG 'ansible_navigator.main' importlib-metadata==4.10.1 /usr/lib/python3.9/site-packages
2025-02-28T13:08:37.378857+00:00 DEBUG 'ansible_navigator.main' iniparse==0.4 /usr/lib/python3.9/site-packages
2025-02-28T13:08:37.378869+00:00 DEBUG 'ansible_navigator.main' jinja2==3.0.3 /usr/lib/python3.9/site-packages
2025-02-28T13:08:37.378881+00:00 DEBUG 'ansible_navigator.main' jsonschema==4.6.0 /usr/lib/python3.9/site-packages
2025-02-28T13:08:37.378893+00:00 DEBUG 'ansible_navigator.main' libcomps==0.1.18 /usr/lib64/python3.9/site-packages
2025-02-28T13:08:37.378908+00:00 DEBUG 'ansible_navigator.main' lockfile==0.12.2 /usr/lib/python3.9/site-packages
2025-02-28T13:08:37.378920+00:00 DEBUG 'ansible_navigator.main' lxml==4.6.5 /usr/lib64/python3.9/site-packages
2025-02-28T13:08:37.378932+00:00 DEBUG 'ansible_navigator.main' markupsafe==2.1.0 /usr/lib64/python3.9/site-packages
2025-02-28T13:08:37.378943+00:00 DEBUG 'ansible_navigator.main' nftables==0.1 /usr/lib/python3.9/site-packages
2025-02-28T13:08:37.378954+00:00 DEBUG 'ansible_navigator.main' onigurumacffi==1.1.0 /usr/lib64/python3.9/site-packages
2025-02-28T13:08:37.378966+00:00 DEBUG 'ansible_navigator.main' packaging==21.3 /usr/lib/python3.9/site-packages
2025-02-28T13:08:37.378977+00:00 DEBUG 'ansible_navigator.main' parsley==1.3 /usr/lib/python3.9/site-packages
2025-02-28T13:08:37.378988+00:00 DEBUG 'ansible_navigator.main' pbr==5.8.1 /usr/lib/python3.9/site-packages
2025-02-28T13:08:37.378999+00:00 DEBUG 'ansible_navigator.main' perf==0.1 /usr/lib64/python3.9/site-packages
2025-02-28T13:08:37.379011+00:00 DEBUG 'ansible_navigator.main' pexpect==4.8.0 /usr/lib/python3.9/site-packages
2025-02-28T13:08:37.379023+00:00 DEBUG 'ansible_navigator.main' psutil==5.8.0 /usr/lib64/python3.9/site-packages
2025-02-28T13:08:37.379034+00:00 DEBUG 'ansible_navigator.main' ptyprocess==0.6.0 /usr/lib/python3.9/site-packages
2025-02-28T13:08:37.379046+00:00 DEBUG 'ansible_navigator.main' pycairo==1.20.1 /usr/lib64/python3.9/site-packages
2025-02-28T13:08:37.379058+00:00 DEBUG 'ansible_navigator.main' pycparser==2.21 /usr/lib/python3.9/site-packages
2025-02-28T13:08:37.379069+00:00 DEBUG 'ansible_navigator.main' pycups==2.0.1 /usr/lib64/python3.9/site-packages
2025-02-28T13:08:37.379081+00:00 DEBUG 'ansible_navigator.main' pycurl==7.43.0.6 /usr/lib64/python3.9/site-packages
2025-02-28T13:08:37.379092+00:00 DEBUG 'ansible_navigator.main' pygobject==3.40.1 /usr/lib64/python3.9/site-packages
2025-02-28T13:08:37.379103+00:00 DEBUG 'ansible_navigator.main' pyinotify==0.9.6 /usr/lib/python3.9/site-packages
2025-02-28T13:08:37.379114+00:00 DEBUG 'ansible_navigator.main' pyparsing==2.4.7 /usr/lib/python3.9/site-packages
2025-02-28T13:08:37.379126+00:00 DEBUG 'ansible_navigator.main' pyrsistent==0.17.3 /usr/lib64/python3.9/site-packages
2025-02-28T13:08:37.379137+00:00 DEBUG 'ansible_navigator.main' pysocks==1.7.1 /usr/lib/python3.9/site-packages
2025-02-28T13:08:37.379148+00:00 DEBUG 'ansible_navigator.main' python-daemon==2.3.0 /usr/lib/python3.9/site-packages
2025-02-28T13:08:37.379160+00:00 DEBUG 'ansible_navigator.main' python-dateutil==2.8.1 /usr/lib/python3.9/site-packages
2025-02-28T13:08:37.379171+00:00 DEBUG 'ansible_navigator.main' python-linux-procfs==0.7.3 /usr/lib/python3.9/site-packages
2025-02-28T13:08:37.379183+00:00 DEBUG 'ansible_navigator.main' pyudev==0.22.0 /usr/lib/python3.9/site-packages
2025-02-28T13:08:37.379195+00:00 DEBUG 'ansible_navigator.main' pyyaml==5.4.1 /usr/lib64/python3.9/site-packages
2025-02-28T13:08:37.379206+00:00 DEBUG 'ansible_navigator.main' requests==2.25.1 /usr/lib/python3.9/site-packages
2025-02-28T13:08:37.379217+00:00 DEBUG 'ansible_navigator.main' requirements-parser==0.2.0 /usr/lib/python3.9/site-packages
2025-02-28T13:08:37.379229+00:00 DEBUG 'ansible_navigator.main' resolvelib==0.5.4 /usr/lib/python3.9/site-packages
2025-02-28T13:08:37.379240+00:00 DEBUG 'ansible_navigator.main' rpm==4.16.1.3 /usr/lib64/python3.9/site-packages
2025-02-28T13:08:37.379251+00:00 DEBUG 'ansible_navigator.main' selinux==3.6 /usr/lib64/python3.9/site-packages
2025-02-28T13:08:37.379262+00:00 DEBUG 'ansible_navigator.main' sepolicy==3.6 /usr/lib/python3.9/site-packages
2025-02-28T13:08:37.379274+00:00 DEBUG 'ansible_navigator.main' setools==4.4.4 /usr/lib64/python3.9/site-packages
2025-02-28T13:08:37.379285+00:00 DEBUG 'ansible_navigator.main' setroubleshoot==3.3.32 /usr/lib/python3.9/site-packages
2025-02-28T13:08:37.379297+00:00 DEBUG 'ansible_navigator.main' setuptools==53.0.0 /usr/lib/python3.9/site-packages
2025-02-28T13:08:37.379309+00:00 DEBUG 'ansible_navigator.main' six==1.15.0 /usr/lib/python3.9/site-packages
2025-02-28T13:08:37.379320+00:00 DEBUG 'ansible_navigator.main' sos==4.6.1 /usr/lib/python3.9/site-packages
2025-02-28T13:08:37.379332+00:00 DEBUG 'ansible_navigator.main' subscription-manager==1.29.40 /usr/lib64/python3.9/site-packages
2025-02-28T13:08:37.379343+00:00 DEBUG 'ansible_navigator.main' systemd-python==234 /usr/lib64/python3.9/site-packages
2025-02-28T13:08:37.379355+00:00 DEBUG 'ansible_navigator.main' typing-extensions==3.10.0.2 /usr/lib/python3.9/site-packages
2025-02-28T13:08:37.379366+00:00 DEBUG 'ansible_navigator.main' urllib3==1.26.5 /usr/lib/python3.9/site-packages
2025-02-28T13:08:37.379377+00:00 DEBUG 'ansible_navigator.main' zipp==3.4.0 /usr/lib/python3.9/site-packages
2025-02-28T13:08:37.379389+00:00 DEBUG 'ansible_navigator.main' Share directory '/usr/lib/python3.9/share/ansible_navigator' not found (development path)
2025-02-28T13:08:37.379401+00:00 DEBUG 'ansible_navigator.main' Share directory '/home/master/.local/share/ansible_navigator' not found (userbase)
2025-02-28T13:08:37.379412+00:00 DEBUG 'ansible_navigator.main' Share directory '/usr/share/ansible_navigator' found (sys.prefix)
2025-02-28T13:08:37.379424+00:00 DEBUG 'ansible_navigator.main' Default collection_doc_cache_path set to: /home/master/.cache/ansible-navigator/collection_doc_cache.db
2025-02-28T13:08:37.379436+00:00 DEBUG 'ansible_navigator.main' EDITOR environment variable not set
2025-02-28T13:08:37.379447+00:00 DEBUG 'ansible_navigator.main' Default editor_command set to: vi +{line_number} {filename}
2025-02-28T13:08:37.379459+00:00 DEBUG 'ansible_navigator.main' No config file set by ANSIBLE_NAVIGATOR_CONFIG
2025-02-28T13:08:37.379470+00:00 DEBUG 'ansible_navigator.main' Looking in /home/master
2025-02-28T13:08:37.379482+00:00 DEBUG 'ansible_navigator.main' Looking for '/home/master/.ansible-navigator.yml', '/home/master/.ansible-navigator.yaml' and '/home/master/.ansible-navigator.json'
2025-02-28T13:08:37.379493+00:00 DEBUG 'ansible_navigator.main' Found 0: 
2025-02-28T13:08:37.379504+00:00 DEBUG 'ansible_navigator.main' Looking in /home/master/our_class5
2025-02-28T13:08:37.379516+00:00 DEBUG 'ansible_navigator.main' Looking for '/home/master/our_class5/ansible-navigator.yml', '/home/master/our_class5/ansible-navigator.yaml' and '/home/master/our_class5/ansible-navigator.json'
2025-02-28T13:08:37.379527+00:00 DEBUG 'ansible_navigator.main' Found 1: '/home/master/our_class5/ansible-navigator.yml'
2025-02-28T13:08:37.379540+00:00 DEBUG 'ansible_navigator.main' All found 1: '/home/master/our_class5/ansible-navigator.yml'
2025-02-28T13:08:37.379553+00:00 DEBUG 'ansible_navigator.main' Using: /home/master/our_class5/ansible-navigator.yml
2025-02-28T13:08:37.379565+00:00 DEBUG 'ansible_navigator.main' Using settings file at /home/master/our_class5/ansible-navigator.yml in search path
2025-02-28T13:08:37.379579+00:00 DEBUG 'ansible_navigator.main' Command provided: '-m stdout site.yml --synthax-check'
2025-02-28T13:08:37.379590+00:00 DEBUG 'ansible_navigator.main' ansible-navigator.ansible-runner.artifact-dir not found in settings file
2025-02-28T13:08:37.379602+00:00 DEBUG 'ansible_navigator.main' ansible-navigator.ansible-runner.rotate-artifacts-count not found in settings file
2025-02-28T13:08:37.379613+00:00 DEBUG 'ansible_navigator.main' ansible-navigator.ansible-runner.timeout not found in settings file
2025-02-28T13:08:37.379624+00:00 DEBUG 'ansible_navigator.main' ansible-navigator.app not found in settings file
2025-02-28T13:08:37.379636+00:00 DEBUG 'ansible_navigator.main' ansible-navigator.ansible.cmdline not found in settings file
2025-02-28T13:08:37.379647+00:00 DEBUG 'ansible_navigator.main' ansible-navigator.collection-doc-cache-path not found in settings file
2025-02-28T13:08:37.379658+00:00 DEBUG 'ansible_navigator.main' ansible-navigator.ansible.config.path not found in settings file
2025-02-28T13:08:37.379669+00:00 DEBUG 'ansible_navigator.main' ansible-navigator.execution-environment.container-engine not found in settings file
2025-02-28T13:08:37.379683+00:00 DEBUG 'ansible_navigator.main' ansible-navigator.execution-environment.container-options not found in settings file
2025-02-28T13:08:37.379694+00:00 DEBUG 'ansible_navigator.main' ansible-navigator.color.enable not found in settings file
2025-02-28T13:08:37.379705+00:00 DEBUG 'ansible_navigator.main' ansible-navigator.editor.command not found in settings file
2025-02-28T13:08:37.379717+00:00 DEBUG 'ansible_navigator.main' ansible-navigator.editor.console not found in settings file
2025-02-28T13:08:37.379728+00:00 DEBUG 'ansible_navigator.main' ansible-navigator.exec.command not found in settings file
2025-02-28T13:08:37.379739+00:00 DEBUG 'ansible_navigator.main' ansible-navigator.exec.shell not found in settings file
2025-02-28T13:08:37.379750+00:00 DEBUG 'ansible_navigator.main' ansible-navigator.execution-environment.enabled not found in settings file
2025-02-28T13:08:37.379761+00:00 DEBUG 'ansible_navigator.main' ansible-navigator.execution-environment.volume-mounts not found in settings file
2025-02-28T13:08:37.379773+00:00 DEBUG 'ansible_navigator.main' ansible-navigator.ansible-builder.help not found in settings file
2025-02-28T13:08:37.379784+00:00 DEBUG 'ansible_navigator.main' ansible-navigator.ansible.config.help not found in settings file
2025-02-28T13:08:37.379796+00:00 DEBUG 'ansible_navigator.main' ansible-navigator.ansible.doc.help not found in settings file
2025-02-28T13:08:37.379807+00:00 DEBUG 'ansible_navigator.main' ansible-navigator.ansible.inventory.help not found in settings file
2025-02-28T13:08:37.379818+00:00 DEBUG 'ansible_navigator.main' ansible-navigator.ansible.playbook.help not found in settings file
2025-02-28T13:08:37.379830+00:00 DEBUG 'ansible_navigator.main' ansible-navigator.images.details not found in settings file
2025-02-28T13:08:37.379842+00:00 DEBUG 'ansible_navigator.main' ansible-navigator.ansible.inventory.entries not found in settings file
2025-02-28T13:08:37.379853+00:00 DEBUG 'ansible_navigator.main' ansible-navigator.inventory-columns not found in settings file
2025-02-28T13:08:37.379865+00:00 DEBUG 'ansible_navigator.main' ansible-navigator.ansible-lint.config not found in settings file
2025-02-28T13:08:37.379876+00:00 DEBUG 'ansible_navigator.main' ansible-navigator.ansible-lint.lintables not found in settings file
2025-02-28T13:08:37.379888+00:00 DEBUG 'ansible_navigator.main' ansible-navigator.logging.append not found in settings file
2025-02-28T13:08:37.379900+00:00 DEBUG 'ansible_navigator.main' ansible-navigator.logging.file not found in settings file
2025-02-28T13:08:37.379911+00:00 DEBUG 'ansible_navigator.main' ansible-navigator.logging.level not found in settings file
2025-02-28T13:08:37.379923+00:00 DEBUG 'ansible_navigator.main' ansible-navigator.mode not found in settings file
2025-02-28T13:08:37.379934+00:00 DEBUG 'ansible_navigator.main' ansible-navigator.color.osc4 not found in settings file
2025-02-28T13:08:37.379946+00:00 DEBUG 'ansible_navigator.main' ansible-navigator.execution-environment.environment-variables.pass not found in settings file
2025-02-28T13:08:37.379957+00:00 DEBUG 'ansible_navigator.main' ansible-navigator.ansible.playbook.path not found in settings file
2025-02-28T13:08:37.379968+00:00 DEBUG 'ansible_navigator.main' ansible-navigator.playbook-artifact.replay not found in settings file
2025-02-28T13:08:37.379980+00:00 DEBUG 'ansible_navigator.main' ansible-navigator.playbook-artifact.save-as not found in settings file
2025-02-28T13:08:37.379992+00:00 DEBUG 'ansible_navigator.main' ansible-navigator.ansible.doc.plugin.name not found in settings file
2025-02-28T13:08:37.380003+00:00 DEBUG 'ansible_navigator.main' ansible-navigator.ansible.doc.plugin.type not found in settings file
2025-02-28T13:08:37.380014+00:00 DEBUG 'ansible_navigator.main' ansible-navigator.execution-environment.pull.arguments not found in settings file
2025-02-28T13:08:37.380025+00:00 DEBUG 'ansible_navigator.main' ansible-navigator.execution-environment.environment-variables.set not found in settings file
2025-02-28T13:08:37.380038+00:00 DEBUG 'ansible_navigator.main' ansible-navigator.settings.effective not found in settings file
2025-02-28T13:08:37.380049+00:00 DEBUG 'ansible_navigator.main' ansible-navigator.settings.sample not found in settings file
2025-02-28T13:08:37.380060+00:00 DEBUG 'ansible_navigator.main' ansible-navigator.settings.schema not found in settings file
2025-02-28T13:08:37.380072+00:00 DEBUG 'ansible_navigator.main' ansible-navigator.settings.sources not found in settings file
2025-02-28T13:08:37.380083+00:00 DEBUG 'ansible_navigator.main' ansible-navigator.time-zone not found in settings file
2025-02-28T13:08:37.380094+00:00 DEBUG 'ansible_navigator.main' ansible-navigator.ansible-builder.workdir not found in settings file
2025-02-28T13:08:37.380106+00:00 WARNING 'ansible_navigator.main' Configuration errors encountered, rolling back to previous configuration.
2025-02-28T13:08:37.380119+00:00 DEBUG 'ansible_navigator.main' Prior to rollback: ansible_runner_artifact_dir = 'Not set' (Constants/Not set)
2025-02-28T13:08:37.380131+00:00 DEBUG 'ansible_navigator.main' Prior to rollback: ansible_runner_rotate_artifacts_count = 'Not set' (Constants/Not set)
2025-02-28T13:08:37.380142+00:00 DEBUG 'ansible_navigator.main' Prior to rollback: ansible_runner_timeout = 'Not set' (Constants/Not set)
2025-02-28T13:08:37.380154+00:00 DEBUG 'ansible_navigator.main' Prior to rollback: app = 'welcome' (str/Defaults)
2025-02-28T13:08:37.380165+00:00 DEBUG 'ansible_navigator.main' Prior to rollback: cmdline = '['-m', 'stdout', 'site.yml', '--synthax-check']' (list/Command line)
2025-02-28T13:08:37.380176+00:00 DEBUG 'ansible_navigator.main' Prior to rollback: collection_doc_cache_path = '/home/master/.cache/ansible-navigator/collection_doc_cache.db' (str/Defaults)
2025-02-28T13:08:37.380188+00:00 DEBUG 'ansible_navigator.main' Prior to rollback: config = 'Not set' (Constants/Not set)
2025-02-28T13:08:37.380199+00:00 DEBUG 'ansible_navigator.main' Prior to rollback: container_engine = 'auto' (str/Defaults)
2025-02-28T13:08:37.380211+00:00 DEBUG 'ansible_navigator.main' Prior to rollback: container_options = 'Not set' (Constants/Not set)
2025-02-28T13:08:37.380222+00:00 DEBUG 'ansible_navigator.main' Prior to rollback: display_color = 'True' (bool/Defaults)
2025-02-28T13:08:37.380233+00:00 DEBUG 'ansible_navigator.main' Prior to rollback: editor_command = 'vi +{line_number} {filename}' (str/Defaults)
2025-02-28T13:08:37.380244+00:00 DEBUG 'ansible_navigator.main' Prior to rollback: editor_console = 'True' (bool/Defaults)
2025-02-28T13:08:37.380256+00:00 DEBUG 'ansible_navigator.main' Prior to rollback: exec_command = '/bin/bash' (str/Defaults)
2025-02-28T13:08:37.380267+00:00 DEBUG 'ansible_navigator.main' Prior to rollback: exec_shell = 'True' (bool/Defaults)
2025-02-28T13:08:37.380278+00:00 DEBUG 'ansible_navigator.main' Prior to rollback: execution_environment = 'True' (bool/Defaults)
2025-02-28T13:08:37.380290+00:00 DEBUG 'ansible_navigator.main' Prior to rollback: execution_environment_image = 'registry.redhat.io/ansible-automation-platform-22/ee-supported-rhel8:latest' (str/Settings file)
2025-02-28T13:08:37.380301+00:00 DEBUG 'ansible_navigator.main' Prior to rollback: execution_environment_volume_mounts = 'Not set' (Constants/Not set)
2025-02-28T13:08:37.380312+00:00 DEBUG 'ansible_navigator.main' Prior to rollback: help_builder = 'False' (bool/Defaults)
2025-02-28T13:08:37.380323+00:00 DEBUG 'ansible_navigator.main' Prior to rollback: help_config = 'False' (bool/Defaults)
2025-02-28T13:08:37.380335+00:00 DEBUG 'ansible_navigator.main' Prior to rollback: help_doc = 'False' (bool/Defaults)
2025-02-28T13:08:37.380346+00:00 DEBUG 'ansible_navigator.main' Prior to rollback: help_inventory = 'False' (bool/Defaults)
2025-02-28T13:08:37.380357+00:00 DEBUG 'ansible_navigator.main' Prior to rollback: help_playbook = 'False' (bool/Defaults)
2025-02-28T13:08:37.380368+00:00 DEBUG 'ansible_navigator.main' Prior to rollback: images_details = '['everything']' (list/Defaults)
2025-02-28T13:08:37.380379+00:00 DEBUG 'ansible_navigator.main' Prior to rollback: inventory = 'Not set' (Constants/Not set)
2025-02-28T13:08:37.380393+00:00 DEBUG 'ansible_navigator.main' Prior to rollback: inventory_column = 'Not set' (Constants/Not set)
2025-02-28T13:08:37.380404+00:00 DEBUG 'ansible_navigator.main' Prior to rollback: lint_config = 'Not set' (Constants/Not set)
2025-02-28T13:08:37.380415+00:00 DEBUG 'ansible_navigator.main' Prior to rollback: lintables = 'Not set' (Constants/Not set)
2025-02-28T13:08:37.380426+00:00 DEBUG 'ansible_navigator.main' Prior to rollback: log_append = 'True' (bool/Defaults)
2025-02-28T13:08:37.380437+00:00 DEBUG 'ansible_navigator.main' Prior to rollback: log_file = '/home/master/our_class5/ansible-navigator.log' (str/Defaults)
2025-02-28T13:08:37.380448+00:00 DEBUG 'ansible_navigator.main' Prior to rollback: log_level = 'warning' (str/Defaults)
2025-02-28T13:08:37.380460+00:00 DEBUG 'ansible_navigator.main' Prior to rollback: mode = 'stdout' (str/Command line)
2025-02-28T13:08:37.380471+00:00 DEBUG 'ansible_navigator.main' Prior to rollback: osc4 = 'True' (bool/Defaults)
2025-02-28T13:08:37.380481+00:00 DEBUG 'ansible_navigator.main' Prior to rollback: pass_environment_variable = 'Not set' (Constants/Not set)
2025-02-28T13:08:37.380492+00:00 DEBUG 'ansible_navigator.main' Prior to rollback: playbook = 'Not set' (Constants/Not set)
2025-02-28T13:08:37.380505+00:00 DEBUG 'ansible_navigator.main' Prior to rollback: playbook_artifact_enable = 'False' (bool/Settings file)
2025-02-28T13:08:37.380517+00:00 DEBUG 'ansible_navigator.main' Prior to rollback: playbook_artifact_replay = 'Not set' (Constants/Not set)
2025-02-28T13:08:37.380530+00:00 DEBUG 'ansible_navigator.main' Prior to rollback: playbook_artifact_save_as = '{playbook_dir}/{playbook_name}-artifact-{time_stamp}.json' (str/Defaults)
2025-02-28T13:08:37.380542+00:00 DEBUG 'ansible_navigator.main' Prior to rollback: plugin_name = 'Not set' (Constants/Not set)
2025-02-28T13:08:37.380554+00:00 DEBUG 'ansible_navigator.main' Prior to rollback: plugin_type = 'module' (str/Defaults)
2025-02-28T13:08:37.380566+00:00 DEBUG 'ansible_navigator.main' Prior to rollback: pull_arguments = 'Not set' (Constants/Not set)
2025-02-28T13:08:37.380578+00:00 DEBUG 'ansible_navigator.main' Prior to rollback: pull_policy = 'missing' (str/Settings file)
2025-02-28T13:08:37.380590+00:00 DEBUG 'ansible_navigator.main' Prior to rollback: set_environment_variable = 'Not set' (Constants/Not set)
2025-02-28T13:08:37.380603+00:00 DEBUG 'ansible_navigator.main' Prior to rollback: settings_effective = 'False' (bool/Defaults)
2025-02-28T13:08:37.380615+00:00 DEBUG 'ansible_navigator.main' Prior to rollback: settings_sample = 'False' (bool/Defaults)
2025-02-28T13:08:37.380627+00:00 DEBUG 'ansible_navigator.main' Prior to rollback: settings_schema = 'json' (str/Defaults)
2025-02-28T13:08:37.380640+00:00 DEBUG 'ansible_navigator.main' Prior to rollback: settings_sources = 'False' (bool/Defaults)
2025-02-28T13:08:37.380651+00:00 DEBUG 'ansible_navigator.main' Prior to rollback: time_zone = 'UTC' (str/Defaults)
2025-02-28T13:08:37.380662+00:00 DEBUG 'ansible_navigator.main' Prior to rollback: workdir = '/home/master/our_class5' (str/Defaults)
2025-02-28T13:08:37.380673+00:00 DEBUG 'ansible_navigator.main' After rollback: ansible_runner_artifact_dir = 'Not set' (Constants/Not set)
2025-02-28T13:08:37.380685+00:00 DEBUG 'ansible_navigator.main' After rollback: ansible_runner_rotate_artifacts_count = 'Not set' (Constants/Not set)
2025-02-28T13:08:37.380696+00:00 DEBUG 'ansible_navigator.main' After rollback: ansible_runner_timeout = 'Not set' (Constants/Not set)
2025-02-28T13:08:37.380707+00:00 DEBUG 'ansible_navigator.main' After rollback: app = 'Not set' (Constants/Not set)
2025-02-28T13:08:37.380719+00:00 DEBUG 'ansible_navigator.main' After rollback: cmdline = 'Not set' (Constants/Not set)
2025-02-28T13:08:37.380730+00:00 DEBUG 'ansible_navigator.main' After rollback: collection_doc_cache_path = 'Not set' (Constants/Not set)
2025-02-28T13:08:37.380741+00:00 DEBUG 'ansible_navigator.main' After rollback: config = 'Not set' (Constants/Not set)
2025-02-28T13:08:37.380754+00:00 DEBUG 'ansible_navigator.main' After rollback: container_engine = 'Not set' (Constants/Not set)
2025-02-28T13:08:37.380765+00:00 DEBUG 'ansible_navigator.main' After rollback: container_options = 'Not set' (Constants/Not set)
2025-02-28T13:08:37.380776+00:00 DEBUG 'ansible_navigator.main' After rollback: display_color = 'Not set' (Constants/Not set)
2025-02-28T13:08:37.380787+00:00 DEBUG 'ansible_navigator.main' After rollback: editor_command = 'Not set' (Constants/Not set)
2025-02-28T13:08:37.380799+00:00 DEBUG 'ansible_navigator.main' After rollback: editor_console = 'Not set' (Constants/Not set)
2025-02-28T13:08:37.380810+00:00 DEBUG 'ansible_navigator.main' After rollback: exec_command = 'Not set' (Constants/Not set)
2025-02-28T13:08:37.380821+00:00 DEBUG 'ansible_navigator.main' After rollback: exec_shell = 'Not set' (Constants/Not set)
2025-02-28T13:08:37.380832+00:00 DEBUG 'ansible_navigator.main' After rollback: execution_environment = 'Not set' (Constants/Not set)
2025-02-28T13:08:37.380843+00:00 DEBUG 'ansible_navigator.main' After rollback: execution_environment_image = 'Not set' (Constants/Not set)
2025-02-28T13:08:37.380855+00:00 DEBUG 'ansible_navigator.main' After rollback: execution_environment_volume_mounts = 'Not set' (Constants/Not set)
2025-02-28T13:08:37.380867+00:00 DEBUG 'ansible_navigator.main' After rollback: help_builder = 'Not set' (Constants/Not set)
2025-02-28T13:08:37.380878+00:00 DEBUG 'ansible_navigator.main' After rollback: help_config = 'Not set' (Constants/Not set)
2025-02-28T13:08:37.380889+00:00 DEBUG 'ansible_navigator.main' After rollback: help_doc = 'Not set' (Constants/Not set)
2025-02-28T13:08:37.380900+00:00 DEBUG 'ansible_navigator.main' After rollback: help_inventory = 'Not set' (Constants/Not set)
2025-02-28T13:08:37.380911+00:00 DEBUG 'ansible_navigator.main' After rollback: help_playbook = 'Not set' (Constants/Not set)
2025-02-28T13:08:37.380923+00:00 DEBUG 'ansible_navigator.main' After rollback: images_details = 'Not set' (Constants/Not set)
2025-02-28T13:08:37.380934+00:00 DEBUG 'ansible_navigator.main' After rollback: inventory = 'Not set' (Constants/Not set)
2025-02-28T13:08:37.380946+00:00 DEBUG 'ansible_navigator.main' After rollback: inventory_column = 'Not set' (Constants/Not set)
2025-02-28T13:08:37.380957+00:00 DEBUG 'ansible_navigator.main' After rollback: lint_config = 'Not set' (Constants/Not set)
2025-02-28T13:08:37.380969+00:00 DEBUG 'ansible_navigator.main' After rollback: lintables = 'Not set' (Constants/Not set)
2025-02-28T13:08:37.380980+00:00 DEBUG 'ansible_navigator.main' After rollback: log_append = 'Not set' (Constants/Not set)
2025-02-28T13:08:37.380991+00:00 DEBUG 'ansible_navigator.main' After rollback: log_file = 'Not set' (Constants/Not set)
2025-02-28T13:08:37.381002+00:00 DEBUG 'ansible_navigator.main' After rollback: log_level = 'Not set' (Constants/Not set)
2025-02-28T13:08:37.381014+00:00 DEBUG 'ansible_navigator.main' After rollback: mode = 'Not set' (Constants/Not set)
2025-02-28T13:08:37.381025+00:00 DEBUG 'ansible_navigator.main' After rollback: osc4 = 'Not set' (Constants/Not set)
2025-02-28T13:08:37.381036+00:00 DEBUG 'ansible_navigator.main' After rollback: pass_environment_variable = 'Not set' (Constants/Not set)
2025-02-28T13:08:37.381047+00:00 DEBUG 'ansible_navigator.main' After rollback: playbook = 'Not set' (Constants/Not set)
2025-02-28T13:08:37.381058+00:00 DEBUG 'ansible_navigator.main' After rollback: playbook_artifact_enable = 'Not set' (Constants/Not set)
2025-02-28T13:08:37.381070+00:00 DEBUG 'ansible_navigator.main' After rollback: playbook_artifact_replay = 'Not set' (Constants/Not set)
2025-02-28T13:08:37.381081+00:00 DEBUG 'ansible_navigator.main' After rollback: playbook_artifact_save_as = 'Not set' (Constants/Not set)
2025-02-28T13:08:37.381092+00:00 DEBUG 'ansible_navigator.main' After rollback: plugin_name = 'Not set' (Constants/Not set)
2025-02-28T13:08:37.381103+00:00 DEBUG 'ansible_navigator.main' After rollback: plugin_type = 'Not set' (Constants/Not set)
2025-02-28T13:08:37.381115+00:00 DEBUG 'ansible_navigator.main' After rollback: pull_arguments = 'Not set' (Constants/Not set)
2025-02-28T13:08:37.381127+00:00 DEBUG 'ansible_navigator.main' After rollback: pull_policy = 'Not set' (Constants/Not set)
2025-02-28T13:08:37.381138+00:00 DEBUG 'ansible_navigator.main' After rollback: set_environment_variable = 'Not set' (Constants/Not set)
2025-02-28T13:08:37.381149+00:00 DEBUG 'ansible_navigator.main' After rollback: settings_effective = 'Not set' (Constants/Not set)
2025-02-28T13:08:37.381160+00:00 DEBUG 'ansible_navigator.main' After rollback: settings_sample = 'Not set' (Constants/Not set)
2025-02-28T13:08:37.381171+00:00 DEBUG 'ansible_navigator.main' After rollback: settings_schema = 'Not set' (Constants/Not set)
2025-02-28T13:08:37.381183+00:00 DEBUG 'ansible_navigator.main' After rollback: settings_sources = 'Not set' (Constants/Not set)
2025-02-28T13:08:37.381194+00:00 DEBUG 'ansible_navigator.main' After rollback: time_zone = 'Not set' (Constants/Not set)
2025-02-28T13:08:37.381205+00:00 DEBUG 'ansible_navigator.main' After rollback: workdir = 'Not set' (Constants/Not set)
2025-02-28T13:08:37.381216+00:00 DEBUG 'ansible_navigator.main' Configuration rollback complete.
2025-02-28T13:08:37.381227+00:00 DEBUG 'ansible_navigator.main' Collection doc cache not mounted
2025-02-28T13:08:37.381244+00:00 WARNING 'ansible_navigator.main' Issues were found while applying the settings.
2025-02-28T13:08:37.381258+00:00 INFO 'ansible_navigator.main' Command provided: '-m stdout site.yml --synthax-check'
2025-02-28T13:08:37.381272+00:00 ERROR 'ansible_navigator.main' argument {subcommand} --help: invalid choice: 'site.yml' (choose from 'builder', 'collections', 'config', 'doc', 'exec', 'images', 'inventory', 'lint', 'replay', 'run', 'settings', 'welcome')
2025-02-28T13:08:37.381286+00:00 INFO 'ansible_navigator.main' Configuration failed, using default log file location. (/home/master/our_class5/ansible-navigator.log) Log level set to debug
2025-02-28T13:08:37.381299+00:00 INFO 'ansible_navigator.main' Review the hints and log file to see what went wrong.
2025-02-28T13:15:25.475921+00:00 CRITICAL 'ansible_navigator.actions.run_f767._handle_message' Unhandled message from runner queue, discarded: {'event': 'verbose', 'uuid': '2a8e8624-5a72-4be6-aedb-87845e560c87', 'counter': 1, 'stdout': 'usage: ansible-playbook [-h] [--version] [-v] [--private-key PRIVATE_KEY_FILE]', 'start_line': 0, 'end_line': 1, 'runner_ident': '0cf83c0d-8b74-4b4c-8bfd-f2ab86b6477e', 'created': '2025-02-28T13:15:25.474935'}
2025-02-28T13:15:25.476178+00:00 CRITICAL 'ansible_navigator.actions.run_f767._handle_message' Unhandled message from runner queue, discarded: {'event': 'verbose', 'uuid': 'b3915036-148a-4882-b814-cf731bd40af3', 'counter': 2, 'stdout': '                        [-u REMOTE_USER] [-c CONNECTION] [-T TIMEOUT]', 'start_line': 1, 'end_line': 2, 'runner_ident': '0cf83c0d-8b74-4b4c-8bfd-f2ab86b6477e', 'created': '2025-02-28T13:15:25.475138'}
2025-02-28T13:15:25.476217+00:00 CRITICAL 'ansible_navigator.actions.run_f767._handle_message' Unhandled message from runner queue, discarded: {'event': 'verbose', 'uuid': '05f822a0-194c-4872-b350-534bf507daa4', 'counter': 3, 'stdout': '                        [--ssh-common-args SSH_COMMON_ARGS]', 'start_line': 2, 'end_line': 3, 'runner_ident': '0cf83c0d-8b74-4b4c-8bfd-f2ab86b6477e', 'created': '2025-02-28T13:15:25.475170'}
2025-02-28T13:15:25.476244+00:00 CRITICAL 'ansible_navigator.actions.run_f767._handle_message' Unhandled message from runner queue, discarded: {'event': 'verbose', 'uuid': '5e9cfba4-38bb-475c-9ab5-ef7dd0e3c872', 'counter': 4, 'stdout': '                        [--sftp-extra-args SFTP_EXTRA_ARGS]', 'start_line': 3, 'end_line': 4, 'runner_ident': '0cf83c0d-8b74-4b4c-8bfd-f2ab86b6477e', 'created': '2025-02-28T13:15:25.475196'}
2025-02-28T13:15:25.476269+00:00 CRITICAL 'ansible_navigator.actions.run_f767._handle_message' Unhandled message from runner queue, discarded: {'event': 'verbose', 'uuid': 'b85764f8-f78f-40a9-a9ba-892563f1732d', 'counter': 5, 'stdout': '                        [--scp-extra-args SCP_EXTRA_ARGS]', 'start_line': 4, 'end_line': 5, 'runner_ident': '0cf83c0d-8b74-4b4c-8bfd-f2ab86b6477e', 'created': '2025-02-28T13:15:25.475220'}
2025-02-28T13:15:25.476303+00:00 CRITICAL 'ansible_navigator.actions.run_f767._handle_message' Unhandled message from runner queue, discarded: {'event': 'verbose', 'uuid': 'c0f73f99-8d05-4211-97ab-53072317e3de', 'counter': 6, 'stdout': '                        [--ssh-extra-args SSH_EXTRA_ARGS]', 'start_line': 5, 'end_line': 6, 'runner_ident': '0cf83c0d-8b74-4b4c-8bfd-f2ab86b6477e', 'created': '2025-02-28T13:15:25.475247'}
2025-02-28T13:15:25.476340+00:00 CRITICAL 'ansible_navigator.actions.run_f767._handle_message' Unhandled message from runner queue, discarded: {'event': 'verbose', 'uuid': 'aded1f65-7748-4d77-a423-8de7e268ea66', 'counter': 7, 'stdout': '                        [-k | --connection-password-file CONNECTION_PASSWORD_FILE]', 'start_line': 6, 'end_line': 7, 'runner_ident': '0cf83c0d-8b74-4b4c-8bfd-f2ab86b6477e', 'created': '2025-02-28T13:15:25.475270'}
2025-02-28T13:15:25.476370+00:00 CRITICAL 'ansible_navigator.actions.run_f767._handle_message' Unhandled message from runner queue, discarded: {'event': 'verbose', 'uuid': '766f876e-6624-4faa-a599-fd68c538d326', 'counter': 8, 'stdout': '                        [--force-handlers] [--flush-cache] [-b]', 'start_line': 7, 'end_line': 8, 'runner_ident': '0cf83c0d-8b74-4b4c-8bfd-f2ab86b6477e', 'created': '2025-02-28T13:15:25.475293'}
2025-02-28T13:15:25.476398+00:00 CRITICAL 'ansible_navigator.actions.run_f767._handle_message' Unhandled message from runner queue, discarded: {'event': 'verbose', 'uuid': 'e5d6dd57-2f91-4a10-89cd-f4f47409976b', 'counter': 9, 'stdout': '                        [--become-method BECOME_METHOD]', 'start_line': 8, 'end_line': 9, 'runner_ident': '0cf83c0d-8b74-4b4c-8bfd-f2ab86b6477e', 'created': '2025-02-28T13:15:25.475316'}
2025-02-28T13:15:25.476424+00:00 CRITICAL 'ansible_navigator.actions.run_f767._handle_message' Unhandled message from runner queue, discarded: {'event': 'verbose', 'uuid': '83843bd8-9663-414e-92bc-e64384998ecd', 'counter': 10, 'stdout': '                        [--become-user BECOME_USER]', 'start_line': 9, 'end_line': 10, 'runner_ident': '0cf83c0d-8b74-4b4c-8bfd-f2ab86b6477e', 'created': '2025-02-28T13:15:25.475340'}
2025-02-28T13:15:25.476450+00:00 CRITICAL 'ansible_navigator.actions.run_f767._handle_message' Unhandled message from runner queue, discarded: {'event': 'verbose', 'uuid': '2c6575b6-d8b0-4a8f-874d-69efe6711827', 'counter': 11, 'stdout': '                        [-K | --become-password-file BECOME_PASSWORD_FILE]', 'start_line': 10, 'end_line': 11, 'runner_ident': '0cf83c0d-8b74-4b4c-8bfd-f2ab86b6477e', 'created': '2025-02-28T13:15:25.475363'}
2025-02-28T13:15:25.476474+00:00 CRITICAL 'ansible_navigator.actions.run_f767._handle_message' Unhandled message from runner queue, discarded: {'event': 'verbose', 'uuid': 'd71a52e5-6a59-4a9e-8d79-d94a9fb76d94', 'counter': 12, 'stdout': '                        [-t TAGS] [--skip-tags SKIP_TAGS] [-C]', 'start_line': 11, 'end_line': 12, 'runner_ident': '0cf83c0d-8b74-4b4c-8bfd-f2ab86b6477e', 'created': '2025-02-28T13:15:25.475386'}
2025-02-28T13:15:25.476497+00:00 CRITICAL 'ansible_navigator.actions.run_f767._handle_message' Unhandled message from runner queue, discarded: {'event': 'verbose', 'uuid': 'eb9924e0-1f9a-4446-a11b-709c696048a3', 'counter': 13, 'stdout': '                        [--syntax-check] [-D] [-i INVENTORY] [--list-hosts]', 'start_line': 12, 'end_line': 13, 'runner_ident': '0cf83c0d-8b74-4b4c-8bfd-f2ab86b6477e', 'created': '2025-02-28T13:15:25.475409'}
2025-02-28T13:15:25.476520+00:00 CRITICAL 'ansible_navigator.actions.run_f767._handle_message' Unhandled message from runner queue, discarded: {'event': 'verbose', 'uuid': 'f43bcc7c-7eba-4210-ab24-89b6d6d40b03', 'counter': 14, 'stdout': '                        [-l SUBSET] [-e EXTRA_VARS] [--vault-id VAULT_IDS]', 'start_line': 13, 'end_line': 14, 'runner_ident': '0cf83c0d-8b74-4b4c-8bfd-f2ab86b6477e', 'created': '2025-02-28T13:15:25.475431'}
2025-02-28T13:15:25.476546+00:00 CRITICAL 'ansible_navigator.actions.run_f767._handle_message' Unhandled message from runner queue, discarded: {'event': 'verbose', 'uuid': '31f19f37-ce0a-4670-b368-1cc3d63dc002', 'counter': 15, 'stdout': '                        [--ask-vault-password | --vault-password-file VAULT_PASSWORD_FILES]', 'start_line': 14, 'end_line': 15, 'runner_ident': '0cf83c0d-8b74-4b4c-8bfd-f2ab86b6477e', 'created': '2025-02-28T13:15:25.475456'}
2025-02-28T13:15:25.476569+00:00 CRITICAL 'ansible_navigator.actions.run_f767._handle_message' Unhandled message from runner queue, discarded: {'event': 'verbose', 'uuid': '9309d627-a788-4b93-94cf-be25bd32ac77', 'counter': 16, 'stdout': '                        [-f FORKS] [-M MODULE_PATH] [--list-tasks]', 'start_line': 15, 'end_line': 16, 'runner_ident': '0cf83c0d-8b74-4b4c-8bfd-f2ab86b6477e', 'created': '2025-02-28T13:15:25.475480'}
2025-02-28T13:15:25.476591+00:00 CRITICAL 'ansible_navigator.actions.run_f767._handle_message' Unhandled message from runner queue, discarded: {'event': 'verbose', 'uuid': '8360bff1-f962-4e42-b62d-6ba9af97523f', 'counter': 17, 'stdout': '                        [--list-tags] [--step] [--start-at-task START_AT_TASK]', 'start_line': 16, 'end_line': 17, 'runner_ident': '0cf83c0d-8b74-4b4c-8bfd-f2ab86b6477e', 'created': '2025-02-28T13:15:25.475506'}
2025-02-28T13:15:25.476614+00:00 CRITICAL 'ansible_navigator.actions.run_f767._handle_message' Unhandled message from runner queue, discarded: {'event': 'verbose', 'uuid': 'f2094980-286d-4002-ae3d-a0a73f2ad48f', 'counter': 18, 'stdout': '                        playbook [playbook ...]', 'start_line': 17, 'end_line': 18, 'runner_ident': '0cf83c0d-8b74-4b4c-8bfd-f2ab86b6477e', 'created': '2025-02-28T13:15:25.475529'}
2025-02-28T13:15:25.476636+00:00 CRITICAL 'ansible_navigator.actions.run_f767._handle_message' Unhandled message from runner queue, discarded: {'event': 'verbose', 'uuid': '1684ce78-427c-4aab-8b3c-573f987035bc', 'counter': 19, 'stdout': 'ansible-playbook: error: unrecognized arguments: -synthax-check', 'start_line': 18, 'end_line': 19, 'runner_ident': '0cf83c0d-8b74-4b4c-8bfd-f2ab86b6477e', 'created': '2025-02-28T13:15:25.475553'}
2025-02-28T13:15:25.476659+00:00 CRITICAL 'ansible_navigator.actions.run_f767._handle_message' Unhandled message from runner queue, discarded: {'event': 'verbose', 'uuid': '357dbbfa-a00a-4dc6-920d-e6588fc31f89', 'counter': 20, 'stdout': ' ', 'start_line': 19, 'end_line': 20, 'runner_ident': '0cf83c0d-8b74-4b4c-8bfd-f2ab86b6477e', 'created': '2025-02-28T13:15:25.475576'}
2025-02-28T13:15:25.476682+00:00 CRITICAL 'ansible_navigator.actions.run_f767._handle_message' Unhandled message from runner queue, discarded: {'event': 'verbose', 'uuid': '258cf3f8-82e9-461b-a821-5c16c3d75ea4', 'counter': 21, 'stdout': 'usage: ansible-playbook [-h] [--version] [-v] [--private-key PRIVATE_KEY_FILE]', 'start_line': 20, 'end_line': 21, 'runner_ident': '0cf83c0d-8b74-4b4c-8bfd-f2ab86b6477e', 'created': '2025-02-28T13:15:25.475600'}
2025-02-28T13:15:25.476706+00:00 CRITICAL 'ansible_navigator.actions.run_f767._handle_message' Unhandled message from runner queue, discarded: {'event': 'verbose', 'uuid': '749b4fa8-b5de-4700-8f83-31d265579ed5', 'counter': 22, 'stdout': '                        [-u REMOTE_USER] [-c CONNECTION] [-T TIMEOUT]', 'start_line': 21, 'end_line': 22, 'runner_ident': '0cf83c0d-8b74-4b4c-8bfd-f2ab86b6477e', 'created': '2025-02-28T13:15:25.475622'}
2025-02-28T13:15:25.476729+00:00 CRITICAL 'ansible_navigator.actions.run_f767._handle_message' Unhandled message from runner queue, discarded: {'event': 'verbose', 'uuid': '03af4c1c-ba2d-41c2-beb6-9b94d5cb4f5a', 'counter': 23, 'stdout': '                        [--ssh-common-args SSH_COMMON_ARGS]', 'start_line': 22, 'end_line': 23, 'runner_ident': '0cf83c0d-8b74-4b4c-8bfd-f2ab86b6477e', 'created': '2025-02-28T13:15:25.475644'}
2025-02-28T13:15:25.476752+00:00 CRITICAL 'ansible_navigator.actions.run_f767._handle_message' Unhandled message from runner queue, discarded: {'event': 'verbose', 'uuid': '470541c8-610a-45a1-90a5-ba604451efca', 'counter': 24, 'stdout': '                        [--sftp-extra-args SFTP_EXTRA_ARGS]', 'start_line': 23, 'end_line': 24, 'runner_ident': '0cf83c0d-8b74-4b4c-8bfd-f2ab86b6477e', 'created': '2025-02-28T13:15:25.475666'}
2025-02-28T13:15:25.476777+00:00 CRITICAL 'ansible_navigator.actions.run_f767._handle_message' Unhandled message from runner queue, discarded: {'event': 'verbose', 'uuid': '5330e135-0762-4f6f-85ea-814e45c31c39', 'counter': 25, 'stdout': '                        [--scp-extra-args SCP_EXTRA_ARGS]', 'start_line': 24, 'end_line': 25, 'runner_ident': '0cf83c0d-8b74-4b4c-8bfd-f2ab86b6477e', 'created': '2025-02-28T13:15:25.475688'}
2025-02-28T13:15:25.476800+00:00 CRITICAL 'ansible_navigator.actions.run_f767._handle_message' Unhandled message from runner queue, discarded: {'event': 'verbose', 'uuid': 'b5d94ef8-32b3-4f47-99fc-f40316196420', 'counter': 26, 'stdout': '                        [--ssh-extra-args SSH_EXTRA_ARGS]', 'start_line': 25, 'end_line': 26, 'runner_ident': '0cf83c0d-8b74-4b4c-8bfd-f2ab86b6477e', 'created': '2025-02-28T13:15:25.475711'}
2025-02-28T13:15:25.476823+00:00 CRITICAL 'ansible_navigator.actions.run_f767._handle_message' Unhandled message from runner queue, discarded: {'event': 'verbose', 'uuid': 'c95f64e4-844c-48df-96d5-2e0a80978232', 'counter': 27, 'stdout': '                        [-k | --connection-password-file CONNECTION_PASSWORD_FILE]', 'start_line': 26, 'end_line': 27, 'runner_ident': '0cf83c0d-8b74-4b4c-8bfd-f2ab86b6477e', 'created': '2025-02-28T13:15:25.475733'}
2025-02-28T13:15:25.476845+00:00 CRITICAL 'ansible_navigator.actions.run_f767._handle_message' Unhandled message from runner queue, discarded: {'event': 'verbose', 'uuid': '293711b1-41e1-47a1-b99c-173f5ce92fa6', 'counter': 28, 'stdout': '                        [--force-handlers] [--flush-cache] [-b]', 'start_line': 27, 'end_line': 28, 'runner_ident': '0cf83c0d-8b74-4b4c-8bfd-f2ab86b6477e', 'created': '2025-02-28T13:15:25.475756'}
2025-02-28T13:15:25.476868+00:00 CRITICAL 'ansible_navigator.actions.run_f767._handle_message' Unhandled message from runner queue, discarded: {'event': 'verbose', 'uuid': 'a16776a3-1a88-4bcf-a1b7-80b6fa946ca3', 'counter': 29, 'stdout': '                        [--become-method BECOME_METHOD]', 'start_line': 28, 'end_line': 29, 'runner_ident': '0cf83c0d-8b74-4b4c-8bfd-f2ab86b6477e', 'created': '2025-02-28T13:15:25.475778'}
2025-02-28T13:15:25.476891+00:00 CRITICAL 'ansible_navigator.actions.run_f767._handle_message' Unhandled message from runner queue, discarded: {'event': 'verbose', 'uuid': 'd628f694-5daa-4941-9e60-15206cb999a2', 'counter': 30, 'stdout': '                        [--become-user BECOME_USER]', 'start_line': 29, 'end_line': 30, 'runner_ident': '0cf83c0d-8b74-4b4c-8bfd-f2ab86b6477e', 'created': '2025-02-28T13:15:25.475800'}
2025-02-28T13:15:25.580631+00:00 CRITICAL 'ansible_navigator.actions.run_f767._handle_message' Unhandled message from runner queue, discarded: {'event': 'verbose', 'uuid': '0be0ecdf-0106-43e0-b450-3ec91407a6cb', 'counter': 31, 'stdout': '                        [-K | --become-password-file BECOME_PASSWORD_FILE]', 'start_line': 30, 'end_line': 31, 'runner_ident': '0cf83c0d-8b74-4b4c-8bfd-f2ab86b6477e', 'created': '2025-02-28T13:15:25.477888'}
2025-02-28T13:15:25.580765+00:00 CRITICAL 'ansible_navigator.actions.run_f767._handle_message' Unhandled message from runner queue, discarded: {'event': 'verbose', 'uuid': '45456c23-86a3-4059-b319-e77055c4b7f7', 'counter': 32, 'stdout': '                        [-t TAGS] [--skip-tags SKIP_TAGS] [-C]', 'start_line': 31, 'end_line': 32, 'runner_ident': '0cf83c0d-8b74-4b4c-8bfd-f2ab86b6477e', 'created': '2025-02-28T13:15:25.477949'}
2025-02-28T13:15:25.580807+00:00 CRITICAL 'ansible_navigator.actions.run_f767._handle_message' Unhandled message from runner queue, discarded: {'event': 'verbose', 'uuid': '8c54107e-b7ce-4a57-afd5-292de4f53f0c', 'counter': 33, 'stdout': '                        [--syntax-check] [-D] [-i INVENTORY] [--list-hosts]', 'start_line': 32, 'end_line': 33, 'runner_ident': '0cf83c0d-8b74-4b4c-8bfd-f2ab86b6477e', 'created': '2025-02-28T13:15:25.477975'}
2025-02-28T13:15:25.580839+00:00 CRITICAL 'ansible_navigator.actions.run_f767._handle_message' Unhandled message from runner queue, discarded: {'event': 'verbose', 'uuid': 'b1ae9e72-6fb9-4337-af2c-be9c400d9509', 'counter': 34, 'stdout': '                        [-l SUBSET] [-e EXTRA_VARS] [--vault-id VAULT_IDS]', 'start_line': 33, 'end_line': 34, 'runner_ident': '0cf83c0d-8b74-4b4c-8bfd-f2ab86b6477e', 'created': '2025-02-28T13:15:25.478000'}
2025-02-28T13:15:25.580866+00:00 CRITICAL 'ansible_navigator.actions.run_f767._handle_message' Unhandled message from runner queue, discarded: {'event': 'verbose', 'uuid': 'b935b9d8-3a91-499b-a38e-432d6c784aa2', 'counter': 35, 'stdout': '                        [--ask-vault-password | --vault-password-file VAULT_PASSWORD_FILES]', 'start_line': 34, 'end_line': 35, 'runner_ident': '0cf83c0d-8b74-4b4c-8bfd-f2ab86b6477e', 'created': '2025-02-28T13:15:25.478024'}
2025-02-28T13:15:25.580891+00:00 CRITICAL 'ansible_navigator.actions.run_f767._handle_message' Unhandled message from runner queue, discarded: {'event': 'verbose', 'uuid': '7ed8df6b-3def-4308-8642-e5c020ae2f83', 'counter': 36, 'stdout': '                        [-f FORKS] [-M MODULE_PATH] [--list-tasks]', 'start_line': 35, 'end_line': 36, 'runner_ident': '0cf83c0d-8b74-4b4c-8bfd-f2ab86b6477e', 'created': '2025-02-28T13:15:25.478049'}
2025-02-28T13:15:25.580914+00:00 CRITICAL 'ansible_navigator.actions.run_f767._handle_message' Unhandled message from runner queue, discarded: {'event': 'verbose', 'uuid': '03b5757b-c7c1-4cf8-a794-3e728ca19104', 'counter': 37, 'stdout': '                        [--list-tags] [--step] [--start-at-task START_AT_TASK]', 'start_line': 36, 'end_line': 37, 'runner_ident': '0cf83c0d-8b74-4b4c-8bfd-f2ab86b6477e', 'created': '2025-02-28T13:15:25.478072'}
2025-02-28T13:15:25.580938+00:00 CRITICAL 'ansible_navigator.actions.run_f767._handle_message' Unhandled message from runner queue, discarded: {'event': 'verbose', 'uuid': '70388a69-c7ac-4729-954a-22b7df1fa03b', 'counter': 38, 'stdout': '                        playbook [playbook ...]', 'start_line': 37, 'end_line': 38, 'runner_ident': '0cf83c0d-8b74-4b4c-8bfd-f2ab86b6477e', 'created': '2025-02-28T13:15:25.478095'}
2025-02-28T13:15:25.580956+00:00 CRITICAL 'ansible_navigator.actions.run_f767._handle_message' Unhandled message from runner queue, discarded: {'event': 'verbose', 'uuid': '2c87bf47-872f-4026-92c2-b382fd7af842', 'counter': 39, 'stdout': '', 'start_line': 38, 'end_line': 39, 'runner_ident': '0cf83c0d-8b74-4b4c-8bfd-f2ab86b6477e', 'created': '2025-02-28T13:15:25.478118'}
2025-02-28T13:15:25.580983+00:00 CRITICAL 'ansible_navigator.actions.run_f767._handle_message' Unhandled message from runner queue, discarded: {'event': 'verbose', 'uuid': '0a9fcc94-31ad-45ef-a5a7-5e1e567a66f7', 'counter': 40, 'stdout': 'Runs Ansible playbooks, executing the defined tasks on the targeted hosts.', 'start_line': 39, 'end_line': 40, 'runner_ident': '0cf83c0d-8b74-4b4c-8bfd-f2ab86b6477e', 'created': '2025-02-28T13:15:25.478141'}
2025-02-28T13:15:25.581001+00:00 CRITICAL 'ansible_navigator.actions.run_f767._handle_message' Unhandled message from runner queue, discarded: {'event': 'verbose', 'uuid': '3822922b-f9c5-4f54-88cc-fa00026b04ef', 'counter': 41, 'stdout': '', 'start_line': 40, 'end_line': 41, 'runner_ident': '0cf83c0d-8b74-4b4c-8bfd-f2ab86b6477e', 'created': '2025-02-28T13:15:25.478163'}
2025-02-28T13:15:25.581024+00:00 CRITICAL 'ansible_navigator.actions.run_f767._handle_message' Unhandled message from runner queue, discarded: {'event': 'verbose', 'uuid': '335caa35-cdf0-4d79-999d-84cdb419bd76', 'counter': 42, 'stdout': 'positional arguments:', 'start_line': 41, 'end_line': 42, 'runner_ident': '0cf83c0d-8b74-4b4c-8bfd-f2ab86b6477e', 'created': '2025-02-28T13:15:25.478187'}
2025-02-28T13:15:25.581048+00:00 CRITICAL 'ansible_navigator.actions.run_f767._handle_message' Unhandled message from runner queue, discarded: {'event': 'verbose', 'uuid': '76d2b6dd-187b-4911-a82c-03d75056e8ee', 'counter': 43, 'stdout': '  playbook              Playbook(s)', 'start_line': 42, 'end_line': 43, 'runner_ident': '0cf83c0d-8b74-4b4c-8bfd-f2ab86b6477e', 'created': '2025-02-28T13:15:25.478213'}
2025-02-28T13:15:25.581066+00:00 CRITICAL 'ansible_navigator.actions.run_f767._handle_message' Unhandled message from runner queue, discarded: {'event': 'verbose', 'uuid': '964fd8fa-e085-48bd-b1f5-b17b5c138f8d', 'counter': 44, 'stdout': '', 'start_line': 43, 'end_line': 44, 'runner_ident': '0cf83c0d-8b74-4b4c-8bfd-f2ab86b6477e', 'created': '2025-02-28T13:15:25.478242'}
2025-02-28T13:15:25.581089+00:00 CRITICAL 'ansible_navigator.actions.run_f767._handle_message' Unhandled message from runner queue, discarded: {'event': 'verbose', 'uuid': 'dcd5535b-881b-45a8-bd16-ffc4eebf102c', 'counter': 45, 'stdout': 'optional arguments:', 'start_line': 44, 'end_line': 45, 'runner_ident': '0cf83c0d-8b74-4b4c-8bfd-f2ab86b6477e', 'created': '2025-02-28T13:15:25.478268'}
2025-02-28T13:15:25.581112+00:00 CRITICAL 'ansible_navigator.actions.run_f767._handle_message' Unhandled message from runner queue, discarded: {'event': 'verbose', 'uuid': 'd89bddbd-8937-449d-b291-1a9bf9caa99c', 'counter': 46, 'stdout': '  --ask-vault-password, --ask-vault-pass', 'start_line': 45, 'end_line': 46, 'runner_ident': '0cf83c0d-8b74-4b4c-8bfd-f2ab86b6477e', 'created': '2025-02-28T13:15:25.478385'}
2025-02-28T13:15:25.581135+00:00 CRITICAL 'ansible_navigator.actions.run_f767._handle_message' Unhandled message from runner queue, discarded: {'event': 'verbose', 'uuid': 'e16143ac-2e00-4f65-8ca7-464c289284ca', 'counter': 47, 'stdout': '                        ask for vault password', 'start_line': 46, 'end_line': 47, 'runner_ident': '0cf83c0d-8b74-4b4c-8bfd-f2ab86b6477e', 'created': '2025-02-28T13:15:25.478410'}
2025-02-28T13:15:25.581159+00:00 CRITICAL 'ansible_navigator.actions.run_f767._handle_message' Unhandled message from runner queue, discarded: {'event': 'verbose', 'uuid': '60a07715-ec98-4b2f-8eef-927f43e7ce0a', 'counter': 48, 'stdout': '  --become-password-file BECOME_PASSWORD_FILE, --become-pass-file BECOME_PASSWORD_FILE', 'start_line': 47, 'end_line': 48, 'runner_ident': '0cf83c0d-8b74-4b4c-8bfd-f2ab86b6477e', 'created': '2025-02-28T13:15:25.478786'}
2025-02-28T13:15:25.581182+00:00 CRITICAL 'ansible_navigator.actions.run_f767._handle_message' Unhandled message from runner queue, discarded: {'event': 'verbose', 'uuid': '30f6dde5-119c-477d-88a2-42b1dfcb76e7', 'counter': 49, 'stdout': '                        Become password file', 'start_line': 48, 'end_line': 49, 'runner_ident': '0cf83c0d-8b74-4b4c-8bfd-f2ab86b6477e', 'created': '2025-02-28T13:15:25.478829'}
2025-02-28T13:15:25.581214+00:00 CRITICAL 'ansible_navigator.actions.run_f767._handle_message' Unhandled message from runner queue, discarded: {'event': 'verbose', 'uuid': '7f43649b-6459-4abe-ab91-67c575b76d17', 'counter': 50, 'stdout': '  --connection-password-file CONNECTION_PASSWORD_FILE, --conn-pass-file CONNECTION_PASSWORD_FILE', 'start_line': 49, 'end_line': 50, 'runner_ident': '0cf83c0d-8b74-4b4c-8bfd-f2ab86b6477e', 'created': '2025-02-28T13:15:25.478856'}
2025-02-28T13:15:25.581241+00:00 CRITICAL 'ansible_navigator.actions.run_f767._handle_message' Unhandled message from runner queue, discarded: {'event': 'verbose', 'uuid': '527ce2e7-3af5-486c-b9ac-edfa3bd6bca3', 'counter': 51, 'stdout': '                        Connection password file', 'start_line': 50, 'end_line': 51, 'runner_ident': '0cf83c0d-8b74-4b4c-8bfd-f2ab86b6477e', 'created': '2025-02-28T13:15:25.478880'}
2025-02-28T13:15:25.581266+00:00 CRITICAL 'ansible_navigator.actions.run_f767._handle_message' Unhandled message from runner queue, discarded: {'event': 'verbose', 'uuid': 'ce145504-eaa9-4902-86ac-73daa85b7bfa', 'counter': 52, 'stdout': '  --flush-cache         clear the fact cache for every host in inventory', 'start_line': 51, 'end_line': 52, 'runner_ident': '0cf83c0d-8b74-4b4c-8bfd-f2ab86b6477e', 'created': '2025-02-28T13:15:25.478903'}
2025-02-28T13:15:25.581288+00:00 CRITICAL 'ansible_navigator.actions.run_f767._handle_message' Unhandled message from runner queue, discarded: {'event': 'verbose', 'uuid': 'b27d97ab-5086-47b4-a7ed-0ead55bdbe61', 'counter': 53, 'stdout': '  --force-handlers      run handlers even if a task fails', 'start_line': 52, 'end_line': 53, 'runner_ident': '0cf83c0d-8b74-4b4c-8bfd-f2ab86b6477e', 'created': '2025-02-28T13:15:25.478926'}
2025-02-28T13:15:25.581313+00:00 CRITICAL 'ansible_navigator.actions.run_f767._handle_message' Unhandled message from runner queue, discarded: {'event': 'verbose', 'uuid': '68968613-2e92-489f-82bc-a8d64735e61b', 'counter': 54, 'stdout': '  --list-hosts          outputs a list of matching hosts; does not execute', 'start_line': 53, 'end_line': 54, 'runner_ident': '0cf83c0d-8b74-4b4c-8bfd-f2ab86b6477e', 'created': '2025-02-28T13:15:25.478949'}
2025-02-28T13:15:25.581337+00:00 CRITICAL 'ansible_navigator.actions.run_f767._handle_message' Unhandled message from runner queue, discarded: {'event': 'verbose', 'uuid': '73b80923-c5d4-403d-b0d6-58dc1c2d7073', 'counter': 55, 'stdout': '                        anything else', 'start_line': 54, 'end_line': 55, 'runner_ident': '0cf83c0d-8b74-4b4c-8bfd-f2ab86b6477e', 'created': '2025-02-28T13:15:25.478973'}
2025-02-28T13:15:25.581360+00:00 CRITICAL 'ansible_navigator.actions.run_f767._handle_message' Unhandled message from runner queue, discarded: {'event': 'verbose', 'uuid': '85e87dd4-80de-4f0f-9e4a-d3a062c53dc0', 'counter': 56, 'stdout': '  --list-tags           list all available tags', 'start_line': 55, 'end_line': 56, 'runner_ident': '0cf83c0d-8b74-4b4c-8bfd-f2ab86b6477e', 'created': '2025-02-28T13:15:25.478995'}
2025-02-28T13:15:25.581383+00:00 CRITICAL 'ansible_navigator.actions.run_f767._handle_message' Unhandled message from runner queue, discarded: {'event': 'verbose', 'uuid': 'b30a5698-e717-48fe-9bfc-692c9158533f', 'counter': 57, 'stdout': '  --list-tasks          list all tasks that would be executed', 'start_line': 56, 'end_line': 57, 'runner_ident': '0cf83c0d-8b74-4b4c-8bfd-f2ab86b6477e', 'created': '2025-02-28T13:15:25.479019'}
2025-02-28T13:15:25.581406+00:00 CRITICAL 'ansible_navigator.actions.run_f767._handle_message' Unhandled message from runner queue, discarded: {'event': 'verbose', 'uuid': '56df85ed-d644-4c97-b04f-272d1fa9587f', 'counter': 58, 'stdout': '  --skip-tags SKIP_TAGS', 'start_line': 57, 'end_line': 58, 'runner_ident': '0cf83c0d-8b74-4b4c-8bfd-f2ab86b6477e', 'created': '2025-02-28T13:15:25.479042'}
2025-02-28T13:15:25.581428+00:00 CRITICAL 'ansible_navigator.actions.run_f767._handle_message' Unhandled message from runner queue, discarded: {'event': 'verbose', 'uuid': 'af775118-8373-4666-a082-acb5ad132ebb', 'counter': 59, 'stdout': '                        only run plays and tasks whose tags do not match these', 'start_line': 58, 'end_line': 59, 'runner_ident': '0cf83c0d-8b74-4b4c-8bfd-f2ab86b6477e', 'created': '2025-02-28T13:15:25.479104'}
2025-02-28T13:15:25.581450+00:00 CRITICAL 'ansible_navigator.actions.run_f767._handle_message' Unhandled message from runner queue, discarded: {'event': 'verbose', 'uuid': 'f618701f-705f-4e16-b081-ee4d9bc6797e', 'counter': 60, 'stdout': '                        values', 'start_line': 59, 'end_line': 60, 'runner_ident': '0cf83c0d-8b74-4b4c-8bfd-f2ab86b6477e', 'created': '2025-02-28T13:15:25.479128'}
2025-02-28T13:15:25.581473+00:00 CRITICAL 'ansible_navigator.actions.run_f767._handle_message' Unhandled message from runner queue, discarded: {'event': 'verbose', 'uuid': '3b24a5c4-4d7a-4e9a-b715-69d0d10bb517', 'counter': 61, 'stdout': '  --start-at-task START_AT_TASK', 'start_line': 60, 'end_line': 61, 'runner_ident': '0cf83c0d-8b74-4b4c-8bfd-f2ab86b6477e', 'created': '2025-02-28T13:15:25.479153'}
2025-02-28T13:15:25.581495+00:00 CRITICAL 'ansible_navigator.actions.run_f767._handle_message' Unhandled message from runner queue, discarded: {'event': 'verbose', 'uuid': '53d5e28e-7f2c-46a2-9388-36f2933c4471', 'counter': 62, 'stdout': '                        start the playbook at the task matching this name', 'start_line': 61, 'end_line': 62, 'runner_ident': '0cf83c0d-8b74-4b4c-8bfd-f2ab86b6477e', 'created': '2025-02-28T13:15:25.479177'}
2025-02-28T13:15:25.581519+00:00 CRITICAL 'ansible_navigator.actions.run_f767._handle_message' Unhandled message from runner queue, discarded: {'event': 'verbose', 'uuid': '6cd7fdd0-cc95-4ac5-b5fb-daccd1605003', 'counter': 63, 'stdout': '  --step                one-step-at-a-time: confirm each task before running', 'start_line': 62, 'end_line': 63, 'runner_ident': '0cf83c0d-8b74-4b4c-8bfd-f2ab86b6477e', 'created': '2025-02-28T13:15:25.479200'}
2025-02-28T13:15:25.581542+00:00 CRITICAL 'ansible_navigator.actions.run_f767._handle_message' Unhandled message from runner queue, discarded: {'event': 'verbose', 'uuid': '4f4b6e35-5f40-482a-b5e0-18a04c13d921', 'counter': 64, 'stdout': '  --syntax-check        perform a syntax check on the playbook, but do not', 'start_line': 63, 'end_line': 64, 'runner_ident': '0cf83c0d-8b74-4b4c-8bfd-f2ab86b6477e', 'created': '2025-02-28T13:15:25.479227'}
2025-02-28T13:15:25.581565+00:00 CRITICAL 'ansible_navigator.actions.run_f767._handle_message' Unhandled message from runner queue, discarded: {'event': 'verbose', 'uuid': '5ac91112-8df4-474d-ac99-6fe247aa3084', 'counter': 65, 'stdout': '                        execute it', 'start_line': 64, 'end_line': 65, 'runner_ident': '0cf83c0d-8b74-4b4c-8bfd-f2ab86b6477e', 'created': '2025-02-28T13:15:25.479264'}
2025-02-28T13:15:25.581588+00:00 CRITICAL 'ansible_navigator.actions.run_f767._handle_message' Unhandled message from runner queue, discarded: {'event': 'verbose', 'uuid': '964163ac-477e-4ece-9422-8b5b5f5ed89b', 'counter': 66, 'stdout': '  --vault-id VAULT_IDS  the vault identity to use', 'start_line': 65, 'end_line': 66, 'runner_ident': '0cf83c0d-8b74-4b4c-8bfd-f2ab86b6477e', 'created': '2025-02-28T13:15:25.479291'}
2025-02-28T13:15:25.581610+00:00 CRITICAL 'ansible_navigator.actions.run_f767._handle_message' Unhandled message from runner queue, discarded: {'event': 'verbose', 'uuid': '2faf2f26-80b2-40ea-b913-7bcd211786cf', 'counter': 67, 'stdout': '  --vault-password-file VAULT_PASSWORD_FILES, --vault-pass-file VAULT_PASSWORD_FILES', 'start_line': 66, 'end_line': 67, 'runner_ident': '0cf83c0d-8b74-4b4c-8bfd-f2ab86b6477e', 'created': '2025-02-28T13:15:25.480023'}
2025-02-28T13:15:25.581634+00:00 CRITICAL 'ansible_navigator.actions.run_f767._handle_message' Unhandled message from runner queue, discarded: {'event': 'verbose', 'uuid': '7bb15be6-2a6a-4daa-a632-a1817e9771f0', 'counter': 68, 'stdout': '                        vault password file', 'start_line': 67, 'end_line': 68, 'runner_ident': '0cf83c0d-8b74-4b4c-8bfd-f2ab86b6477e', 'created': '2025-02-28T13:15:25.480062'}
2025-02-28T13:15:25.581658+00:00 CRITICAL 'ansible_navigator.actions.run_f767._handle_message' Unhandled message from runner queue, discarded: {'event': 'verbose', 'uuid': '175035c2-582e-4b6f-bb19-722ea93981dc', 'counter': 69, 'stdout': "  --version             show program's version number, config file location,", 'start_line': 68, 'end_line': 69, 'runner_ident': '0cf83c0d-8b74-4b4c-8bfd-f2ab86b6477e', 'created': '2025-02-28T13:15:25.480087'}
2025-02-28T13:15:25.581682+00:00 CRITICAL 'ansible_navigator.actions.run_f767._handle_message' Unhandled message from runner queue, discarded: {'event': 'verbose', 'uuid': '3fcb8a86-f8e8-49c1-b11e-2e779fafee2e', 'counter': 70, 'stdout': '                        configured module search path, module location,', 'start_line': 69, 'end_line': 70, 'runner_ident': '0cf83c0d-8b74-4b4c-8bfd-f2ab86b6477e', 'created': '2025-02-28T13:15:25.480117'}
2025-02-28T13:15:25.581705+00:00 CRITICAL 'ansible_navigator.actions.run_f767._handle_message' Unhandled message from runner queue, discarded: {'event': 'verbose', 'uuid': 'df90df17-887d-47fa-8076-d645928d7980', 'counter': 71, 'stdout': '                        executable location and exit', 'start_line': 70, 'end_line': 71, 'runner_ident': '0cf83c0d-8b74-4b4c-8bfd-f2ab86b6477e', 'created': '2025-02-28T13:15:25.480142'}
2025-02-28T13:15:25.581728+00:00 CRITICAL 'ansible_navigator.actions.run_f767._handle_message' Unhandled message from runner queue, discarded: {'event': 'verbose', 'uuid': '981de581-6186-4a51-9cc7-432ff92769a7', 'counter': 72, 'stdout': "  -C, --check           don't make any changes; instead, try to predict some", 'start_line': 71, 'end_line': 72, 'runner_ident': '0cf83c0d-8b74-4b4c-8bfd-f2ab86b6477e', 'created': '2025-02-28T13:15:25.480182'}
2025-02-28T13:15:25.581753+00:00 CRITICAL 'ansible_navigator.actions.run_f767._handle_message' Unhandled message from runner queue, discarded: {'event': 'verbose', 'uuid': 'f608564b-f98f-4f6b-bd23-c1ebdeda5071', 'counter': 73, 'stdout': '                        of the changes that may occur', 'start_line': 72, 'end_line': 73, 'runner_ident': '0cf83c0d-8b74-4b4c-8bfd-f2ab86b6477e', 'created': '2025-02-28T13:15:25.480219'}
2025-02-28T13:15:25.581776+00:00 CRITICAL 'ansible_navigator.actions.run_f767._handle_message' Unhandled message from runner queue, discarded: {'event': 'verbose', 'uuid': 'd49bdcae-5dbb-4353-9196-c5de29471186', 'counter': 74, 'stdout': '  -D, --diff            when changing (small) files and templates, show the', 'start_line': 73, 'end_line': 74, 'runner_ident': '0cf83c0d-8b74-4b4c-8bfd-f2ab86b6477e', 'created': '2025-02-28T13:15:25.480249'}
2025-02-28T13:15:25.581799+00:00 CRITICAL 'ansible_navigator.actions.run_f767._handle_message' Unhandled message from runner queue, discarded: {'event': 'verbose', 'uuid': '48afca3d-0ef2-404b-a50d-10aa51e0de10', 'counter': 75, 'stdout': '                        differences in those files; works great with --check', 'start_line': 74, 'end_line': 75, 'runner_ident': '0cf83c0d-8b74-4b4c-8bfd-f2ab86b6477e', 'created': '2025-02-28T13:15:25.480276'}
2025-02-28T13:15:25.581821+00:00 CRITICAL 'ansible_navigator.actions.run_f767._handle_message' Unhandled message from runner queue, discarded: {'event': 'verbose', 'uuid': 'ac499b42-2d83-4f6c-8eb2-320f34536183', 'counter': 76, 'stdout': '  -K, --ask-become-pass', 'start_line': 75, 'end_line': 76, 'runner_ident': '0cf83c0d-8b74-4b4c-8bfd-f2ab86b6477e', 'created': '2025-02-28T13:15:25.480299'}
2025-02-28T13:15:25.581844+00:00 CRITICAL 'ansible_navigator.actions.run_f767._handle_message' Unhandled message from runner queue, discarded: {'event': 'verbose', 'uuid': '08b13b36-fd8d-43b7-a2b2-02f8a555e9ad', 'counter': 77, 'stdout': '                        ask for privilege escalation password', 'start_line': 76, 'end_line': 77, 'runner_ident': '0cf83c0d-8b74-4b4c-8bfd-f2ab86b6477e', 'created': '2025-02-28T13:15:25.480322'}
2025-02-28T13:15:25.581867+00:00 CRITICAL 'ansible_navigator.actions.run_f767._handle_message' Unhandled message from runner queue, discarded: {'event': 'verbose', 'uuid': '010758a8-97ef-4f63-b637-3489a492e189', 'counter': 78, 'stdout': '  -M MODULE_PATH, --module-path MODULE_PATH', 'start_line': 77, 'end_line': 78, 'runner_ident': '0cf83c0d-8b74-4b4c-8bfd-f2ab86b6477e', 'created': '2025-02-28T13:15:25.480346'}
2025-02-28T13:15:25.581889+00:00 CRITICAL 'ansible_navigator.actions.run_f767._handle_message' Unhandled message from runner queue, discarded: {'event': 'verbose', 'uuid': 'eae95810-32ef-4bfe-b327-00a8801e3a03', 'counter': 79, 'stdout': '                        prepend colon-separated path(s) to module library (def', 'start_line': 78, 'end_line': 79, 'runner_ident': '0cf83c0d-8b74-4b4c-8bfd-f2ab86b6477e', 'created': '2025-02-28T13:15:25.480368'}
2025-02-28T13:15:25.581913+00:00 CRITICAL 'ansible_navigator.actions.run_f767._handle_message' Unhandled message from runner queue, discarded: {'event': 'verbose', 'uuid': 'daf7ae09-0601-477c-af30-feae4818b43f', 'counter': 80, 'stdout': '                        ault=~/.ansible/plugins/modules:/usr/share/ansible/plu', 'start_line': 79, 'end_line': 80, 'runner_ident': '0cf83c0d-8b74-4b4c-8bfd-f2ab86b6477e', 'created': '2025-02-28T13:15:25.480391'}
2025-02-28T13:15:25.581935+00:00 CRITICAL 'ansible_navigator.actions.run_f767._handle_message' Unhandled message from runner queue, discarded: {'event': 'verbose', 'uuid': '150606d0-d0db-4382-a4b6-55c77f3509b7', 'counter': 81, 'stdout': '                        gins/modules)', 'start_line': 80, 'end_line': 81, 'runner_ident': '0cf83c0d-8b74-4b4c-8bfd-f2ab86b6477e', 'created': '2025-02-28T13:15:25.480415'}
2025-02-28T13:15:25.581959+00:00 CRITICAL 'ansible_navigator.actions.run_f767._handle_message' Unhandled message from runner queue, discarded: {'event': 'verbose', 'uuid': '5e25ffbd-59c3-43b9-a050-e6456b9a576a', 'counter': 82, 'stdout': '  -e EXTRA_VARS, --extra-vars EXTRA_VARS', 'start_line': 81, 'end_line': 82, 'runner_ident': '0cf83c0d-8b74-4b4c-8bfd-f2ab86b6477e', 'created': '2025-02-28T13:15:25.480437'}
2025-02-28T13:15:25.581981+00:00 CRITICAL 'ansible_navigator.actions.run_f767._handle_message' Unhandled message from runner queue, discarded: {'event': 'verbose', 'uuid': 'ead466c1-be15-48bf-bf27-8396a0e9bb8f', 'counter': 83, 'stdout': '                        set additional variables as key=value or YAML/JSON, if', 'start_line': 82, 'end_line': 83, 'runner_ident': '0cf83c0d-8b74-4b4c-8bfd-f2ab86b6477e', 'created': '2025-02-28T13:15:25.480460'}
2025-02-28T13:15:25.582003+00:00 CRITICAL 'ansible_navigator.actions.run_f767._handle_message' Unhandled message from runner queue, discarded: {'event': 'verbose', 'uuid': '17e652fc-5911-457d-877e-3451794af310', 'counter': 84, 'stdout': '                        filename prepend with @', 'start_line': 83, 'end_line': 84, 'runner_ident': '0cf83c0d-8b74-4b4c-8bfd-f2ab86b6477e', 'created': '2025-02-28T13:15:25.480482'}
2025-02-28T13:15:25.582025+00:00 CRITICAL 'ansible_navigator.actions.run_f767._handle_message' Unhandled message from runner queue, discarded: {'event': 'verbose', 'uuid': '0668c051-352b-43fd-987f-c54ead9c47ea', 'counter': 85, 'stdout': '  -f FORKS, --forks FORKS', 'start_line': 84, 'end_line': 85, 'runner_ident': '0cf83c0d-8b74-4b4c-8bfd-f2ab86b6477e', 'created': '2025-02-28T13:15:25.480505'}
2025-02-28T13:15:25.582048+00:00 CRITICAL 'ansible_navigator.actions.run_f767._handle_message' Unhandled message from runner queue, discarded: {'event': 'verbose', 'uuid': 'ffb79359-dca1-47d9-9f1b-2427047a8ee8', 'counter': 86, 'stdout': '                        specify number of parallel processes to use', 'start_line': 85, 'end_line': 86, 'runner_ident': '0cf83c0d-8b74-4b4c-8bfd-f2ab86b6477e', 'created': '2025-02-28T13:15:25.480528'}
2025-02-28T13:15:25.582071+00:00 CRITICAL 'ansible_navigator.actions.run_f767._handle_message' Unhandled message from runner queue, discarded: {'event': 'verbose', 'uuid': '718b5df4-12cb-409f-8227-b204c969915f', 'counter': 87, 'stdout': '                        (default=5)', 'start_line': 86, 'end_line': 87, 'runner_ident': '0cf83c0d-8b74-4b4c-8bfd-f2ab86b6477e', 'created': '2025-02-28T13:15:25.480551'}
2025-02-28T13:15:25.582093+00:00 CRITICAL 'ansible_navigator.actions.run_f767._handle_message' Unhandled message from runner queue, discarded: {'event': 'verbose', 'uuid': 'c9926465-4e48-466e-a142-23c1010f025a', 'counter': 88, 'stdout': '  -h, --help            show this help message and exit', 'start_line': 87, 'end_line': 88, 'runner_ident': '0cf83c0d-8b74-4b4c-8bfd-f2ab86b6477e', 'created': '2025-02-28T13:15:25.480573'}
2025-02-28T13:15:25.582115+00:00 CRITICAL 'ansible_navigator.actions.run_f767._handle_message' Unhandled message from runner queue, discarded: {'event': 'verbose', 'uuid': '0acb3127-60c6-41ec-86d7-54a0d49d6b80', 'counter': 89, 'stdout': '  -i INVENTORY, --inventory INVENTORY, --inventory-file INVENTORY', 'start_line': 88, 'end_line': 89, 'runner_ident': '0cf83c0d-8b74-4b4c-8bfd-f2ab86b6477e', 'created': '2025-02-28T13:15:25.480595'}
2025-02-28T13:15:25.582138+00:00 CRITICAL 'ansible_navigator.actions.run_f767._handle_message' Unhandled message from runner queue, discarded: {'event': 'verbose', 'uuid': '362cd1b1-0d9c-4f1f-b25e-fc96f5c98ad1', 'counter': 90, 'stdout': '                        specify inventory host path or comma separated host', 'start_line': 89, 'end_line': 90, 'runner_ident': '0cf83c0d-8b74-4b4c-8bfd-f2ab86b6477e', 'created': '2025-02-28T13:15:25.480617'}
2025-02-28T13:15:25.582160+00:00 CRITICAL 'ansible_navigator.actions.run_f767._handle_message' Unhandled message from runner queue, discarded: {'event': 'verbose', 'uuid': '275afa4f-3305-4331-b777-01cb0d02fc3e', 'counter': 91, 'stdout': '                        list. --inventory-file is deprecated', 'start_line': 90, 'end_line': 91, 'runner_ident': '0cf83c0d-8b74-4b4c-8bfd-f2ab86b6477e', 'created': '2025-02-28T13:15:25.480640'}
2025-02-28T13:15:25.582188+00:00 CRITICAL 'ansible_navigator.actions.run_f767._handle_message' Unhandled message from runner queue, discarded: {'event': 'verbose', 'uuid': '77674e36-88a7-4a0a-bc7c-455639dd8cc5', 'counter': 92, 'stdout': '  -k, --ask-pass        ask for connection password', 'start_line': 91, 'end_line': 92, 'runner_ident': '0cf83c0d-8b74-4b4c-8bfd-f2ab86b6477e', 'created': '2025-02-28T13:15:25.480663'}
2025-02-28T13:15:25.582214+00:00 CRITICAL 'ansible_navigator.actions.run_f767._handle_message' Unhandled message from runner queue, discarded: {'event': 'verbose', 'uuid': 'f54c420d-85fe-438d-8a5f-72134e192967', 'counter': 93, 'stdout': '  -l SUBSET, --limit SUBSET', 'start_line': 92, 'end_line': 93, 'runner_ident': '0cf83c0d-8b74-4b4c-8bfd-f2ab86b6477e', 'created': '2025-02-28T13:15:25.480686'}
2025-02-28T13:15:25.582240+00:00 CRITICAL 'ansible_navigator.actions.run_f767._handle_message' Unhandled message from runner queue, discarded: {'event': 'verbose', 'uuid': '1c3c155c-b9a4-4e60-b70e-91b3073facf5', 'counter': 94, 'stdout': '                        further limit selected hosts to an additional pattern', 'start_line': 93, 'end_line': 94, 'runner_ident': '0cf83c0d-8b74-4b4c-8bfd-f2ab86b6477e', 'created': '2025-02-28T13:15:25.480713'}
2025-02-28T13:15:25.582265+00:00 CRITICAL 'ansible_navigator.actions.run_f767._handle_message' Unhandled message from runner queue, discarded: {'event': 'verbose', 'uuid': 'cc60498c-dbf6-4485-979b-fbf99038e3b6', 'counter': 95, 'stdout': '  -t TAGS, --tags TAGS  only run plays and tasks tagged with these values', 'start_line': 94, 'end_line': 95, 'runner_ident': '0cf83c0d-8b74-4b4c-8bfd-f2ab86b6477e', 'created': '2025-02-28T13:15:25.480737'}
2025-02-28T13:15:25.582291+00:00 CRITICAL 'ansible_navigator.actions.run_f767._handle_message' Unhandled message from runner queue, discarded: {'event': 'verbose', 'uuid': 'ad7977b3-fc74-4ce4-a70b-e6c72805c748', 'counter': 96, 'stdout': '  -v, --verbose         Causes Ansible to print more debug messages. Adding', 'start_line': 95, 'end_line': 96, 'runner_ident': '0cf83c0d-8b74-4b4c-8bfd-f2ab86b6477e', 'created': '2025-02-28T13:15:25.480760'}
2025-02-28T13:15:25.582317+00:00 CRITICAL 'ansible_navigator.actions.run_f767._handle_message' Unhandled message from runner queue, discarded: {'event': 'verbose', 'uuid': 'fe58ac3e-2a08-456f-9e1c-7d6a824a96ff', 'counter': 97, 'stdout': '                        multiple -v will increase the verbosity, the builtin', 'start_line': 96, 'end_line': 97, 'runner_ident': '0cf83c0d-8b74-4b4c-8bfd-f2ab86b6477e', 'created': '2025-02-28T13:15:25.480783'}
2025-02-28T13:15:25.582342+00:00 CRITICAL 'ansible_navigator.actions.run_f767._handle_message' Unhandled message from runner queue, discarded: {'event': 'verbose', 'uuid': '26406ea7-462f-4e83-a991-6deaa8fc6a6b', 'counter': 98, 'stdout': '                        plugins currently evaluate up to -vvvvvv. A reasonable', 'start_line': 97, 'end_line': 98, 'runner_ident': '0cf83c0d-8b74-4b4c-8bfd-f2ab86b6477e', 'created': '2025-02-28T13:15:25.480805'}
2025-02-28T13:15:25.582367+00:00 CRITICAL 'ansible_navigator.actions.run_f767._handle_message' Unhandled message from runner queue, discarded: {'event': 'verbose', 'uuid': 'd855db95-7f73-4d09-bdd9-38d2f92d177e', 'counter': 99, 'stdout': '                        level to start is -vvv, connection debugging might', 'start_line': 98, 'end_line': 99, 'runner_ident': '0cf83c0d-8b74-4b4c-8bfd-f2ab86b6477e', 'created': '2025-02-28T13:15:25.480827'}
2025-02-28T13:15:25.582393+00:00 CRITICAL 'ansible_navigator.actions.run_f767._handle_message' Unhandled message from runner queue, discarded: {'event': 'verbose', 'uuid': 'ba707447-d5b6-45ff-9e90-acbd1c989c01', 'counter': 100, 'stdout': '                        require -vvvv.', 'start_line': 99, 'end_line': 100, 'runner_ident': '0cf83c0d-8b74-4b4c-8bfd-f2ab86b6477e', 'created': '2025-02-28T13:15:25.490805'}
2025-02-28T13:15:25.582413+00:00 CRITICAL 'ansible_navigator.actions.run_f767._handle_message' Unhandled message from runner queue, discarded: {'event': 'verbose', 'uuid': 'e331b6a5-8fd2-4cd5-b148-d22c5647d8f9', 'counter': 101, 'stdout': '', 'start_line': 100, 'end_line': 101, 'runner_ident': '0cf83c0d-8b74-4b4c-8bfd-f2ab86b6477e', 'created': '2025-02-28T13:15:25.490886'}
2025-02-28T13:15:25.582440+00:00 CRITICAL 'ansible_navigator.actions.run_f767._handle_message' Unhandled message from runner queue, discarded: {'event': 'verbose', 'uuid': '5b605057-0516-4202-9bc5-3159fead1ec3', 'counter': 102, 'stdout': 'Connection Options:', 'start_line': 101, 'end_line': 102, 'runner_ident': '0cf83c0d-8b74-4b4c-8bfd-f2ab86b6477e', 'created': '2025-02-28T13:15:25.490917'}
2025-02-28T13:15:25.582467+00:00 CRITICAL 'ansible_navigator.actions.run_f767._handle_message' Unhandled message from runner queue, discarded: {'event': 'verbose', 'uuid': 'fce8dcda-4900-4af1-8bb1-d8411e721302', 'counter': 103, 'stdout': '  control as whom and how to connect to hosts', 'start_line': 102, 'end_line': 103, 'runner_ident': '0cf83c0d-8b74-4b4c-8bfd-f2ab86b6477e', 'created': '2025-02-28T13:15:25.490954'}
2025-02-28T13:15:25.582485+00:00 CRITICAL 'ansible_navigator.actions.run_f767._handle_message' Unhandled message from runner queue, discarded: {'event': 'verbose', 'uuid': '1b2d524c-c4df-4eb4-b7d2-a76ae4f25b2f', 'counter': 104, 'stdout': '', 'start_line': 103, 'end_line': 104, 'runner_ident': '0cf83c0d-8b74-4b4c-8bfd-f2ab86b6477e', 'created': '2025-02-28T13:15:25.490982'}
2025-02-28T13:15:25.582511+00:00 CRITICAL 'ansible_navigator.actions.run_f767._handle_message' Unhandled message from runner queue, discarded: {'event': 'verbose', 'uuid': '80885d7a-ee2d-40ad-9dda-5f4f54c30cc4', 'counter': 105, 'stdout': '  --private-key PRIVATE_KEY_FILE, --key-file PRIVATE_KEY_FILE', 'start_line': 104, 'end_line': 105, 'runner_ident': '0cf83c0d-8b74-4b4c-8bfd-f2ab86b6477e', 'created': '2025-02-28T13:15:25.491009'}
2025-02-28T13:15:25.582537+00:00 CRITICAL 'ansible_navigator.actions.run_f767._handle_message' Unhandled message from runner queue, discarded: {'event': 'verbose', 'uuid': '902d139f-b1c2-4498-8203-00562219a91a', 'counter': 106, 'stdout': '                        use this file to authenticate the connection', 'start_line': 105, 'end_line': 106, 'runner_ident': '0cf83c0d-8b74-4b4c-8bfd-f2ab86b6477e', 'created': '2025-02-28T13:15:25.491039'}
2025-02-28T13:15:25.582563+00:00 CRITICAL 'ansible_navigator.actions.run_f767._handle_message' Unhandled message from runner queue, discarded: {'event': 'verbose', 'uuid': 'd72c21ca-911f-470e-a1f7-934537b9e838', 'counter': 107, 'stdout': '  --scp-extra-args SCP_EXTRA_ARGS', 'start_line': 106, 'end_line': 107, 'runner_ident': '0cf83c0d-8b74-4b4c-8bfd-f2ab86b6477e', 'created': '2025-02-28T13:15:25.491065'}
2025-02-28T13:15:25.582589+00:00 CRITICAL 'ansible_navigator.actions.run_f767._handle_message' Unhandled message from runner queue, discarded: {'event': 'verbose', 'uuid': '67906852-9206-41fe-aede-fd4b9c7d72ab', 'counter': 108, 'stdout': '                        specify extra arguments to pass to scp only (e.g. -l)', 'start_line': 107, 'end_line': 108, 'runner_ident': '0cf83c0d-8b74-4b4c-8bfd-f2ab86b6477e', 'created': '2025-02-28T13:15:25.491088'}
2025-02-28T13:15:25.582620+00:00 CRITICAL 'ansible_navigator.actions.run_f767._handle_message' Unhandled message from runner queue, discarded: {'event': 'verbose', 'uuid': '10a5fcc8-290a-4692-9dbb-e2f2344ee0a8', 'counter': 109, 'stdout': '  --sftp-extra-args SFTP_EXTRA_ARGS', 'start_line': 108, 'end_line': 109, 'runner_ident': '0cf83c0d-8b74-4b4c-8bfd-f2ab86b6477e', 'created': '2025-02-28T13:15:25.491111'}
2025-02-28T13:15:25.582655+00:00 CRITICAL 'ansible_navigator.actions.run_f767._handle_message' Unhandled message from runner queue, discarded: {'event': 'verbose', 'uuid': '2038f521-3f37-40ed-8227-25b1fcd252b9', 'counter': 110, 'stdout': '                        specify extra arguments to pass to sftp only (e.g. -f,', 'start_line': 109, 'end_line': 110, 'runner_ident': '0cf83c0d-8b74-4b4c-8bfd-f2ab86b6477e', 'created': '2025-02-28T13:15:25.491135'}
2025-02-28T13:15:25.582684+00:00 CRITICAL 'ansible_navigator.actions.run_f767._handle_message' Unhandled message from runner queue, discarded: {'event': 'verbose', 'uuid': 'dc5781a3-3763-4d7c-ad5a-e1213b695b15', 'counter': 111, 'stdout': '                        -l)', 'start_line': 110, 'end_line': 111, 'runner_ident': '0cf83c0d-8b74-4b4c-8bfd-f2ab86b6477e', 'created': '2025-02-28T13:15:25.491159'}
2025-02-28T13:15:25.582710+00:00 CRITICAL 'ansible_navigator.actions.run_f767._handle_message' Unhandled message from runner queue, discarded: {'event': 'verbose', 'uuid': '93743c1a-fb21-4eb9-a3f5-db27120fd027', 'counter': 112, 'stdout': '  --ssh-common-args SSH_COMMON_ARGS', 'start_line': 111, 'end_line': 112, 'runner_ident': '0cf83c0d-8b74-4b4c-8bfd-f2ab86b6477e', 'created': '2025-02-28T13:15:25.491181'}
2025-02-28T13:15:25.582736+00:00 CRITICAL 'ansible_navigator.actions.run_f767._handle_message' Unhandled message from runner queue, discarded: {'event': 'verbose', 'uuid': 'a7e25ad3-3ac8-4c05-94e4-857477b73b6a', 'counter': 113, 'stdout': '                        specify common arguments to pass to sftp/scp/ssh (e.g.', 'start_line': 112, 'end_line': 113, 'runner_ident': '0cf83c0d-8b74-4b4c-8bfd-f2ab86b6477e', 'created': '2025-02-28T13:15:25.491205'}
2025-02-28T13:15:25.582761+00:00 CRITICAL 'ansible_navigator.actions.run_f767._handle_message' Unhandled message from runner queue, discarded: {'event': 'verbose', 'uuid': 'a9777bee-9504-470a-a727-c11ef0d5c767', 'counter': 114, 'stdout': '                        ProxyCommand)', 'start_line': 113, 'end_line': 114, 'runner_ident': '0cf83c0d-8b74-4b4c-8bfd-f2ab86b6477e', 'created': '2025-02-28T13:15:25.491229'}
2025-02-28T13:15:25.582787+00:00 CRITICAL 'ansible_navigator.actions.run_f767._handle_message' Unhandled message from runner queue, discarded: {'event': 'verbose', 'uuid': 'b28ceba7-66ea-4014-be18-971396811a6d', 'counter': 115, 'stdout': '  --ssh-extra-args SSH_EXTRA_ARGS', 'start_line': 114, 'end_line': 115, 'runner_ident': '0cf83c0d-8b74-4b4c-8bfd-f2ab86b6477e', 'created': '2025-02-28T13:15:25.491253'}
2025-02-28T13:15:25.582812+00:00 CRITICAL 'ansible_navigator.actions.run_f767._handle_message' Unhandled message from runner queue, discarded: {'event': 'verbose', 'uuid': '6ad98625-df2e-4451-a312-4cb37fec6ff9', 'counter': 116, 'stdout': '                        specify extra arguments to pass to ssh only (e.g. -R)', 'start_line': 115, 'end_line': 116, 'runner_ident': '0cf83c0d-8b74-4b4c-8bfd-f2ab86b6477e', 'created': '2025-02-28T13:15:25.491277'}
2025-02-28T13:15:25.582838+00:00 CRITICAL 'ansible_navigator.actions.run_f767._handle_message' Unhandled message from runner queue, discarded: {'event': 'verbose', 'uuid': 'b18b3415-5e0c-4e84-a444-f35b295ef084', 'counter': 117, 'stdout': '  -T TIMEOUT, --timeout TIMEOUT', 'start_line': 116, 'end_line': 117, 'runner_ident': '0cf83c0d-8b74-4b4c-8bfd-f2ab86b6477e', 'created': '2025-02-28T13:15:25.491301'}
2025-02-28T13:15:25.582864+00:00 CRITICAL 'ansible_navigator.actions.run_f767._handle_message' Unhandled message from runner queue, discarded: {'event': 'verbose', 'uuid': '74c5e9a2-2668-4343-8068-ffc8d049ccea', 'counter': 118, 'stdout': '                        override the connection timeout in seconds', 'start_line': 117, 'end_line': 118, 'runner_ident': '0cf83c0d-8b74-4b4c-8bfd-f2ab86b6477e', 'created': '2025-02-28T13:15:25.491324'}
2025-02-28T13:15:25.582890+00:00 CRITICAL 'ansible_navigator.actions.run_f767._handle_message' Unhandled message from runner queue, discarded: {'event': 'verbose', 'uuid': '4c84fa99-a9a3-404e-a277-d442a66faa71', 'counter': 119, 'stdout': '                        (default=10)', 'start_line': 118, 'end_line': 119, 'runner_ident': '0cf83c0d-8b74-4b4c-8bfd-f2ab86b6477e', 'created': '2025-02-28T13:15:25.491348'}
2025-02-28T13:15:25.582916+00:00 CRITICAL 'ansible_navigator.actions.run_f767._handle_message' Unhandled message from runner queue, discarded: {'event': 'verbose', 'uuid': '972cdda1-fb55-4e5f-8440-74457a61b2af', 'counter': 120, 'stdout': '  -c CONNECTION, --connection CONNECTION', 'start_line': 119, 'end_line': 120, 'runner_ident': '0cf83c0d-8b74-4b4c-8bfd-f2ab86b6477e', 'created': '2025-02-28T13:15:25.491372'}
2025-02-28T13:15:25.582943+00:00 CRITICAL 'ansible_navigator.actions.run_f767._handle_message' Unhandled message from runner queue, discarded: {'event': 'verbose', 'uuid': 'a6cdd21d-1752-44b0-bc5b-54309b38ddca', 'counter': 121, 'stdout': '                        connection type to use (default=smart)', 'start_line': 120, 'end_line': 121, 'runner_ident': '0cf83c0d-8b74-4b4c-8bfd-f2ab86b6477e', 'created': '2025-02-28T13:15:25.491395'}
2025-02-28T13:15:25.582968+00:00 CRITICAL 'ansible_navigator.actions.run_f767._handle_message' Unhandled message from runner queue, discarded: {'event': 'verbose', 'uuid': '1711ccca-024b-48ad-932f-7debc43e4f82', 'counter': 122, 'stdout': '  -u REMOTE_USER, --user REMOTE_USER', 'start_line': 121, 'end_line': 122, 'runner_ident': '0cf83c0d-8b74-4b4c-8bfd-f2ab86b6477e', 'created': '2025-02-28T13:15:25.491417'}
2025-02-28T13:15:25.582994+00:00 CRITICAL 'ansible_navigator.actions.run_f767._handle_message' Unhandled message from runner queue, discarded: {'event': 'verbose', 'uuid': 'b8c64930-4ce3-42e5-a2f9-8e0d6ade11d0', 'counter': 123, 'stdout': '                        connect as this user (default=master)', 'start_line': 122, 'end_line': 123, 'runner_ident': '0cf83c0d-8b74-4b4c-8bfd-f2ab86b6477e', 'created': '2025-02-28T13:15:25.491439'}
2025-02-28T13:15:25.583013+00:00 CRITICAL 'ansible_navigator.actions.run_f767._handle_message' Unhandled message from runner queue, discarded: {'event': 'verbose', 'uuid': '11ca3013-4141-4081-9e80-2c38973d3714', 'counter': 124, 'stdout': '', 'start_line': 123, 'end_line': 124, 'runner_ident': '0cf83c0d-8b74-4b4c-8bfd-f2ab86b6477e', 'created': '2025-02-28T13:15:25.491461'}
2025-02-28T13:15:25.583039+00:00 CRITICAL 'ansible_navigator.actions.run_f767._handle_message' Unhandled message from runner queue, discarded: {'event': 'verbose', 'uuid': '23f9f559-c4a0-4c5c-aa8d-752249e08bfb', 'counter': 125, 'stdout': 'Privilege Escalation Options:', 'start_line': 124, 'end_line': 125, 'runner_ident': '0cf83c0d-8b74-4b4c-8bfd-f2ab86b6477e', 'created': '2025-02-28T13:15:25.491483'}
2025-02-28T13:15:25.583064+00:00 CRITICAL 'ansible_navigator.actions.run_f767._handle_message' Unhandled message from runner queue, discarded: {'event': 'verbose', 'uuid': '12cec2da-4c40-4b6c-b0c1-05390eca49b6', 'counter': 126, 'stdout': '  control how and which user you become as on target hosts', 'start_line': 125, 'end_line': 126, 'runner_ident': '0cf83c0d-8b74-4b4c-8bfd-f2ab86b6477e', 'created': '2025-02-28T13:15:25.491506'}
2025-02-28T13:15:25.583082+00:00 CRITICAL 'ansible_navigator.actions.run_f767._handle_message' Unhandled message from runner queue, discarded: {'event': 'verbose', 'uuid': 'a2cdbc8e-1bc5-4e88-80f0-48b83a6ea899', 'counter': 127, 'stdout': '', 'start_line': 126, 'end_line': 127, 'runner_ident': '0cf83c0d-8b74-4b4c-8bfd-f2ab86b6477e', 'created': '2025-02-28T13:15:25.491528'}
2025-02-28T13:15:25.583107+00:00 CRITICAL 'ansible_navigator.actions.run_f767._handle_message' Unhandled message from runner queue, discarded: {'event': 'verbose', 'uuid': 'afe0e975-5bd3-41a2-9a7c-217475ae62d1', 'counter': 128, 'stdout': '  --become-method BECOME_METHOD', 'start_line': 127, 'end_line': 128, 'runner_ident': '0cf83c0d-8b74-4b4c-8bfd-f2ab86b6477e', 'created': '2025-02-28T13:15:25.491550'}
2025-02-28T13:15:25.583133+00:00 CRITICAL 'ansible_navigator.actions.run_f767._handle_message' Unhandled message from runner queue, discarded: {'event': 'verbose', 'uuid': '11200302-3972-4133-b6e9-5071dc157f81', 'counter': 129, 'stdout': '                        privilege escalation method to use (default=sudo), use', 'start_line': 128, 'end_line': 129, 'runner_ident': '0cf83c0d-8b74-4b4c-8bfd-f2ab86b6477e', 'created': '2025-02-28T13:15:25.491572'}
2025-02-28T13:15:25.583158+00:00 CRITICAL 'ansible_navigator.actions.run_f767._handle_message' Unhandled message from runner queue, discarded: {'event': 'verbose', 'uuid': 'c2d49aad-efb9-4b39-b25c-5aa02e9e93a8', 'counter': 130, 'stdout': '                        `ansible-doc -t become -l` to list valid choices.', 'start_line': 129, 'end_line': 130, 'runner_ident': '0cf83c0d-8b74-4b4c-8bfd-f2ab86b6477e', 'created': '2025-02-28T13:15:25.491594'}
2025-02-28T13:15:25.583186+00:00 CRITICAL 'ansible_navigator.actions.run_f767._handle_message' Unhandled message from runner queue, discarded: {'event': 'verbose', 'uuid': '942fd9b1-4e17-4c4b-951c-d29236e14aa3', 'counter': 131, 'stdout': '  --become-user BECOME_USER', 'start_line': 130, 'end_line': 131, 'runner_ident': '0cf83c0d-8b74-4b4c-8bfd-f2ab86b6477e', 'created': '2025-02-28T13:15:25.491617'}
2025-02-28T13:15:25.583212+00:00 CRITICAL 'ansible_navigator.actions.run_f767._handle_message' Unhandled message from runner queue, discarded: {'event': 'verbose', 'uuid': 'b47ee7e7-3a07-41c0-9110-02553f16fa08', 'counter': 132, 'stdout': '                        run operations as this user (default=root)', 'start_line': 131, 'end_line': 132, 'runner_ident': '0cf83c0d-8b74-4b4c-8bfd-f2ab86b6477e', 'created': '2025-02-28T13:15:25.491641'}
2025-02-28T13:15:25.583238+00:00 CRITICAL 'ansible_navigator.actions.run_f767._handle_message' Unhandled message from runner queue, discarded: {'event': 'verbose', 'uuid': '183a8916-840b-41f8-b899-9b35211deeb6', 'counter': 133, 'stdout': '  -b, --become          run operations with become (does not imply password', 'start_line': 132, 'end_line': 133, 'runner_ident': '0cf83c0d-8b74-4b4c-8bfd-f2ab86b6477e', 'created': '2025-02-28T13:15:25.491663'}
2025-02-28T13:15:25.583264+00:00 CRITICAL 'ansible_navigator.actions.run_f767._handle_message' Unhandled message from runner queue, discarded: {'event': 'verbose', 'uuid': '636a3838-2713-4e98-a4e7-1b6401c9afe6', 'counter': 134, 'stdout': '                        prompting)', 'start_line': 133, 'end_line': 134, 'runner_ident': '0cf83c0d-8b74-4b4c-8bfd-f2ab86b6477e', 'created': '2025-02-28T13:15:25.491686'}
2025-02-28T13:16:19.876382+00:00 WARNING 'ansible_navigator.run' Dirty exit, killing the pid
2025-02-28T13:16:28.519450+00:00 CRITICAL 'ansible_navigator.actions.run_fb80._handle_message' Unhandled message from runner queue, discarded: {'event': 'verbose', 'uuid': '25fe87e3-888d-4b9b-8b5e-2aef470f576c', 'counter': 1, 'stdout': 'usage: ansible-playbook [-h] [--version] [-v] [--private-key PRIVATE_KEY_FILE]', 'start_line': 0, 'end_line': 1, 'runner_ident': '20d5beeb-a935-46b9-86af-5080d06ade47', 'created': '2025-02-28T13:16:28.518449'}
2025-02-28T13:16:28.519715+00:00 CRITICAL 'ansible_navigator.actions.run_fb80._handle_message' Unhandled message from runner queue, discarded: {'event': 'verbose', 'uuid': '5e931fa9-17a3-4bf2-b5e4-8b0c651f7351', 'counter': 2, 'stdout': '                        [-u REMOTE_USER] [-c CONNECTION] [-T TIMEOUT]', 'start_line': 1, 'end_line': 2, 'runner_ident': '20d5beeb-a935-46b9-86af-5080d06ade47', 'created': '2025-02-28T13:16:28.518658'}
2025-02-28T13:16:28.519755+00:00 CRITICAL 'ansible_navigator.actions.run_fb80._handle_message' Unhandled message from runner queue, discarded: {'event': 'verbose', 'uuid': '6f9f9b25-f465-4cc5-9d08-1d85c31ceaf1', 'counter': 3, 'stdout': '                        [--ssh-common-args SSH_COMMON_ARGS]', 'start_line': 2, 'end_line': 3, 'runner_ident': '20d5beeb-a935-46b9-86af-5080d06ade47', 'created': '2025-02-28T13:16:28.518691'}
2025-02-28T13:16:28.519781+00:00 CRITICAL 'ansible_navigator.actions.run_fb80._handle_message' Unhandled message from runner queue, discarded: {'event': 'verbose', 'uuid': '51988ac5-43db-41f2-8f22-3698c8e632ea', 'counter': 4, 'stdout': '                        [--sftp-extra-args SFTP_EXTRA_ARGS]', 'start_line': 3, 'end_line': 4, 'runner_ident': '20d5beeb-a935-46b9-86af-5080d06ade47', 'created': '2025-02-28T13:16:28.518717'}
2025-02-28T13:16:28.519807+00:00 CRITICAL 'ansible_navigator.actions.run_fb80._handle_message' Unhandled message from runner queue, discarded: {'event': 'verbose', 'uuid': '72cde565-e908-4fd2-bd7a-b16ba986cd3b', 'counter': 5, 'stdout': '                        [--scp-extra-args SCP_EXTRA_ARGS]', 'start_line': 4, 'end_line': 5, 'runner_ident': '20d5beeb-a935-46b9-86af-5080d06ade47', 'created': '2025-02-28T13:16:28.518740'}
2025-02-28T13:16:28.519835+00:00 CRITICAL 'ansible_navigator.actions.run_fb80._handle_message' Unhandled message from runner queue, discarded: {'event': 'verbose', 'uuid': 'd71f6724-6c32-47ce-9418-a4f44926bd51', 'counter': 6, 'stdout': '                        [--ssh-extra-args SSH_EXTRA_ARGS]', 'start_line': 5, 'end_line': 6, 'runner_ident': '20d5beeb-a935-46b9-86af-5080d06ade47', 'created': '2025-02-28T13:16:28.518767'}
2025-02-28T13:16:28.519860+00:00 CRITICAL 'ansible_navigator.actions.run_fb80._handle_message' Unhandled message from runner queue, discarded: {'event': 'verbose', 'uuid': '69ba3b91-a3a9-4ffc-9a29-67ce48acd455', 'counter': 7, 'stdout': '                        [-k | --connection-password-file CONNECTION_PASSWORD_FILE]', 'start_line': 6, 'end_line': 7, 'runner_ident': '20d5beeb-a935-46b9-86af-5080d06ade47', 'created': '2025-02-28T13:16:28.518790'}
2025-02-28T13:16:28.519885+00:00 CRITICAL 'ansible_navigator.actions.run_fb80._handle_message' Unhandled message from runner queue, discarded: {'event': 'verbose', 'uuid': '7146dcce-1bc9-4f21-ac9a-1ad2a5f8c020', 'counter': 8, 'stdout': '                        [--force-handlers] [--flush-cache] [-b]', 'start_line': 7, 'end_line': 8, 'runner_ident': '20d5beeb-a935-46b9-86af-5080d06ade47', 'created': '2025-02-28T13:16:28.518812'}
2025-02-28T13:16:28.519909+00:00 CRITICAL 'ansible_navigator.actions.run_fb80._handle_message' Unhandled message from runner queue, discarded: {'event': 'verbose', 'uuid': 'ead203d8-463d-48b0-a396-a5538fd76dfb', 'counter': 9, 'stdout': '                        [--become-method BECOME_METHOD]', 'start_line': 8, 'end_line': 9, 'runner_ident': '20d5beeb-a935-46b9-86af-5080d06ade47', 'created': '2025-02-28T13:16:28.518835'}
2025-02-28T13:16:28.519933+00:00 CRITICAL 'ansible_navigator.actions.run_fb80._handle_message' Unhandled message from runner queue, discarded: {'event': 'verbose', 'uuid': '79fec098-57fd-434d-8a50-6487981954b0', 'counter': 10, 'stdout': '                        [--become-user BECOME_USER]', 'start_line': 9, 'end_line': 10, 'runner_ident': '20d5beeb-a935-46b9-86af-5080d06ade47', 'created': '2025-02-28T13:16:28.518857'}
2025-02-28T13:16:28.519955+00:00 CRITICAL 'ansible_navigator.actions.run_fb80._handle_message' Unhandled message from runner queue, discarded: {'event': 'verbose', 'uuid': 'd22c4c03-8ef9-42ef-baba-398d9688f755', 'counter': 11, 'stdout': '                        [-K | --become-password-file BECOME_PASSWORD_FILE]', 'start_line': 10, 'end_line': 11, 'runner_ident': '20d5beeb-a935-46b9-86af-5080d06ade47', 'created': '2025-02-28T13:16:28.518881'}
2025-02-28T13:16:28.519978+00:00 CRITICAL 'ansible_navigator.actions.run_fb80._handle_message' Unhandled message from runner queue, discarded: {'event': 'verbose', 'uuid': '5e83a747-5ad3-42b3-b05f-0b31bc62370a', 'counter': 12, 'stdout': '                        [-t TAGS] [--skip-tags SKIP_TAGS] [-C]', 'start_line': 11, 'end_line': 12, 'runner_ident': '20d5beeb-a935-46b9-86af-5080d06ade47', 'created': '2025-02-28T13:16:28.518904'}
2025-02-28T13:16:28.520001+00:00 CRITICAL 'ansible_navigator.actions.run_fb80._handle_message' Unhandled message from runner queue, discarded: {'event': 'verbose', 'uuid': '022a9319-ad98-49de-af0d-ec0b793e11e1', 'counter': 13, 'stdout': '                        [--syntax-check] [-D] [-i INVENTORY] [--list-hosts]', 'start_line': 12, 'end_line': 13, 'runner_ident': '20d5beeb-a935-46b9-86af-5080d06ade47', 'created': '2025-02-28T13:16:28.518927'}
2025-02-28T13:16:28.520023+00:00 CRITICAL 'ansible_navigator.actions.run_fb80._handle_message' Unhandled message from runner queue, discarded: {'event': 'verbose', 'uuid': 'e5368fdd-ad65-4460-ac16-f1c1bb19dc09', 'counter': 14, 'stdout': '                        [-l SUBSET] [-e EXTRA_VARS] [--vault-id VAULT_IDS]', 'start_line': 13, 'end_line': 14, 'runner_ident': '20d5beeb-a935-46b9-86af-5080d06ade47', 'created': '2025-02-28T13:16:28.518949'}
2025-02-28T13:16:28.520051+00:00 CRITICAL 'ansible_navigator.actions.run_fb80._handle_message' Unhandled message from runner queue, discarded: {'event': 'verbose', 'uuid': '194088fc-205c-466a-a6a8-615845f15e20', 'counter': 15, 'stdout': '                        [--ask-vault-password | --vault-password-file VAULT_PASSWORD_FILES]', 'start_line': 14, 'end_line': 15, 'runner_ident': '20d5beeb-a935-46b9-86af-5080d06ade47', 'created': '2025-02-28T13:16:28.518974'}
2025-02-28T13:16:28.520077+00:00 CRITICAL 'ansible_navigator.actions.run_fb80._handle_message' Unhandled message from runner queue, discarded: {'event': 'verbose', 'uuid': 'b88855f8-d9ad-4ea3-afdb-99774b2c10a3', 'counter': 16, 'stdout': '                        [-f FORKS] [-M MODULE_PATH] [--list-tasks]', 'start_line': 15, 'end_line': 16, 'runner_ident': '20d5beeb-a935-46b9-86af-5080d06ade47', 'created': '2025-02-28T13:16:28.518996'}
2025-02-28T13:16:28.520101+00:00 CRITICAL 'ansible_navigator.actions.run_fb80._handle_message' Unhandled message from runner queue, discarded: {'event': 'verbose', 'uuid': 'a3c53380-4e57-4f58-a647-bd3ccb88f7c0', 'counter': 17, 'stdout': '                        [--list-tags] [--step] [--start-at-task START_AT_TASK]', 'start_line': 16, 'end_line': 17, 'runner_ident': '20d5beeb-a935-46b9-86af-5080d06ade47', 'created': '2025-02-28T13:16:28.519018'}
2025-02-28T13:16:28.520124+00:00 CRITICAL 'ansible_navigator.actions.run_fb80._handle_message' Unhandled message from runner queue, discarded: {'event': 'verbose', 'uuid': 'b760da3f-a7aa-41e6-bf92-03c4e7a51291', 'counter': 18, 'stdout': '                        playbook [playbook ...]', 'start_line': 17, 'end_line': 18, 'runner_ident': '20d5beeb-a935-46b9-86af-5080d06ade47', 'created': '2025-02-28T13:16:28.519041'}
2025-02-28T13:16:28.520147+00:00 CRITICAL 'ansible_navigator.actions.run_fb80._handle_message' Unhandled message from runner queue, discarded: {'event': 'verbose', 'uuid': 'f8ab20b6-3bb5-4746-a751-545ff6dc493f', 'counter': 19, 'stdout': 'ansible-playbook: error: unrecognized arguments: --synthax-check', 'start_line': 18, 'end_line': 19, 'runner_ident': '20d5beeb-a935-46b9-86af-5080d06ade47', 'created': '2025-02-28T13:16:28.519063'}
2025-02-28T13:16:28.520170+00:00 CRITICAL 'ansible_navigator.actions.run_fb80._handle_message' Unhandled message from runner queue, discarded: {'event': 'verbose', 'uuid': '031a69ad-1d6e-4656-a4b8-7123c7e44399', 'counter': 20, 'stdout': ' ', 'start_line': 19, 'end_line': 20, 'runner_ident': '20d5beeb-a935-46b9-86af-5080d06ade47', 'created': '2025-02-28T13:16:28.519088'}
2025-02-28T13:16:28.520193+00:00 CRITICAL 'ansible_navigator.actions.run_fb80._handle_message' Unhandled message from runner queue, discarded: {'event': 'verbose', 'uuid': '65eba29c-9e80-486d-b617-aa82a928e970', 'counter': 21, 'stdout': 'usage: ansible-playbook [-h] [--version] [-v] [--private-key PRIVATE_KEY_FILE]', 'start_line': 20, 'end_line': 21, 'runner_ident': '20d5beeb-a935-46b9-86af-5080d06ade47', 'created': '2025-02-28T13:16:28.519115'}
2025-02-28T13:16:28.520217+00:00 CRITICAL 'ansible_navigator.actions.run_fb80._handle_message' Unhandled message from runner queue, discarded: {'event': 'verbose', 'uuid': '84601123-b298-4d69-9e4e-70e1cff721df', 'counter': 22, 'stdout': '                        [-u REMOTE_USER] [-c CONNECTION] [-T TIMEOUT]', 'start_line': 21, 'end_line': 22, 'runner_ident': '20d5beeb-a935-46b9-86af-5080d06ade47', 'created': '2025-02-28T13:16:28.519140'}
2025-02-28T13:16:28.520240+00:00 CRITICAL 'ansible_navigator.actions.run_fb80._handle_message' Unhandled message from runner queue, discarded: {'event': 'verbose', 'uuid': 'd8ce22eb-718b-42b1-bb06-58cd069736c3', 'counter': 23, 'stdout': '                        [--ssh-common-args SSH_COMMON_ARGS]', 'start_line': 22, 'end_line': 23, 'runner_ident': '20d5beeb-a935-46b9-86af-5080d06ade47', 'created': '2025-02-28T13:16:28.519166'}
2025-02-28T13:16:28.520263+00:00 CRITICAL 'ansible_navigator.actions.run_fb80._handle_message' Unhandled message from runner queue, discarded: {'event': 'verbose', 'uuid': '2b83d4c3-43e7-4fee-aa3f-fed2bc7d38ba', 'counter': 24, 'stdout': '                        [--sftp-extra-args SFTP_EXTRA_ARGS]', 'start_line': 23, 'end_line': 24, 'runner_ident': '20d5beeb-a935-46b9-86af-5080d06ade47', 'created': '2025-02-28T13:16:28.519192'}
2025-02-28T13:16:28.520287+00:00 CRITICAL 'ansible_navigator.actions.run_fb80._handle_message' Unhandled message from runner queue, discarded: {'event': 'verbose', 'uuid': '14a6ecf0-439c-43ac-8bbf-fcb95ab98adf', 'counter': 25, 'stdout': '                        [--scp-extra-args SCP_EXTRA_ARGS]', 'start_line': 24, 'end_line': 25, 'runner_ident': '20d5beeb-a935-46b9-86af-5080d06ade47', 'created': '2025-02-28T13:16:28.519219'}
2025-02-28T13:16:28.520310+00:00 CRITICAL 'ansible_navigator.actions.run_fb80._handle_message' Unhandled message from runner queue, discarded: {'event': 'verbose', 'uuid': 'd1f3e609-88df-4af0-9b97-1da69d0396e9', 'counter': 26, 'stdout': '                        [--ssh-extra-args SSH_EXTRA_ARGS]', 'start_line': 25, 'end_line': 26, 'runner_ident': '20d5beeb-a935-46b9-86af-5080d06ade47', 'created': '2025-02-28T13:16:28.519241'}
2025-02-28T13:16:28.520333+00:00 CRITICAL 'ansible_navigator.actions.run_fb80._handle_message' Unhandled message from runner queue, discarded: {'event': 'verbose', 'uuid': '85c144ac-c190-4121-aeb0-ff3ded67ef4e', 'counter': 27, 'stdout': '                        [-k | --connection-password-file CONNECTION_PASSWORD_FILE]', 'start_line': 26, 'end_line': 27, 'runner_ident': '20d5beeb-a935-46b9-86af-5080d06ade47', 'created': '2025-02-28T13:16:28.519264'}
2025-02-28T13:16:28.520356+00:00 CRITICAL 'ansible_navigator.actions.run_fb80._handle_message' Unhandled message from runner queue, discarded: {'event': 'verbose', 'uuid': '9493a4fb-4746-44d2-8474-b23401e540e2', 'counter': 28, 'stdout': '                        [--force-handlers] [--flush-cache] [-b]', 'start_line': 27, 'end_line': 28, 'runner_ident': '20d5beeb-a935-46b9-86af-5080d06ade47', 'created': '2025-02-28T13:16:28.519286'}
2025-02-28T13:16:28.520380+00:00 CRITICAL 'ansible_navigator.actions.run_fb80._handle_message' Unhandled message from runner queue, discarded: {'event': 'verbose', 'uuid': '03b53193-17d7-46c4-9c4c-f14cf8b97939', 'counter': 29, 'stdout': '                        [--become-method BECOME_METHOD]', 'start_line': 28, 'end_line': 29, 'runner_ident': '20d5beeb-a935-46b9-86af-5080d06ade47', 'created': '2025-02-28T13:16:28.519308'}
2025-02-28T13:16:28.520403+00:00 CRITICAL 'ansible_navigator.actions.run_fb80._handle_message' Unhandled message from runner queue, discarded: {'event': 'verbose', 'uuid': '919e5785-620d-4945-8201-d2c94e47ae47', 'counter': 30, 'stdout': '                        [--become-user BECOME_USER]', 'start_line': 29, 'end_line': 30, 'runner_ident': '20d5beeb-a935-46b9-86af-5080d06ade47', 'created': '2025-02-28T13:16:28.519330'}
2025-02-28T13:16:28.621964+00:00 CRITICAL 'ansible_navigator.actions.run_fb80._handle_message' Unhandled message from runner queue, discarded: {'event': 'verbose', 'uuid': '66e2291e-5647-4449-bbb9-39c2ef0d5fe3', 'counter': 31, 'stdout': '                        [-K | --become-password-file BECOME_PASSWORD_FILE]', 'start_line': 30, 'end_line': 31, 'runner_ident': '20d5beeb-a935-46b9-86af-5080d06ade47', 'created': '2025-02-28T13:16:28.521386'}
2025-02-28T13:16:28.622113+00:00 CRITICAL 'ansible_navigator.actions.run_fb80._handle_message' Unhandled message from runner queue, discarded: {'event': 'verbose', 'uuid': '15914a20-1cf9-487a-964a-19eee9b7758c', 'counter': 32, 'stdout': '                        [-t TAGS] [--skip-tags SKIP_TAGS] [-C]', 'start_line': 31, 'end_line': 32, 'runner_ident': '20d5beeb-a935-46b9-86af-5080d06ade47', 'created': '2025-02-28T13:16:28.521439'}
2025-02-28T13:16:28.622148+00:00 CRITICAL 'ansible_navigator.actions.run_fb80._handle_message' Unhandled message from runner queue, discarded: {'event': 'verbose', 'uuid': 'f6998f4c-108f-473c-a9f2-93986d759bf6', 'counter': 33, 'stdout': '                        [--syntax-check] [-D] [-i INVENTORY] [--list-hosts]', 'start_line': 32, 'end_line': 33, 'runner_ident': '20d5beeb-a935-46b9-86af-5080d06ade47', 'created': '2025-02-28T13:16:28.521467'}
2025-02-28T13:16:28.622185+00:00 CRITICAL 'ansible_navigator.actions.run_fb80._handle_message' Unhandled message from runner queue, discarded: {'event': 'verbose', 'uuid': 'dd09e736-d1e9-49cd-a82e-fb2afc0e8745', 'counter': 34, 'stdout': '                        [-l SUBSET] [-e EXTRA_VARS] [--vault-id VAULT_IDS]', 'start_line': 33, 'end_line': 34, 'runner_ident': '20d5beeb-a935-46b9-86af-5080d06ade47', 'created': '2025-02-28T13:16:28.521491'}
2025-02-28T13:16:28.622214+00:00 CRITICAL 'ansible_navigator.actions.run_fb80._handle_message' Unhandled message from runner queue, discarded: {'event': 'verbose', 'uuid': '99c35767-6389-47e6-9877-c235b4ca4981', 'counter': 35, 'stdout': '                        [--ask-vault-password | --vault-password-file VAULT_PASSWORD_FILES]', 'start_line': 34, 'end_line': 35, 'runner_ident': '20d5beeb-a935-46b9-86af-5080d06ade47', 'created': '2025-02-28T13:16:28.521515'}
2025-02-28T13:16:28.622241+00:00 CRITICAL 'ansible_navigator.actions.run_fb80._handle_message' Unhandled message from runner queue, discarded: {'event': 'verbose', 'uuid': 'a0f710cf-52ab-4a03-8077-3cd8f87ebd51', 'counter': 36, 'stdout': '                        [-f FORKS] [-M MODULE_PATH] [--list-tasks]', 'start_line': 35, 'end_line': 36, 'runner_ident': '20d5beeb-a935-46b9-86af-5080d06ade47', 'created': '2025-02-28T13:16:28.521542'}
2025-02-28T13:16:28.622268+00:00 CRITICAL 'ansible_navigator.actions.run_fb80._handle_message' Unhandled message from runner queue, discarded: {'event': 'verbose', 'uuid': 'aef78d53-b8e7-4350-a33f-943f2a14d410', 'counter': 37, 'stdout': '                        [--list-tags] [--step] [--start-at-task START_AT_TASK]', 'start_line': 36, 'end_line': 37, 'runner_ident': '20d5beeb-a935-46b9-86af-5080d06ade47', 'created': '2025-02-28T13:16:28.521566'}
2025-02-28T13:16:28.622295+00:00 CRITICAL 'ansible_navigator.actions.run_fb80._handle_message' Unhandled message from runner queue, discarded: {'event': 'verbose', 'uuid': '5b1b5649-5987-4a20-a03f-4a2294310448', 'counter': 38, 'stdout': '                        playbook [playbook ...]', 'start_line': 37, 'end_line': 38, 'runner_ident': '20d5beeb-a935-46b9-86af-5080d06ade47', 'created': '2025-02-28T13:16:28.521590'}
2025-02-28T13:16:28.622315+00:00 CRITICAL 'ansible_navigator.actions.run_fb80._handle_message' Unhandled message from runner queue, discarded: {'event': 'verbose', 'uuid': 'dc4eada0-647b-4d54-a415-a10de8287838', 'counter': 39, 'stdout': '', 'start_line': 38, 'end_line': 39, 'runner_ident': '20d5beeb-a935-46b9-86af-5080d06ade47', 'created': '2025-02-28T13:16:28.521612'}
2025-02-28T13:16:28.622345+00:00 CRITICAL 'ansible_navigator.actions.run_fb80._handle_message' Unhandled message from runner queue, discarded: {'event': 'verbose', 'uuid': 'a15fcc8b-6c64-4fdd-b9a3-1438a740824e', 'counter': 40, 'stdout': 'Runs Ansible playbooks, executing the defined tasks on the targeted hosts.', 'start_line': 39, 'end_line': 40, 'runner_ident': '20d5beeb-a935-46b9-86af-5080d06ade47', 'created': '2025-02-28T13:16:28.521636'}
2025-02-28T13:16:28.622365+00:00 CRITICAL 'ansible_navigator.actions.run_fb80._handle_message' Unhandled message from runner queue, discarded: {'event': 'verbose', 'uuid': 'c787f8e3-6407-40f9-832c-73422ac8e203', 'counter': 41, 'stdout': '', 'start_line': 40, 'end_line': 41, 'runner_ident': '20d5beeb-a935-46b9-86af-5080d06ade47', 'created': '2025-02-28T13:16:28.521660'}
2025-02-28T13:16:28.622392+00:00 CRITICAL 'ansible_navigator.actions.run_fb80._handle_message' Unhandled message from runner queue, discarded: {'event': 'verbose', 'uuid': 'cd9bfb4a-b906-4382-b58a-039d507e402a', 'counter': 42, 'stdout': 'positional arguments:', 'start_line': 41, 'end_line': 42, 'runner_ident': '20d5beeb-a935-46b9-86af-5080d06ade47', 'created': '2025-02-28T13:16:28.521683'}
2025-02-28T13:16:28.622419+00:00 CRITICAL 'ansible_navigator.actions.run_fb80._handle_message' Unhandled message from runner queue, discarded: {'event': 'verbose', 'uuid': 'c8fa9393-13b1-443e-8884-190c0ac71152', 'counter': 43, 'stdout': '  playbook              Playbook(s)', 'start_line': 42, 'end_line': 43, 'runner_ident': '20d5beeb-a935-46b9-86af-5080d06ade47', 'created': '2025-02-28T13:16:28.521704'}
2025-02-28T13:16:28.622440+00:00 CRITICAL 'ansible_navigator.actions.run_fb80._handle_message' Unhandled message from runner queue, discarded: {'event': 'verbose', 'uuid': '760ad257-dc03-4c6d-b7ee-44a783e45f49', 'counter': 44, 'stdout': '', 'start_line': 43, 'end_line': 44, 'runner_ident': '20d5beeb-a935-46b9-86af-5080d06ade47', 'created': '2025-02-28T13:16:28.521729'}
2025-02-28T13:16:28.622466+00:00 CRITICAL 'ansible_navigator.actions.run_fb80._handle_message' Unhandled message from runner queue, discarded: {'event': 'verbose', 'uuid': '26e5c712-3c15-4ef0-ba9c-2a0575254b6d', 'counter': 45, 'stdout': 'optional arguments:', 'start_line': 44, 'end_line': 45, 'runner_ident': '20d5beeb-a935-46b9-86af-5080d06ade47', 'created': '2025-02-28T13:16:28.521754'}
2025-02-28T13:16:28.622494+00:00 CRITICAL 'ansible_navigator.actions.run_fb80._handle_message' Unhandled message from runner queue, discarded: {'event': 'verbose', 'uuid': '48c1edac-8868-4c54-ba96-1950467c9406', 'counter': 46, 'stdout': '  --ask-vault-password, --ask-vault-pass', 'start_line': 45, 'end_line': 46, 'runner_ident': '20d5beeb-a935-46b9-86af-5080d06ade47', 'created': '2025-02-28T13:16:28.521777'}
2025-02-28T13:16:28.622520+00:00 CRITICAL 'ansible_navigator.actions.run_fb80._handle_message' Unhandled message from runner queue, discarded: {'event': 'verbose', 'uuid': '4b7c41db-49ee-4708-b6c7-9c0b940d7457', 'counter': 47, 'stdout': '                        ask for vault password', 'start_line': 46, 'end_line': 47, 'runner_ident': '20d5beeb-a935-46b9-86af-5080d06ade47', 'created': '2025-02-28T13:16:28.521800'}
2025-02-28T13:16:28.622547+00:00 CRITICAL 'ansible_navigator.actions.run_fb80._handle_message' Unhandled message from runner queue, discarded: {'event': 'verbose', 'uuid': '7975ef44-d8b9-4fa5-860a-f8dc79878cc7', 'counter': 48, 'stdout': '  --become-password-file BECOME_PASSWORD_FILE, --become-pass-file BECOME_PASSWORD_FILE', 'start_line': 47, 'end_line': 48, 'runner_ident': '20d5beeb-a935-46b9-86af-5080d06ade47', 'created': '2025-02-28T13:16:28.522089'}
2025-02-28T13:16:28.622574+00:00 CRITICAL 'ansible_navigator.actions.run_fb80._handle_message' Unhandled message from runner queue, discarded: {'event': 'verbose', 'uuid': '8bf31ac6-1ad7-49fe-be72-e34af28a1612', 'counter': 49, 'stdout': '                        Become password file', 'start_line': 48, 'end_line': 49, 'runner_ident': '20d5beeb-a935-46b9-86af-5080d06ade47', 'created': '2025-02-28T13:16:28.522132'}
2025-02-28T13:16:28.622601+00:00 CRITICAL 'ansible_navigator.actions.run_fb80._handle_message' Unhandled message from runner queue, discarded: {'event': 'verbose', 'uuid': 'de345201-41ab-4dfd-ab36-470be443933f', 'counter': 50, 'stdout': '  --connection-password-file CONNECTION_PASSWORD_FILE, --conn-pass-file CONNECTION_PASSWORD_FILE', 'start_line': 49, 'end_line': 50, 'runner_ident': '20d5beeb-a935-46b9-86af-5080d06ade47', 'created': '2025-02-28T13:16:28.522158'}
2025-02-28T13:16:28.622631+00:00 CRITICAL 'ansible_navigator.actions.run_fb80._handle_message' Unhandled message from runner queue, discarded: {'event': 'verbose', 'uuid': 'ac80f902-1b00-40a4-9b6f-2702413389b0', 'counter': 51, 'stdout': '                        Connection password file', 'start_line': 50, 'end_line': 51, 'runner_ident': '20d5beeb-a935-46b9-86af-5080d06ade47', 'created': '2025-02-28T13:16:28.522182'}
2025-02-28T13:16:28.622659+00:00 CRITICAL 'ansible_navigator.actions.run_fb80._handle_message' Unhandled message from runner queue, discarded: {'event': 'verbose', 'uuid': 'a5529317-60dd-4b9a-a2ba-caff2490bc69', 'counter': 52, 'stdout': '  --flush-cache         clear the fact cache for every host in inventory', 'start_line': 51, 'end_line': 52, 'runner_ident': '20d5beeb-a935-46b9-86af-5080d06ade47', 'created': '2025-02-28T13:16:28.522205'}
2025-02-28T13:16:28.622687+00:00 CRITICAL 'ansible_navigator.actions.run_fb80._handle_message' Unhandled message from runner queue, discarded: {'event': 'verbose', 'uuid': '3b18b0da-a9e4-42b7-aaf6-9d7506df6080', 'counter': 53, 'stdout': '  --force-handlers      run handlers even if a task fails', 'start_line': 52, 'end_line': 53, 'runner_ident': '20d5beeb-a935-46b9-86af-5080d06ade47', 'created': '2025-02-28T13:16:28.522228'}
2025-02-28T13:16:28.622717+00:00 CRITICAL 'ansible_navigator.actions.run_fb80._handle_message' Unhandled message from runner queue, discarded: {'event': 'verbose', 'uuid': '650c7f94-0c24-410e-91e4-2294c1c95ff1', 'counter': 54, 'stdout': '  --list-hosts          outputs a list of matching hosts; does not execute', 'start_line': 53, 'end_line': 54, 'runner_ident': '20d5beeb-a935-46b9-86af-5080d06ade47', 'created': '2025-02-28T13:16:28.522251'}
2025-02-28T13:16:28.622744+00:00 CRITICAL 'ansible_navigator.actions.run_fb80._handle_message' Unhandled message from runner queue, discarded: {'event': 'verbose', 'uuid': 'a6a79168-b06c-4331-9c8d-c2c380c95f09', 'counter': 55, 'stdout': '                        anything else', 'start_line': 54, 'end_line': 55, 'runner_ident': '20d5beeb-a935-46b9-86af-5080d06ade47', 'created': '2025-02-28T13:16:28.522274'}
2025-02-28T13:16:28.622770+00:00 CRITICAL 'ansible_navigator.actions.run_fb80._handle_message' Unhandled message from runner queue, discarded: {'event': 'verbose', 'uuid': '84c8d91f-4047-4413-8a1b-635fcb640e79', 'counter': 56, 'stdout': '  --list-tags           list all available tags', 'start_line': 55, 'end_line': 56, 'runner_ident': '20d5beeb-a935-46b9-86af-5080d06ade47', 'created': '2025-02-28T13:16:28.522297'}
2025-02-28T13:16:28.622796+00:00 CRITICAL 'ansible_navigator.actions.run_fb80._handle_message' Unhandled message from runner queue, discarded: {'event': 'verbose', 'uuid': '0b8b0f77-3812-4075-b3d9-66d7286e3e4b', 'counter': 57, 'stdout': '  --list-tasks          list all tasks that would be executed', 'start_line': 56, 'end_line': 57, 'runner_ident': '20d5beeb-a935-46b9-86af-5080d06ade47', 'created': '2025-02-28T13:16:28.522386'}
2025-02-28T13:16:28.622823+00:00 CRITICAL 'ansible_navigator.actions.run_fb80._handle_message' Unhandled message from runner queue, discarded: {'event': 'verbose', 'uuid': '4a0c355b-4fb5-4d92-998c-d5306cb65ffc', 'counter': 58, 'stdout': '  --skip-tags SKIP_TAGS', 'start_line': 57, 'end_line': 58, 'runner_ident': '20d5beeb-a935-46b9-86af-5080d06ade47', 'created': '2025-02-28T13:16:28.522416'}
2025-02-28T13:16:28.622849+00:00 CRITICAL 'ansible_navigator.actions.run_fb80._handle_message' Unhandled message from runner queue, discarded: {'event': 'verbose', 'uuid': 'e768a093-8481-46d1-9b15-9d8ad4aa774b', 'counter': 59, 'stdout': '                        only run plays and tasks whose tags do not match these', 'start_line': 58, 'end_line': 59, 'runner_ident': '20d5beeb-a935-46b9-86af-5080d06ade47', 'created': '2025-02-28T13:16:28.522440'}
2025-02-28T13:16:28.622875+00:00 CRITICAL 'ansible_navigator.actions.run_fb80._handle_message' Unhandled message from runner queue, discarded: {'event': 'verbose', 'uuid': 'c1691196-ef9a-40d7-a286-ccbac6136d6d', 'counter': 60, 'stdout': '                        values', 'start_line': 59, 'end_line': 60, 'runner_ident': '20d5beeb-a935-46b9-86af-5080d06ade47', 'created': '2025-02-28T13:16:28.522463'}
2025-02-28T13:16:28.622900+00:00 CRITICAL 'ansible_navigator.actions.run_fb80._handle_message' Unhandled message from runner queue, discarded: {'event': 'verbose', 'uuid': '93038479-0ff8-4b42-8b74-d1079bdb7865', 'counter': 61, 'stdout': '  --start-at-task START_AT_TASK', 'start_line': 60, 'end_line': 61, 'runner_ident': '20d5beeb-a935-46b9-86af-5080d06ade47', 'created': '2025-02-28T13:16:28.522485'}
2025-02-28T13:16:28.622926+00:00 CRITICAL 'ansible_navigator.actions.run_fb80._handle_message' Unhandled message from runner queue, discarded: {'event': 'verbose', 'uuid': 'c9fe89ed-93c9-4204-8493-4514525fe3b5', 'counter': 62, 'stdout': '                        start the playbook at the task matching this name', 'start_line': 61, 'end_line': 62, 'runner_ident': '20d5beeb-a935-46b9-86af-5080d06ade47', 'created': '2025-02-28T13:16:28.522508'}
2025-02-28T13:16:28.622959+00:00 CRITICAL 'ansible_navigator.actions.run_fb80._handle_message' Unhandled message from runner queue, discarded: {'event': 'verbose', 'uuid': 'd21b89d9-0c1b-414b-abfd-5a6f63cb7875', 'counter': 63, 'stdout': '  --step                one-step-at-a-time: confirm each task before running', 'start_line': 62, 'end_line': 63, 'runner_ident': '20d5beeb-a935-46b9-86af-5080d06ade47', 'created': '2025-02-28T13:16:28.522530'}
2025-02-28T13:16:28.622986+00:00 CRITICAL 'ansible_navigator.actions.run_fb80._handle_message' Unhandled message from runner queue, discarded: {'event': 'verbose', 'uuid': 'e88178a3-c488-40f7-97ed-a3181bd94547', 'counter': 64, 'stdout': '  --syntax-check        perform a syntax check on the playbook, but do not', 'start_line': 63, 'end_line': 64, 'runner_ident': '20d5beeb-a935-46b9-86af-5080d06ade47', 'created': '2025-02-28T13:16:28.522553'}
2025-02-28T13:16:28.623012+00:00 CRITICAL 'ansible_navigator.actions.run_fb80._handle_message' Unhandled message from runner queue, discarded: {'event': 'verbose', 'uuid': '047d1f6c-bdf7-4f3e-b3a1-2859803ec9ab', 'counter': 65, 'stdout': '                        execute it', 'start_line': 64, 'end_line': 65, 'runner_ident': '20d5beeb-a935-46b9-86af-5080d06ade47', 'created': '2025-02-28T13:16:28.522575'}
2025-02-28T13:16:28.623037+00:00 CRITICAL 'ansible_navigator.actions.run_fb80._handle_message' Unhandled message from runner queue, discarded: {'event': 'verbose', 'uuid': '3eaeee29-e3cc-4ace-aea3-f08364765994', 'counter': 66, 'stdout': '  --vault-id VAULT_IDS  the vault identity to use', 'start_line': 65, 'end_line': 66, 'runner_ident': '20d5beeb-a935-46b9-86af-5080d06ade47', 'created': '2025-02-28T13:16:28.522598'}
2025-02-28T13:16:28.623063+00:00 CRITICAL 'ansible_navigator.actions.run_fb80._handle_message' Unhandled message from runner queue, discarded: {'event': 'verbose', 'uuid': '18a1c209-7d6d-44d4-bb3f-260600014158', 'counter': 67, 'stdout': '  --vault-password-file VAULT_PASSWORD_FILES, --vault-pass-file VAULT_PASSWORD_FILES', 'start_line': 66, 'end_line': 67, 'runner_ident': '20d5beeb-a935-46b9-86af-5080d06ade47', 'created': '2025-02-28T13:16:28.534396'}
2025-02-28T13:16:28.623090+00:00 CRITICAL 'ansible_navigator.actions.run_fb80._handle_message' Unhandled message from runner queue, discarded: {'event': 'verbose', 'uuid': '33f8387e-234c-40e2-8ca0-6c13a86f3754', 'counter': 68, 'stdout': '                        vault password file', 'start_line': 67, 'end_line': 68, 'runner_ident': '20d5beeb-a935-46b9-86af-5080d06ade47', 'created': '2025-02-28T13:16:28.534473'}
2025-02-28T13:16:28.623117+00:00 CRITICAL 'ansible_navigator.actions.run_fb80._handle_message' Unhandled message from runner queue, discarded: {'event': 'verbose', 'uuid': '69f2887b-f606-4ed3-a714-1db9dc0c27a7', 'counter': 69, 'stdout': "  --version             show program's version number, config file location,", 'start_line': 68, 'end_line': 69, 'runner_ident': '20d5beeb-a935-46b9-86af-5080d06ade47', 'created': '2025-02-28T13:16:28.534502'}
2025-02-28T13:16:28.623145+00:00 CRITICAL 'ansible_navigator.actions.run_fb80._handle_message' Unhandled message from runner queue, discarded: {'event': 'verbose', 'uuid': 'e530dab5-a93e-48c9-a417-862e8a8c8b5e', 'counter': 70, 'stdout': '                        configured module search path, module location,', 'start_line': 69, 'end_line': 70, 'runner_ident': '20d5beeb-a935-46b9-86af-5080d06ade47', 'created': '2025-02-28T13:16:28.534535'}
2025-02-28T13:16:28.623171+00:00 CRITICAL 'ansible_navigator.actions.run_fb80._handle_message' Unhandled message from runner queue, discarded: {'event': 'verbose', 'uuid': '29e974f5-e070-424f-866e-614e83f24320', 'counter': 71, 'stdout': '                        executable location and exit', 'start_line': 70, 'end_line': 71, 'runner_ident': '20d5beeb-a935-46b9-86af-5080d06ade47', 'created': '2025-02-28T13:16:28.534560'}
2025-02-28T13:16:28.623198+00:00 CRITICAL 'ansible_navigator.actions.run_fb80._handle_message' Unhandled message from runner queue, discarded: {'event': 'verbose', 'uuid': '5c42706d-e7ee-46b3-9384-81132fc9d90a', 'counter': 72, 'stdout': "  -C, --check           don't make any changes; instead, try to predict some", 'start_line': 71, 'end_line': 72, 'runner_ident': '20d5beeb-a935-46b9-86af-5080d06ade47', 'created': '2025-02-28T13:16:28.534584'}
2025-02-28T13:16:28.623226+00:00 CRITICAL 'ansible_navigator.actions.run_fb80._handle_message' Unhandled message from runner queue, discarded: {'event': 'verbose', 'uuid': '0bc28b7c-2b8c-4081-8682-b9cb00f1bc37', 'counter': 73, 'stdout': '                        of the changes that may occur', 'start_line': 72, 'end_line': 73, 'runner_ident': '20d5beeb-a935-46b9-86af-5080d06ade47', 'created': '2025-02-28T13:16:28.534608'}
2025-02-28T13:16:28.623252+00:00 CRITICAL 'ansible_navigator.actions.run_fb80._handle_message' Unhandled message from runner queue, discarded: {'event': 'verbose', 'uuid': 'f7564a34-00de-4c2f-9cf0-eaac55ecb148', 'counter': 74, 'stdout': '  -D, --diff            when changing (small) files and templates, show the', 'start_line': 73, 'end_line': 74, 'runner_ident': '20d5beeb-a935-46b9-86af-5080d06ade47', 'created': '2025-02-28T13:16:28.534632'}
2025-02-28T13:16:28.623279+00:00 CRITICAL 'ansible_navigator.actions.run_fb80._handle_message' Unhandled message from runner queue, discarded: {'event': 'verbose', 'uuid': 'a65f047f-fbb2-48f0-9fc7-18e712b3bb1c', 'counter': 75, 'stdout': '                        differences in those files; works great with --check', 'start_line': 74, 'end_line': 75, 'runner_ident': '20d5beeb-a935-46b9-86af-5080d06ade47', 'created': '2025-02-28T13:16:28.534655'}
2025-02-28T13:16:28.623305+00:00 CRITICAL 'ansible_navigator.actions.run_fb80._handle_message' Unhandled message from runner queue, discarded: {'event': 'verbose', 'uuid': 'a405fb22-eb06-4b48-a3d7-f78d5c4a2f79', 'counter': 76, 'stdout': '  -K, --ask-become-pass', 'start_line': 75, 'end_line': 76, 'runner_ident': '20d5beeb-a935-46b9-86af-5080d06ade47', 'created': '2025-02-28T13:16:28.534678'}
2025-02-28T13:16:28.623331+00:00 CRITICAL 'ansible_navigator.actions.run_fb80._handle_message' Unhandled message from runner queue, discarded: {'event': 'verbose', 'uuid': '3f046b2b-8b8a-4901-a994-0a86bafcbaac', 'counter': 77, 'stdout': '                        ask for privilege escalation password', 'start_line': 76, 'end_line': 77, 'runner_ident': '20d5beeb-a935-46b9-86af-5080d06ade47', 'created': '2025-02-28T13:16:28.534700'}
2025-02-28T13:16:28.623357+00:00 CRITICAL 'ansible_navigator.actions.run_fb80._handle_message' Unhandled message from runner queue, discarded: {'event': 'verbose', 'uuid': '94dc5a9f-4873-4e97-93d3-d3996d3e7017', 'counter': 78, 'stdout': '  -M MODULE_PATH, --module-path MODULE_PATH', 'start_line': 77, 'end_line': 78, 'runner_ident': '20d5beeb-a935-46b9-86af-5080d06ade47', 'created': '2025-02-28T13:16:28.534726'}
2025-02-28T13:16:28.623383+00:00 CRITICAL 'ansible_navigator.actions.run_fb80._handle_message' Unhandled message from runner queue, discarded: {'event': 'verbose', 'uuid': '269a5f27-5674-46de-a2b2-5b424f1a04b7', 'counter': 79, 'stdout': '                        prepend colon-separated path(s) to module library (def', 'start_line': 78, 'end_line': 79, 'runner_ident': '20d5beeb-a935-46b9-86af-5080d06ade47', 'created': '2025-02-28T13:16:28.534771'}
2025-02-28T13:16:28.623409+00:00 CRITICAL 'ansible_navigator.actions.run_fb80._handle_message' Unhandled message from runner queue, discarded: {'event': 'verbose', 'uuid': '854581c9-2e30-4034-8f85-db2a0cd0b8bd', 'counter': 80, 'stdout': '                        ault=~/.ansible/plugins/modules:/usr/share/ansible/plu', 'start_line': 79, 'end_line': 80, 'runner_ident': '20d5beeb-a935-46b9-86af-5080d06ade47', 'created': '2025-02-28T13:16:28.534799'}
2025-02-28T13:16:28.623435+00:00 CRITICAL 'ansible_navigator.actions.run_fb80._handle_message' Unhandled message from runner queue, discarded: {'event': 'verbose', 'uuid': '0c2c40c5-1f4b-4e58-bae8-56d7a7e7089a', 'counter': 81, 'stdout': '                        gins/modules)', 'start_line': 80, 'end_line': 81, 'runner_ident': '20d5beeb-a935-46b9-86af-5080d06ade47', 'created': '2025-02-28T13:16:28.534825'}
2025-02-28T13:16:28.623461+00:00 CRITICAL 'ansible_navigator.actions.run_fb80._handle_message' Unhandled message from runner queue, discarded: {'event': 'verbose', 'uuid': '51f172c1-4e38-405e-8187-20d94388f880', 'counter': 82, 'stdout': '  -e EXTRA_VARS, --extra-vars EXTRA_VARS', 'start_line': 81, 'end_line': 82, 'runner_ident': '20d5beeb-a935-46b9-86af-5080d06ade47', 'created': '2025-02-28T13:16:28.534850'}
2025-02-28T13:16:28.623487+00:00 CRITICAL 'ansible_navigator.actions.run_fb80._handle_message' Unhandled message from runner queue, discarded: {'event': 'verbose', 'uuid': '1db3bc71-14fe-47a7-8243-7456c42cc66a', 'counter': 83, 'stdout': '                        set additional variables as key=value or YAML/JSON, if', 'start_line': 82, 'end_line': 83, 'runner_ident': '20d5beeb-a935-46b9-86af-5080d06ade47', 'created': '2025-02-28T13:16:28.534876'}
2025-02-28T13:16:28.623512+00:00 CRITICAL 'ansible_navigator.actions.run_fb80._handle_message' Unhandled message from runner queue, discarded: {'event': 'verbose', 'uuid': 'f26d4f0d-579d-4e01-b9a3-fd7b29d63f95', 'counter': 84, 'stdout': '                        filename prepend with @', 'start_line': 83, 'end_line': 84, 'runner_ident': '20d5beeb-a935-46b9-86af-5080d06ade47', 'created': '2025-02-28T13:16:28.534897'}
2025-02-28T13:16:28.623538+00:00 CRITICAL 'ansible_navigator.actions.run_fb80._handle_message' Unhandled message from runner queue, discarded: {'event': 'verbose', 'uuid': '4d3c06f9-203b-45b3-84ff-6945fa7e73d0', 'counter': 85, 'stdout': '  -f FORKS, --forks FORKS', 'start_line': 84, 'end_line': 85, 'runner_ident': '20d5beeb-a935-46b9-86af-5080d06ade47', 'created': '2025-02-28T13:16:28.534918'}
2025-02-28T13:16:28.623564+00:00 CRITICAL 'ansible_navigator.actions.run_fb80._handle_message' Unhandled message from runner queue, discarded: {'event': 'verbose', 'uuid': '33af5e9e-dc9a-4555-8f3d-ada052e4b518', 'counter': 86, 'stdout': '                        specify number of parallel processes to use', 'start_line': 85, 'end_line': 86, 'runner_ident': '20d5beeb-a935-46b9-86af-5080d06ade47', 'created': '2025-02-28T13:16:28.534942'}
2025-02-28T13:16:28.623589+00:00 CRITICAL 'ansible_navigator.actions.run_fb80._handle_message' Unhandled message from runner queue, discarded: {'event': 'verbose', 'uuid': '825ed548-43ed-4008-baa9-ae544c7831d9', 'counter': 87, 'stdout': '                        (default=5)', 'start_line': 86, 'end_line': 87, 'runner_ident': '20d5beeb-a935-46b9-86af-5080d06ade47', 'created': '2025-02-28T13:16:28.534964'}
2025-02-28T13:16:28.623615+00:00 CRITICAL 'ansible_navigator.actions.run_fb80._handle_message' Unhandled message from runner queue, discarded: {'event': 'verbose', 'uuid': '8c7e8b76-45f5-4a27-bc41-270f7e63cd66', 'counter': 88, 'stdout': '  -h, --help            show this help message and exit', 'start_line': 87, 'end_line': 88, 'runner_ident': '20d5beeb-a935-46b9-86af-5080d06ade47', 'created': '2025-02-28T13:16:28.534987'}
2025-02-28T13:16:28.623639+00:00 CRITICAL 'ansible_navigator.actions.run_fb80._handle_message' Unhandled message from runner queue, discarded: {'event': 'verbose', 'uuid': '3ad5c898-f7d5-4370-8530-2646529ebc91', 'counter': 89, 'stdout': '  -i INVENTORY, --inventory INVENTORY, --inventory-file INVENTORY', 'start_line': 88, 'end_line': 89, 'runner_ident': '20d5beeb-a935-46b9-86af-5080d06ade47', 'created': '2025-02-28T13:16:28.535008'}
2025-02-28T13:16:28.623664+00:00 CRITICAL 'ansible_navigator.actions.run_fb80._handle_message' Unhandled message from runner queue, discarded: {'event': 'verbose', 'uuid': '257e4303-8613-41b4-aa9e-dd2983ec80b8', 'counter': 90, 'stdout': '                        specify inventory host path or comma separated host', 'start_line': 89, 'end_line': 90, 'runner_ident': '20d5beeb-a935-46b9-86af-5080d06ade47', 'created': '2025-02-28T13:16:28.535030'}
2025-02-28T13:16:28.623690+00:00 CRITICAL 'ansible_navigator.actions.run_fb80._handle_message' Unhandled message from runner queue, discarded: {'event': 'verbose', 'uuid': 'd2cb2cd1-f7cf-4e67-a29c-58b96b9431f7', 'counter': 91, 'stdout': '                        list. --inventory-file is deprecated', 'start_line': 90, 'end_line': 91, 'runner_ident': '20d5beeb-a935-46b9-86af-5080d06ade47', 'created': '2025-02-28T13:16:28.535051'}
2025-02-28T13:16:28.623717+00:00 CRITICAL 'ansible_navigator.actions.run_fb80._handle_message' Unhandled message from runner queue, discarded: {'event': 'verbose', 'uuid': 'e530c59f-35d0-437b-b37d-56f0e1141c88', 'counter': 92, 'stdout': '  -k, --ask-pass        ask for connection password', 'start_line': 91, 'end_line': 92, 'runner_ident': '20d5beeb-a935-46b9-86af-5080d06ade47', 'created': '2025-02-28T13:16:28.535072'}
2025-02-28T13:16:28.623743+00:00 CRITICAL 'ansible_navigator.actions.run_fb80._handle_message' Unhandled message from runner queue, discarded: {'event': 'verbose', 'uuid': 'd261bb0a-9617-4588-a3e8-0aff3e5ffba5', 'counter': 93, 'stdout': '  -l SUBSET, --limit SUBSET', 'start_line': 92, 'end_line': 93, 'runner_ident': '20d5beeb-a935-46b9-86af-5080d06ade47', 'created': '2025-02-28T13:16:28.535101'}
2025-02-28T13:16:28.623769+00:00 CRITICAL 'ansible_navigator.actions.run_fb80._handle_message' Unhandled message from runner queue, discarded: {'event': 'verbose', 'uuid': 'd432c6cc-689e-4e72-b94b-233009a083f0', 'counter': 94, 'stdout': '                        further limit selected hosts to an additional pattern', 'start_line': 93, 'end_line': 94, 'runner_ident': '20d5beeb-a935-46b9-86af-5080d06ade47', 'created': '2025-02-28T13:16:28.535125'}
2025-02-28T13:16:28.623796+00:00 CRITICAL 'ansible_navigator.actions.run_fb80._handle_message' Unhandled message from runner queue, discarded: {'event': 'verbose', 'uuid': 'eda079f4-18fe-4692-86cc-cafcdc01644e', 'counter': 95, 'stdout': '  -t TAGS, --tags TAGS  only run plays and tasks tagged with these values', 'start_line': 94, 'end_line': 95, 'runner_ident': '20d5beeb-a935-46b9-86af-5080d06ade47', 'created': '2025-02-28T13:16:28.535147'}
2025-02-28T13:16:28.623821+00:00 CRITICAL 'ansible_navigator.actions.run_fb80._handle_message' Unhandled message from runner queue, discarded: {'event': 'verbose', 'uuid': 'c1f45c43-91ad-43ec-9103-ddf826a8db5b', 'counter': 96, 'stdout': '  -v, --verbose         Causes Ansible to print more debug messages. Adding', 'start_line': 95, 'end_line': 96, 'runner_ident': '20d5beeb-a935-46b9-86af-5080d06ade47', 'created': '2025-02-28T13:16:28.535169'}
2025-02-28T13:16:28.623847+00:00 CRITICAL 'ansible_navigator.actions.run_fb80._handle_message' Unhandled message from runner queue, discarded: {'event': 'verbose', 'uuid': '77cd95d5-23b0-40e9-82a5-8885463822c4', 'counter': 97, 'stdout': '                        multiple -v will increase the verbosity, the builtin', 'start_line': 96, 'end_line': 97, 'runner_ident': '20d5beeb-a935-46b9-86af-5080d06ade47', 'created': '2025-02-28T13:16:28.535190'}
2025-02-28T13:16:28.623873+00:00 CRITICAL 'ansible_navigator.actions.run_fb80._handle_message' Unhandled message from runner queue, discarded: {'event': 'verbose', 'uuid': '5ec1d2f5-d34c-42e6-9178-eeb5ac51e29d', 'counter': 98, 'stdout': '                        plugins currently evaluate up to -vvvvvv. A reasonable', 'start_line': 97, 'end_line': 98, 'runner_ident': '20d5beeb-a935-46b9-86af-5080d06ade47', 'created': '2025-02-28T13:16:28.535212'}
2025-02-28T13:16:28.623898+00:00 CRITICAL 'ansible_navigator.actions.run_fb80._handle_message' Unhandled message from runner queue, discarded: {'event': 'verbose', 'uuid': '6b0ce571-f2de-4b7d-ace2-f1920417fd11', 'counter': 99, 'stdout': '                        level to start is -vvv, connection debugging might', 'start_line': 98, 'end_line': 99, 'runner_ident': '20d5beeb-a935-46b9-86af-5080d06ade47', 'created': '2025-02-28T13:16:28.535233'}
2025-02-28T13:16:28.623924+00:00 CRITICAL 'ansible_navigator.actions.run_fb80._handle_message' Unhandled message from runner queue, discarded: {'event': 'verbose', 'uuid': '9978aa47-237e-4e04-95c9-77e1b8770f97', 'counter': 100, 'stdout': '                        require -vvvv.', 'start_line': 99, 'end_line': 100, 'runner_ident': '20d5beeb-a935-46b9-86af-5080d06ade47', 'created': '2025-02-28T13:16:28.543735'}
2025-02-28T13:16:28.623943+00:00 CRITICAL 'ansible_navigator.actions.run_fb80._handle_message' Unhandled message from runner queue, discarded: {'event': 'verbose', 'uuid': '40ea98fa-79f6-4950-b9c3-033caf48a03f', 'counter': 101, 'stdout': '', 'start_line': 100, 'end_line': 101, 'runner_ident': '20d5beeb-a935-46b9-86af-5080d06ade47', 'created': '2025-02-28T13:16:28.543800'}
2025-02-28T13:16:28.623973+00:00 CRITICAL 'ansible_navigator.actions.run_fb80._handle_message' Unhandled message from runner queue, discarded: {'event': 'verbose', 'uuid': 'd75367be-fb38-43ff-8beb-3a1e9ca499b3', 'counter': 102, 'stdout': 'Connection Options:', 'start_line': 101, 'end_line': 102, 'runner_ident': '20d5beeb-a935-46b9-86af-5080d06ade47', 'created': '2025-02-28T13:16:28.543828'}
2025-02-28T13:16:28.623999+00:00 CRITICAL 'ansible_navigator.actions.run_fb80._handle_message' Unhandled message from runner queue, discarded: {'event': 'verbose', 'uuid': 'd753bc83-ec54-474c-8df2-797a1c0eace4', 'counter': 103, 'stdout': '  control as whom and how to connect to hosts', 'start_line': 102, 'end_line': 103, 'runner_ident': '20d5beeb-a935-46b9-86af-5080d06ade47', 'created': '2025-02-28T13:16:28.543853'}
2025-02-28T13:16:28.624017+00:00 CRITICAL 'ansible_navigator.actions.run_fb80._handle_message' Unhandled message from runner queue, discarded: {'event': 'verbose', 'uuid': 'a97a3e9d-2f07-493e-99ee-41603264c800', 'counter': 104, 'stdout': '', 'start_line': 103, 'end_line': 104, 'runner_ident': '20d5beeb-a935-46b9-86af-5080d06ade47', 'created': '2025-02-28T13:16:28.543876'}
2025-02-28T13:16:28.624043+00:00 CRITICAL 'ansible_navigator.actions.run_fb80._handle_message' Unhandled message from runner queue, discarded: {'event': 'verbose', 'uuid': '7f292d90-970a-49ff-9218-41d5b7f5d19b', 'counter': 105, 'stdout': '  --private-key PRIVATE_KEY_FILE, --key-file PRIVATE_KEY_FILE', 'start_line': 104, 'end_line': 105, 'runner_ident': '20d5beeb-a935-46b9-86af-5080d06ade47', 'created': '2025-02-28T13:16:28.543900'}
2025-02-28T13:16:28.624069+00:00 CRITICAL 'ansible_navigator.actions.run_fb80._handle_message' Unhandled message from runner queue, discarded: {'event': 'verbose', 'uuid': '10fe3a08-fd70-4903-8cdd-7b04fa4c47ca', 'counter': 106, 'stdout': '                        use this file to authenticate the connection', 'start_line': 105, 'end_line': 106, 'runner_ident': '20d5beeb-a935-46b9-86af-5080d06ade47', 'created': '2025-02-28T13:16:28.543926'}
2025-02-28T13:16:28.624095+00:00 CRITICAL 'ansible_navigator.actions.run_fb80._handle_message' Unhandled message from runner queue, discarded: {'event': 'verbose', 'uuid': 'b49c1904-8524-40db-8892-a22b4382d892', 'counter': 107, 'stdout': '  --scp-extra-args SCP_EXTRA_ARGS', 'start_line': 106, 'end_line': 107, 'runner_ident': '20d5beeb-a935-46b9-86af-5080d06ade47', 'created': '2025-02-28T13:16:28.543950'}
2025-02-28T13:16:28.624122+00:00 CRITICAL 'ansible_navigator.actions.run_fb80._handle_message' Unhandled message from runner queue, discarded: {'event': 'verbose', 'uuid': 'a4d4a559-0fe0-4a79-b803-4da2338f5e58', 'counter': 108, 'stdout': '                        specify extra arguments to pass to scp only (e.g. -l)', 'start_line': 107, 'end_line': 108, 'runner_ident': '20d5beeb-a935-46b9-86af-5080d06ade47', 'created': '2025-02-28T13:16:28.543974'}
2025-02-28T13:16:28.624147+00:00 CRITICAL 'ansible_navigator.actions.run_fb80._handle_message' Unhandled message from runner queue, discarded: {'event': 'verbose', 'uuid': '5fb46d31-89d9-4d42-887a-83770e1956f9', 'counter': 109, 'stdout': '  --sftp-extra-args SFTP_EXTRA_ARGS', 'start_line': 108, 'end_line': 109, 'runner_ident': '20d5beeb-a935-46b9-86af-5080d06ade47', 'created': '2025-02-28T13:16:28.543997'}
2025-02-28T13:16:28.624173+00:00 CRITICAL 'ansible_navigator.actions.run_fb80._handle_message' Unhandled message from runner queue, discarded: {'event': 'verbose', 'uuid': '4939565e-b172-4ab6-bc5b-f7f7f4b22039', 'counter': 110, 'stdout': '                        specify extra arguments to pass to sftp only (e.g. -f,', 'start_line': 109, 'end_line': 110, 'runner_ident': '20d5beeb-a935-46b9-86af-5080d06ade47', 'created': '2025-02-28T13:16:28.544019'}
2025-02-28T13:16:28.624200+00:00 CRITICAL 'ansible_navigator.actions.run_fb80._handle_message' Unhandled message from runner queue, discarded: {'event': 'verbose', 'uuid': '9d941744-aa31-4b96-9e6e-b6ae661ff83f', 'counter': 111, 'stdout': '                        -l)', 'start_line': 110, 'end_line': 111, 'runner_ident': '20d5beeb-a935-46b9-86af-5080d06ade47', 'created': '2025-02-28T13:16:28.544042'}
2025-02-28T13:16:28.624226+00:00 CRITICAL 'ansible_navigator.actions.run_fb80._handle_message' Unhandled message from runner queue, discarded: {'event': 'verbose', 'uuid': '9ad220b5-33df-498b-ae02-36b9759df1c0', 'counter': 112, 'stdout': '  --ssh-common-args SSH_COMMON_ARGS', 'start_line': 111, 'end_line': 112, 'runner_ident': '20d5beeb-a935-46b9-86af-5080d06ade47', 'created': '2025-02-28T13:16:28.544065'}
2025-02-28T13:16:28.624251+00:00 CRITICAL 'ansible_navigator.actions.run_fb80._handle_message' Unhandled message from runner queue, discarded: {'event': 'verbose', 'uuid': '456fc432-bb58-4845-924c-e312640d1f67', 'counter': 113, 'stdout': '                        specify common arguments to pass to sftp/scp/ssh (e.g.', 'start_line': 112, 'end_line': 113, 'runner_ident': '20d5beeb-a935-46b9-86af-5080d06ade47', 'created': '2025-02-28T13:16:28.544088'}
2025-02-28T13:16:28.624277+00:00 CRITICAL 'ansible_navigator.actions.run_fb80._handle_message' Unhandled message from runner queue, discarded: {'event': 'verbose', 'uuid': 'a14c3dda-0372-4ea5-bfac-a9a8ee504ab8', 'counter': 114, 'stdout': '                        ProxyCommand)', 'start_line': 113, 'end_line': 114, 'runner_ident': '20d5beeb-a935-46b9-86af-5080d06ade47', 'created': '2025-02-28T13:16:28.544110'}
2025-02-28T13:16:28.624303+00:00 CRITICAL 'ansible_navigator.actions.run_fb80._handle_message' Unhandled message from runner queue, discarded: {'event': 'verbose', 'uuid': '19619a74-9143-4f55-98aa-6132c7db4afe', 'counter': 115, 'stdout': '  --ssh-extra-args SSH_EXTRA_ARGS', 'start_line': 114, 'end_line': 115, 'runner_ident': '20d5beeb-a935-46b9-86af-5080d06ade47', 'created': '2025-02-28T13:16:28.544133'}
2025-02-28T13:16:28.624328+00:00 CRITICAL 'ansible_navigator.actions.run_fb80._handle_message' Unhandled message from runner queue, discarded: {'event': 'verbose', 'uuid': '6e197828-c2ed-45b2-8b05-9d2afc725bcb', 'counter': 116, 'stdout': '                        specify extra arguments to pass to ssh only (e.g. -R)', 'start_line': 115, 'end_line': 116, 'runner_ident': '20d5beeb-a935-46b9-86af-5080d06ade47', 'created': '2025-02-28T13:16:28.544156'}
2025-02-28T13:16:28.624354+00:00 CRITICAL 'ansible_navigator.actions.run_fb80._handle_message' Unhandled message from runner queue, discarded: {'event': 'verbose', 'uuid': '0c18c0fd-83c4-4f3e-854f-dc250f3de568', 'counter': 117, 'stdout': '  -T TIMEOUT, --timeout TIMEOUT', 'start_line': 116, 'end_line': 117, 'runner_ident': '20d5beeb-a935-46b9-86af-5080d06ade47', 'created': '2025-02-28T13:16:28.544178'}
2025-02-28T13:16:28.624380+00:00 CRITICAL 'ansible_navigator.actions.run_fb80._handle_message' Unhandled message from runner queue, discarded: {'event': 'verbose', 'uuid': '13e08437-6280-4cda-b206-8c0d9614bef1', 'counter': 118, 'stdout': '                        override the connection timeout in seconds', 'start_line': 117, 'end_line': 118, 'runner_ident': '20d5beeb-a935-46b9-86af-5080d06ade47', 'created': '2025-02-28T13:16:28.544211'}
2025-02-28T13:16:28.624405+00:00 CRITICAL 'ansible_navigator.actions.run_fb80._handle_message' Unhandled message from runner queue, discarded: {'event': 'verbose', 'uuid': 'b623d0c5-6406-415e-a7cf-1893bb1a0720', 'counter': 119, 'stdout': '                        (default=10)', 'start_line': 118, 'end_line': 119, 'runner_ident': '20d5beeb-a935-46b9-86af-5080d06ade47', 'created': '2025-02-28T13:16:28.544254'}
2025-02-28T13:16:28.624431+00:00 CRITICAL 'ansible_navigator.actions.run_fb80._handle_message' Unhandled message from runner queue, discarded: {'event': 'verbose', 'uuid': '719f8d8a-8190-4fb0-91ea-089c66179a60', 'counter': 120, 'stdout': '  -c CONNECTION, --connection CONNECTION', 'start_line': 119, 'end_line': 120, 'runner_ident': '20d5beeb-a935-46b9-86af-5080d06ade47', 'created': '2025-02-28T13:16:28.544282'}
2025-02-28T13:16:28.624458+00:00 CRITICAL 'ansible_navigator.actions.run_fb80._handle_message' Unhandled message from runner queue, discarded: {'event': 'verbose', 'uuid': '5b68f76e-d763-45b6-93cd-dc49c083b0da', 'counter': 121, 'stdout': '                        connection type to use (default=smart)', 'start_line': 120, 'end_line': 121, 'runner_ident': '20d5beeb-a935-46b9-86af-5080d06ade47', 'created': '2025-02-28T13:16:28.544308'}
2025-02-28T13:16:28.624484+00:00 CRITICAL 'ansible_navigator.actions.run_fb80._handle_message' Unhandled message from runner queue, discarded: {'event': 'verbose', 'uuid': 'c5da47be-84b3-4451-8fca-349cd4dcf457', 'counter': 122, 'stdout': '  -u REMOTE_USER, --user REMOTE_USER', 'start_line': 121, 'end_line': 122, 'runner_ident': '20d5beeb-a935-46b9-86af-5080d06ade47', 'created': '2025-02-28T13:16:28.544333'}
2025-02-28T13:16:28.624509+00:00 CRITICAL 'ansible_navigator.actions.run_fb80._handle_message' Unhandled message from runner queue, discarded: {'event': 'verbose', 'uuid': '31e180fe-5760-4c75-b6b4-5a3c421de227', 'counter': 123, 'stdout': '                        connect as this user (default=master)', 'start_line': 122, 'end_line': 123, 'runner_ident': '20d5beeb-a935-46b9-86af-5080d06ade47', 'created': '2025-02-28T13:16:28.544358'}
2025-02-28T13:16:28.624528+00:00 CRITICAL 'ansible_navigator.actions.run_fb80._handle_message' Unhandled message from runner queue, discarded: {'event': 'verbose', 'uuid': 'f227d638-b8a8-4dca-a3dc-e7fe679f24ee', 'counter': 124, 'stdout': '', 'start_line': 123, 'end_line': 124, 'runner_ident': '20d5beeb-a935-46b9-86af-5080d06ade47', 'created': '2025-02-28T13:16:28.544383'}
2025-02-28T13:16:28.624553+00:00 CRITICAL 'ansible_navigator.actions.run_fb80._handle_message' Unhandled message from runner queue, discarded: {'event': 'verbose', 'uuid': '85047d96-b388-4a2a-8f82-a17c6391390c', 'counter': 125, 'stdout': 'Privilege Escalation Options:', 'start_line': 124, 'end_line': 125, 'runner_ident': '20d5beeb-a935-46b9-86af-5080d06ade47', 'created': '2025-02-28T13:16:28.544408'}
2025-02-28T13:16:28.624579+00:00 CRITICAL 'ansible_navigator.actions.run_fb80._handle_message' Unhandled message from runner queue, discarded: {'event': 'verbose', 'uuid': '5ff88ab2-9b6d-4e5e-8548-2a486a3a83e4', 'counter': 126, 'stdout': '  control how and which user you become as on target hosts', 'start_line': 125, 'end_line': 126, 'runner_ident': '20d5beeb-a935-46b9-86af-5080d06ade47', 'created': '2025-02-28T13:16:28.544432'}
2025-02-28T13:16:28.624598+00:00 CRITICAL 'ansible_navigator.actions.run_fb80._handle_message' Unhandled message from runner queue, discarded: {'event': 'verbose', 'uuid': 'ca9eea76-1fa6-4b66-a3d5-6fea967d14a5', 'counter': 127, 'stdout': '', 'start_line': 126, 'end_line': 127, 'runner_ident': '20d5beeb-a935-46b9-86af-5080d06ade47', 'created': '2025-02-28T13:16:28.544454'}
2025-02-28T13:16:28.624623+00:00 CRITICAL 'ansible_navigator.actions.run_fb80._handle_message' Unhandled message from runner queue, discarded: {'event': 'verbose', 'uuid': 'c8db8a3a-23d2-421e-aedf-a86a7a022a2f', 'counter': 128, 'stdout': '  --become-method BECOME_METHOD', 'start_line': 127, 'end_line': 128, 'runner_ident': '20d5beeb-a935-46b9-86af-5080d06ade47', 'created': '2025-02-28T13:16:28.544476'}
2025-02-28T13:16:28.624649+00:00 CRITICAL 'ansible_navigator.actions.run_fb80._handle_message' Unhandled message from runner queue, discarded: {'event': 'verbose', 'uuid': '393a7d0e-09b5-4bde-8d21-d4b6240fd59d', 'counter': 129, 'stdout': '                        privilege escalation method to use (default=sudo), use', 'start_line': 128, 'end_line': 129, 'runner_ident': '20d5beeb-a935-46b9-86af-5080d06ade47', 'created': '2025-02-28T13:16:28.544499'}
2025-02-28T13:16:28.624675+00:00 CRITICAL 'ansible_navigator.actions.run_fb80._handle_message' Unhandled message from runner queue, discarded: {'event': 'verbose', 'uuid': '74d200ef-8d64-4bb4-9ec4-bfb9adb7e0e7', 'counter': 130, 'stdout': '                        `ansible-doc -t become -l` to list valid choices.', 'start_line': 129, 'end_line': 130, 'runner_ident': '20d5beeb-a935-46b9-86af-5080d06ade47', 'created': '2025-02-28T13:16:28.544521'}
2025-02-28T13:16:28.624703+00:00 CRITICAL 'ansible_navigator.actions.run_fb80._handle_message' Unhandled message from runner queue, discarded: {'event': 'verbose', 'uuid': 'fc37497b-e67c-4139-a61d-81fbd5d40d6c', 'counter': 131, 'stdout': '  --become-user BECOME_USER', 'start_line': 130, 'end_line': 131, 'runner_ident': '20d5beeb-a935-46b9-86af-5080d06ade47', 'created': '2025-02-28T13:16:28.544542'}
2025-02-28T13:16:28.624730+00:00 CRITICAL 'ansible_navigator.actions.run_fb80._handle_message' Unhandled message from runner queue, discarded: {'event': 'verbose', 'uuid': '9054ce04-7ced-4d70-9b5b-f28dc26abdb0', 'counter': 132, 'stdout': '                        run operations as this user (default=root)', 'start_line': 131, 'end_line': 132, 'runner_ident': '20d5beeb-a935-46b9-86af-5080d06ade47', 'created': '2025-02-28T13:16:28.544565'}
2025-02-28T13:16:28.624756+00:00 CRITICAL 'ansible_navigator.actions.run_fb80._handle_message' Unhandled message from runner queue, discarded: {'event': 'verbose', 'uuid': 'e9698966-79e8-4166-bc79-411a28f983ad', 'counter': 133, 'stdout': '  -b, --become          run operations with become (does not imply password', 'start_line': 132, 'end_line': 133, 'runner_ident': '20d5beeb-a935-46b9-86af-5080d06ade47', 'created': '2025-02-28T13:16:28.544587'}
2025-02-28T13:16:28.624782+00:00 CRITICAL 'ansible_navigator.actions.run_fb80._handle_message' Unhandled message from runner queue, discarded: {'event': 'verbose', 'uuid': '3bccfb37-5808-4657-a0cf-baa616356d1e', 'counter': 134, 'stdout': '                        prompting)', 'start_line': 133, 'end_line': 134, 'runner_ident': '20d5beeb-a935-46b9-86af-5080d06ade47', 'created': '2025-02-28T13:16:28.544608'}
2025-02-28T13:18:33.608002+00:00 WARNING 'ansible_navigator.run' Dirty exit, killing the pid
2025-02-28T13:18:44.908495+00:00 CRITICAL 'ansible_navigator.actions.run_4848._handle_message' Unhandled message from runner queue, discarded: {'event': 'verbose', 'uuid': '01fa0cd6-06e3-4955-aa54-cc588a04011c', 'counter': 1, 'stdout': 'usage: ansible-playbook [-h] [--version] [-v] [--private-key PRIVATE_KEY_FILE]', 'start_line': 0, 'end_line': 1, 'runner_ident': '2ad9d4e1-9f65-466a-bec4-0f2d5c0caac8', 'created': '2025-02-28T13:18:44.907560'}
2025-02-28T13:18:44.908815+00:00 CRITICAL 'ansible_navigator.actions.run_4848._handle_message' Unhandled message from runner queue, discarded: {'event': 'verbose', 'uuid': '1a6df73d-3786-4763-b57c-afbb49bef3c0', 'counter': 2, 'stdout': '                        [-u REMOTE_USER] [-c CONNECTION] [-T TIMEOUT]', 'start_line': 1, 'end_line': 2, 'runner_ident': '2ad9d4e1-9f65-466a-bec4-0f2d5c0caac8', 'created': '2025-02-28T13:18:44.907687'}
2025-02-28T13:18:44.908854+00:00 CRITICAL 'ansible_navigator.actions.run_4848._handle_message' Unhandled message from runner queue, discarded: {'event': 'verbose', 'uuid': '6a117cca-85ed-4ecf-8285-996848d9083c', 'counter': 3, 'stdout': '                        [--ssh-common-args SSH_COMMON_ARGS]', 'start_line': 2, 'end_line': 3, 'runner_ident': '2ad9d4e1-9f65-466a-bec4-0f2d5c0caac8', 'created': '2025-02-28T13:18:44.907717'}
2025-02-28T13:18:44.908881+00:00 CRITICAL 'ansible_navigator.actions.run_4848._handle_message' Unhandled message from runner queue, discarded: {'event': 'verbose', 'uuid': 'a44dadd4-dd56-40ec-9ccb-9f5953302858', 'counter': 4, 'stdout': '                        [--sftp-extra-args SFTP_EXTRA_ARGS]', 'start_line': 3, 'end_line': 4, 'runner_ident': '2ad9d4e1-9f65-466a-bec4-0f2d5c0caac8', 'created': '2025-02-28T13:18:44.907744'}
2025-02-28T13:18:44.908906+00:00 CRITICAL 'ansible_navigator.actions.run_4848._handle_message' Unhandled message from runner queue, discarded: {'event': 'verbose', 'uuid': '0b01424f-c19b-4767-98de-310ce5cd8407', 'counter': 5, 'stdout': '                        [--scp-extra-args SCP_EXTRA_ARGS]', 'start_line': 4, 'end_line': 5, 'runner_ident': '2ad9d4e1-9f65-466a-bec4-0f2d5c0caac8', 'created': '2025-02-28T13:18:44.907769'}
2025-02-28T13:18:44.908933+00:00 CRITICAL 'ansible_navigator.actions.run_4848._handle_message' Unhandled message from runner queue, discarded: {'event': 'verbose', 'uuid': '1e37eb8e-a35a-41e2-9fdb-23bbd8e9a7ea', 'counter': 6, 'stdout': '                        [--ssh-extra-args SSH_EXTRA_ARGS]', 'start_line': 5, 'end_line': 6, 'runner_ident': '2ad9d4e1-9f65-466a-bec4-0f2d5c0caac8', 'created': '2025-02-28T13:18:44.907796'}
2025-02-28T13:18:44.908967+00:00 CRITICAL 'ansible_navigator.actions.run_4848._handle_message' Unhandled message from runner queue, discarded: {'event': 'verbose', 'uuid': 'cbf41ab4-1db0-4a97-a5e8-789c78673335', 'counter': 7, 'stdout': '                        [-k | --connection-password-file CONNECTION_PASSWORD_FILE]', 'start_line': 6, 'end_line': 7, 'runner_ident': '2ad9d4e1-9f65-466a-bec4-0f2d5c0caac8', 'created': '2025-02-28T13:18:44.907820'}
2025-02-28T13:18:44.908999+00:00 CRITICAL 'ansible_navigator.actions.run_4848._handle_message' Unhandled message from runner queue, discarded: {'event': 'verbose', 'uuid': '8f376894-5a60-4c18-bb2b-8441c893345b', 'counter': 8, 'stdout': '                        [--force-handlers] [--flush-cache] [-b]', 'start_line': 7, 'end_line': 8, 'runner_ident': '2ad9d4e1-9f65-466a-bec4-0f2d5c0caac8', 'created': '2025-02-28T13:18:44.907844'}
2025-02-28T13:18:44.909027+00:00 CRITICAL 'ansible_navigator.actions.run_4848._handle_message' Unhandled message from runner queue, discarded: {'event': 'verbose', 'uuid': 'e47fb7e4-745f-4f08-8e05-33a54bea27dc', 'counter': 9, 'stdout': '                        [--become-method BECOME_METHOD]', 'start_line': 8, 'end_line': 9, 'runner_ident': '2ad9d4e1-9f65-466a-bec4-0f2d5c0caac8', 'created': '2025-02-28T13:18:44.907867'}
2025-02-28T13:18:44.909055+00:00 CRITICAL 'ansible_navigator.actions.run_4848._handle_message' Unhandled message from runner queue, discarded: {'event': 'verbose', 'uuid': '64b4046a-4de5-497d-95d1-7f74fdeac33f', 'counter': 10, 'stdout': '                        [--become-user BECOME_USER]', 'start_line': 9, 'end_line': 10, 'runner_ident': '2ad9d4e1-9f65-466a-bec4-0f2d5c0caac8', 'created': '2025-02-28T13:18:44.907889'}
2025-02-28T13:18:44.909082+00:00 CRITICAL 'ansible_navigator.actions.run_4848._handle_message' Unhandled message from runner queue, discarded: {'event': 'verbose', 'uuid': '429f0930-5f59-4718-aec5-2f5a6b80848d', 'counter': 11, 'stdout': '                        [-K | --become-password-file BECOME_PASSWORD_FILE]', 'start_line': 10, 'end_line': 11, 'runner_ident': '2ad9d4e1-9f65-466a-bec4-0f2d5c0caac8', 'created': '2025-02-28T13:18:44.907912'}
2025-02-28T13:18:44.909105+00:00 CRITICAL 'ansible_navigator.actions.run_4848._handle_message' Unhandled message from runner queue, discarded: {'event': 'verbose', 'uuid': '79370fbd-d45a-498b-a8ae-527f527dc3af', 'counter': 12, 'stdout': '                        [-t TAGS] [--skip-tags SKIP_TAGS] [-C]', 'start_line': 11, 'end_line': 12, 'runner_ident': '2ad9d4e1-9f65-466a-bec4-0f2d5c0caac8', 'created': '2025-02-28T13:18:44.907935'}
2025-02-28T13:18:44.909128+00:00 CRITICAL 'ansible_navigator.actions.run_4848._handle_message' Unhandled message from runner queue, discarded: {'event': 'verbose', 'uuid': 'ed48e980-5d0b-4edd-8d36-519fcb79ac8e', 'counter': 13, 'stdout': '                        [--syntax-check] [-D] [-i INVENTORY] [--list-hosts]', 'start_line': 12, 'end_line': 13, 'runner_ident': '2ad9d4e1-9f65-466a-bec4-0f2d5c0caac8', 'created': '2025-02-28T13:18:44.907958'}
2025-02-28T13:18:44.909151+00:00 CRITICAL 'ansible_navigator.actions.run_4848._handle_message' Unhandled message from runner queue, discarded: {'event': 'verbose', 'uuid': '59b86912-f376-4263-87a2-bef85b49c95a', 'counter': 14, 'stdout': '                        [-l SUBSET] [-e EXTRA_VARS] [--vault-id VAULT_IDS]', 'start_line': 13, 'end_line': 14, 'runner_ident': '2ad9d4e1-9f65-466a-bec4-0f2d5c0caac8', 'created': '2025-02-28T13:18:44.907981'}
2025-02-28T13:18:44.909177+00:00 CRITICAL 'ansible_navigator.actions.run_4848._handle_message' Unhandled message from runner queue, discarded: {'event': 'verbose', 'uuid': 'd28325be-51f1-4451-9cf1-cbd4f1829029', 'counter': 15, 'stdout': '                        [--ask-vault-password | --vault-password-file VAULT_PASSWORD_FILES]', 'start_line': 14, 'end_line': 15, 'runner_ident': '2ad9d4e1-9f65-466a-bec4-0f2d5c0caac8', 'created': '2025-02-28T13:18:44.908016'}
2025-02-28T13:18:44.909201+00:00 CRITICAL 'ansible_navigator.actions.run_4848._handle_message' Unhandled message from runner queue, discarded: {'event': 'verbose', 'uuid': '42cc5c95-1f46-4c90-b656-cab854ccbde1', 'counter': 16, 'stdout': '                        [-f FORKS] [-M MODULE_PATH] [--list-tasks]', 'start_line': 15, 'end_line': 16, 'runner_ident': '2ad9d4e1-9f65-466a-bec4-0f2d5c0caac8', 'created': '2025-02-28T13:18:44.908042'}
2025-02-28T13:18:44.909223+00:00 CRITICAL 'ansible_navigator.actions.run_4848._handle_message' Unhandled message from runner queue, discarded: {'event': 'verbose', 'uuid': '389693b4-6385-45a2-8b4d-3b0af632190b', 'counter': 17, 'stdout': '                        [--list-tags] [--step] [--start-at-task START_AT_TASK]', 'start_line': 16, 'end_line': 17, 'runner_ident': '2ad9d4e1-9f65-466a-bec4-0f2d5c0caac8', 'created': '2025-02-28T13:18:44.908068'}
2025-02-28T13:18:44.909246+00:00 CRITICAL 'ansible_navigator.actions.run_4848._handle_message' Unhandled message from runner queue, discarded: {'event': 'verbose', 'uuid': 'a72af6ee-c33e-4a0d-8456-73c77a4be645', 'counter': 18, 'stdout': '                        playbook [playbook ...]', 'start_line': 17, 'end_line': 18, 'runner_ident': '2ad9d4e1-9f65-466a-bec4-0f2d5c0caac8', 'created': '2025-02-28T13:18:44.908093'}
2025-02-28T13:18:44.909269+00:00 CRITICAL 'ansible_navigator.actions.run_4848._handle_message' Unhandled message from runner queue, discarded: {'event': 'verbose', 'uuid': '0a60fc9b-8cc4-4996-892c-85187a9f8a71', 'counter': 19, 'stdout': 'ansible-playbook: error: unrecognized arguments: -syntax-check', 'start_line': 18, 'end_line': 19, 'runner_ident': '2ad9d4e1-9f65-466a-bec4-0f2d5c0caac8', 'created': '2025-02-28T13:18:44.908120'}
2025-02-28T13:18:44.909292+00:00 CRITICAL 'ansible_navigator.actions.run_4848._handle_message' Unhandled message from runner queue, discarded: {'event': 'verbose', 'uuid': 'e35e42f8-011e-4072-8609-dc86e3603c2a', 'counter': 20, 'stdout': ' ', 'start_line': 19, 'end_line': 20, 'runner_ident': '2ad9d4e1-9f65-466a-bec4-0f2d5c0caac8', 'created': '2025-02-28T13:18:44.908144'}
2025-02-28T13:18:44.909316+00:00 CRITICAL 'ansible_navigator.actions.run_4848._handle_message' Unhandled message from runner queue, discarded: {'event': 'verbose', 'uuid': '58293142-5958-4bc5-8977-d4f59bba3ef1', 'counter': 21, 'stdout': 'usage: ansible-playbook [-h] [--version] [-v] [--private-key PRIVATE_KEY_FILE]', 'start_line': 20, 'end_line': 21, 'runner_ident': '2ad9d4e1-9f65-466a-bec4-0f2d5c0caac8', 'created': '2025-02-28T13:18:44.908167'}
2025-02-28T13:18:44.909339+00:00 CRITICAL 'ansible_navigator.actions.run_4848._handle_message' Unhandled message from runner queue, discarded: {'event': 'verbose', 'uuid': 'ebb43fba-4cba-4d29-a2a6-ea6f3e00fd79', 'counter': 22, 'stdout': '                        [-u REMOTE_USER] [-c CONNECTION] [-T TIMEOUT]', 'start_line': 21, 'end_line': 22, 'runner_ident': '2ad9d4e1-9f65-466a-bec4-0f2d5c0caac8', 'created': '2025-02-28T13:18:44.908189'}
2025-02-28T13:18:44.909362+00:00 CRITICAL 'ansible_navigator.actions.run_4848._handle_message' Unhandled message from runner queue, discarded: {'event': 'verbose', 'uuid': '95f65d7b-c41b-4534-b610-c4ae47aa09e5', 'counter': 23, 'stdout': '                        [--ssh-common-args SSH_COMMON_ARGS]', 'start_line': 22, 'end_line': 23, 'runner_ident': '2ad9d4e1-9f65-466a-bec4-0f2d5c0caac8', 'created': '2025-02-28T13:18:44.908212'}
2025-02-28T13:18:44.909386+00:00 CRITICAL 'ansible_navigator.actions.run_4848._handle_message' Unhandled message from runner queue, discarded: {'event': 'verbose', 'uuid': 'edfe2a3e-4001-4889-b24d-677076a675fb', 'counter': 24, 'stdout': '                        [--sftp-extra-args SFTP_EXTRA_ARGS]', 'start_line': 23, 'end_line': 24, 'runner_ident': '2ad9d4e1-9f65-466a-bec4-0f2d5c0caac8', 'created': '2025-02-28T13:18:44.908235'}
2025-02-28T13:18:44.909411+00:00 CRITICAL 'ansible_navigator.actions.run_4848._handle_message' Unhandled message from runner queue, discarded: {'event': 'verbose', 'uuid': '3a24afb9-fd47-4c56-9408-eb6ec38744d6', 'counter': 25, 'stdout': '                        [--scp-extra-args SCP_EXTRA_ARGS]', 'start_line': 24, 'end_line': 25, 'runner_ident': '2ad9d4e1-9f65-466a-bec4-0f2d5c0caac8', 'created': '2025-02-28T13:18:44.908258'}
2025-02-28T13:18:44.909434+00:00 CRITICAL 'ansible_navigator.actions.run_4848._handle_message' Unhandled message from runner queue, discarded: {'event': 'verbose', 'uuid': '13cb7d16-8006-47e5-9933-6fedc61d641b', 'counter': 26, 'stdout': '                        [--ssh-extra-args SSH_EXTRA_ARGS]', 'start_line': 25, 'end_line': 26, 'runner_ident': '2ad9d4e1-9f65-466a-bec4-0f2d5c0caac8', 'created': '2025-02-28T13:18:44.908280'}
2025-02-28T13:18:44.909458+00:00 CRITICAL 'ansible_navigator.actions.run_4848._handle_message' Unhandled message from runner queue, discarded: {'event': 'verbose', 'uuid': 'da6de9de-a43c-4ed3-b003-f9e55662840b', 'counter': 27, 'stdout': '                        [-k | --connection-password-file CONNECTION_PASSWORD_FILE]', 'start_line': 26, 'end_line': 27, 'runner_ident': '2ad9d4e1-9f65-466a-bec4-0f2d5c0caac8', 'created': '2025-02-28T13:18:44.908303'}
2025-02-28T13:18:44.909481+00:00 CRITICAL 'ansible_navigator.actions.run_4848._handle_message' Unhandled message from runner queue, discarded: {'event': 'verbose', 'uuid': 'd7ea5a7e-40e7-4ab6-82ab-72f3ca1b727c', 'counter': 28, 'stdout': '                        [--force-handlers] [--flush-cache] [-b]', 'start_line': 27, 'end_line': 28, 'runner_ident': '2ad9d4e1-9f65-466a-bec4-0f2d5c0caac8', 'created': '2025-02-28T13:18:44.908325'}
2025-02-28T13:18:44.909504+00:00 CRITICAL 'ansible_navigator.actions.run_4848._handle_message' Unhandled message from runner queue, discarded: {'event': 'verbose', 'uuid': '5ef71c43-6404-4572-867a-fe279d63aada', 'counter': 29, 'stdout': '                        [--become-method BECOME_METHOD]', 'start_line': 28, 'end_line': 29, 'runner_ident': '2ad9d4e1-9f65-466a-bec4-0f2d5c0caac8', 'created': '2025-02-28T13:18:44.908352'}
2025-02-28T13:18:44.909528+00:00 CRITICAL 'ansible_navigator.actions.run_4848._handle_message' Unhandled message from runner queue, discarded: {'event': 'verbose', 'uuid': 'c4753bc9-2451-4e9b-93fb-12681d3c252b', 'counter': 30, 'stdout': '                        [--become-user BECOME_USER]', 'start_line': 29, 'end_line': 30, 'runner_ident': '2ad9d4e1-9f65-466a-bec4-0f2d5c0caac8', 'created': '2025-02-28T13:18:44.908374'}
2025-02-28T13:18:45.013664+00:00 CRITICAL 'ansible_navigator.actions.run_4848._handle_message' Unhandled message from runner queue, discarded: {'event': 'verbose', 'uuid': '55a43ae8-014e-45dd-9453-9b1e1d5bbd40', 'counter': 31, 'stdout': '                        [-K | --become-password-file BECOME_PASSWORD_FILE]', 'start_line': 30, 'end_line': 31, 'runner_ident': '2ad9d4e1-9f65-466a-bec4-0f2d5c0caac8', 'created': '2025-02-28T13:18:44.910663'}
2025-02-28T13:18:45.013768+00:00 CRITICAL 'ansible_navigator.actions.run_4848._handle_message' Unhandled message from runner queue, discarded: {'event': 'verbose', 'uuid': '0e165ace-9a40-4701-a053-5d3367c48701', 'counter': 32, 'stdout': '                        [-t TAGS] [--skip-tags SKIP_TAGS] [-C]', 'start_line': 31, 'end_line': 32, 'runner_ident': '2ad9d4e1-9f65-466a-bec4-0f2d5c0caac8', 'created': '2025-02-28T13:18:44.910720'}
2025-02-28T13:18:45.013802+00:00 CRITICAL 'ansible_navigator.actions.run_4848._handle_message' Unhandled message from runner queue, discarded: {'event': 'verbose', 'uuid': 'b55fc378-7fe0-403c-92ab-65f5a55f4315', 'counter': 33, 'stdout': '                        [--syntax-check] [-D] [-i INVENTORY] [--list-hosts]', 'start_line': 32, 'end_line': 33, 'runner_ident': '2ad9d4e1-9f65-466a-bec4-0f2d5c0caac8', 'created': '2025-02-28T13:18:44.910746'}
2025-02-28T13:18:45.013834+00:00 CRITICAL 'ansible_navigator.actions.run_4848._handle_message' Unhandled message from runner queue, discarded: {'event': 'verbose', 'uuid': 'b85d087f-edbd-4560-9840-7975a0cabae8', 'counter': 34, 'stdout': '                        [-l SUBSET] [-e EXTRA_VARS] [--vault-id VAULT_IDS]', 'start_line': 33, 'end_line': 34, 'runner_ident': '2ad9d4e1-9f65-466a-bec4-0f2d5c0caac8', 'created': '2025-02-28T13:18:44.910772'}
2025-02-28T13:18:45.013864+00:00 CRITICAL 'ansible_navigator.actions.run_4848._handle_message' Unhandled message from runner queue, discarded: {'event': 'verbose', 'uuid': '3eea7d50-1c21-4bc9-8f48-99c1be15466a', 'counter': 35, 'stdout': '                        [--ask-vault-password | --vault-password-file VAULT_PASSWORD_FILES]', 'start_line': 34, 'end_line': 35, 'runner_ident': '2ad9d4e1-9f65-466a-bec4-0f2d5c0caac8', 'created': '2025-02-28T13:18:44.910796'}
2025-02-28T13:18:45.013892+00:00 CRITICAL 'ansible_navigator.actions.run_4848._handle_message' Unhandled message from runner queue, discarded: {'event': 'verbose', 'uuid': 'edbe5d0c-72b3-44e1-a679-6573636465b9', 'counter': 36, 'stdout': '                        [-f FORKS] [-M MODULE_PATH] [--list-tasks]', 'start_line': 35, 'end_line': 36, 'runner_ident': '2ad9d4e1-9f65-466a-bec4-0f2d5c0caac8', 'created': '2025-02-28T13:18:44.910826'}
2025-02-28T13:18:45.013920+00:00 CRITICAL 'ansible_navigator.actions.run_4848._handle_message' Unhandled message from runner queue, discarded: {'event': 'verbose', 'uuid': 'fedbd5ee-a3f6-4363-8019-6c106ad7baa7', 'counter': 37, 'stdout': '                        [--list-tags] [--step] [--start-at-task START_AT_TASK]', 'start_line': 36, 'end_line': 37, 'runner_ident': '2ad9d4e1-9f65-466a-bec4-0f2d5c0caac8', 'created': '2025-02-28T13:18:44.910870'}
2025-02-28T13:18:45.013947+00:00 CRITICAL 'ansible_navigator.actions.run_4848._handle_message' Unhandled message from runner queue, discarded: {'event': 'verbose', 'uuid': 'cecda0b1-0440-4038-a471-bc25acfcf463', 'counter': 38, 'stdout': '                        playbook [playbook ...]', 'start_line': 37, 'end_line': 38, 'runner_ident': '2ad9d4e1-9f65-466a-bec4-0f2d5c0caac8', 'created': '2025-02-28T13:18:44.910897'}
2025-02-28T13:18:45.013969+00:00 CRITICAL 'ansible_navigator.actions.run_4848._handle_message' Unhandled message from runner queue, discarded: {'event': 'verbose', 'uuid': '6dfd4de5-e597-47ba-83e8-28b9ff7db163', 'counter': 39, 'stdout': '', 'start_line': 38, 'end_line': 39, 'runner_ident': '2ad9d4e1-9f65-466a-bec4-0f2d5c0caac8', 'created': '2025-02-28T13:18:44.910932'}
2025-02-28T13:18:45.013996+00:00 CRITICAL 'ansible_navigator.actions.run_4848._handle_message' Unhandled message from runner queue, discarded: {'event': 'verbose', 'uuid': 'd4451632-29b2-4e44-86c9-03036fd51257', 'counter': 40, 'stdout': 'Runs Ansible playbooks, executing the defined tasks on the targeted hosts.', 'start_line': 39, 'end_line': 40, 'runner_ident': '2ad9d4e1-9f65-466a-bec4-0f2d5c0caac8', 'created': '2025-02-28T13:18:44.910954'}
2025-02-28T13:18:45.014016+00:00 CRITICAL 'ansible_navigator.actions.run_4848._handle_message' Unhandled message from runner queue, discarded: {'event': 'verbose', 'uuid': '5403c4a9-d80d-496a-bec2-dc43a7ec4d4c', 'counter': 41, 'stdout': '', 'start_line': 40, 'end_line': 41, 'runner_ident': '2ad9d4e1-9f65-466a-bec4-0f2d5c0caac8', 'created': '2025-02-28T13:18:44.911054'}
2025-02-28T13:18:45.014044+00:00 CRITICAL 'ansible_navigator.actions.run_4848._handle_message' Unhandled message from runner queue, discarded: {'event': 'verbose', 'uuid': 'db1fc55e-93cb-4044-a3fc-44050bebb1db', 'counter': 42, 'stdout': 'positional arguments:', 'start_line': 41, 'end_line': 42, 'runner_ident': '2ad9d4e1-9f65-466a-bec4-0f2d5c0caac8', 'created': '2025-02-28T13:18:44.911087'}
2025-02-28T13:18:45.014071+00:00 CRITICAL 'ansible_navigator.actions.run_4848._handle_message' Unhandled message from runner queue, discarded: {'event': 'verbose', 'uuid': '233dfdaf-e026-441b-a4ae-be8d33207e3f', 'counter': 43, 'stdout': '  playbook              Playbook(s)', 'start_line': 42, 'end_line': 43, 'runner_ident': '2ad9d4e1-9f65-466a-bec4-0f2d5c0caac8', 'created': '2025-02-28T13:18:44.911111'}
2025-02-28T13:18:45.014092+00:00 CRITICAL 'ansible_navigator.actions.run_4848._handle_message' Unhandled message from runner queue, discarded: {'event': 'verbose', 'uuid': '9b5e8d1b-7240-4b83-af07-32cf22cd153d', 'counter': 44, 'stdout': '', 'start_line': 43, 'end_line': 44, 'runner_ident': '2ad9d4e1-9f65-466a-bec4-0f2d5c0caac8', 'created': '2025-02-28T13:18:44.911134'}
2025-02-28T13:18:45.014120+00:00 CRITICAL 'ansible_navigator.actions.run_4848._handle_message' Unhandled message from runner queue, discarded: {'event': 'verbose', 'uuid': 'a7806089-3b8d-42fc-b526-b18159745ec5', 'counter': 45, 'stdout': 'optional arguments:', 'start_line': 44, 'end_line': 45, 'runner_ident': '2ad9d4e1-9f65-466a-bec4-0f2d5c0caac8', 'created': '2025-02-28T13:18:44.911158'}
2025-02-28T13:18:45.014147+00:00 CRITICAL 'ansible_navigator.actions.run_4848._handle_message' Unhandled message from runner queue, discarded: {'event': 'verbose', 'uuid': '592d2443-b333-41bf-8557-138aa10f6bd4', 'counter': 46, 'stdout': '  --ask-vault-password, --ask-vault-pass', 'start_line': 45, 'end_line': 46, 'runner_ident': '2ad9d4e1-9f65-466a-bec4-0f2d5c0caac8', 'created': '2025-02-28T13:18:44.911186'}
2025-02-28T13:18:45.014174+00:00 CRITICAL 'ansible_navigator.actions.run_4848._handle_message' Unhandled message from runner queue, discarded: {'event': 'verbose', 'uuid': 'b818db26-4b8b-400f-9311-9e3631530a86', 'counter': 47, 'stdout': '                        ask for vault password', 'start_line': 46, 'end_line': 47, 'runner_ident': '2ad9d4e1-9f65-466a-bec4-0f2d5c0caac8', 'created': '2025-02-28T13:18:44.911210'}
2025-02-28T13:18:45.014201+00:00 CRITICAL 'ansible_navigator.actions.run_4848._handle_message' Unhandled message from runner queue, discarded: {'event': 'verbose', 'uuid': 'f8946b55-e6b5-4e11-bd02-46bdef432d36', 'counter': 48, 'stdout': '  --become-password-file BECOME_PASSWORD_FILE, --become-pass-file BECOME_PASSWORD_FILE', 'start_line': 47, 'end_line': 48, 'runner_ident': '2ad9d4e1-9f65-466a-bec4-0f2d5c0caac8', 'created': '2025-02-28T13:18:44.911454'}
2025-02-28T13:18:45.014229+00:00 CRITICAL 'ansible_navigator.actions.run_4848._handle_message' Unhandled message from runner queue, discarded: {'event': 'verbose', 'uuid': 'c66219ce-e726-456d-afd7-e3ce4a7bef24', 'counter': 49, 'stdout': '                        Become password file', 'start_line': 48, 'end_line': 49, 'runner_ident': '2ad9d4e1-9f65-466a-bec4-0f2d5c0caac8', 'created': '2025-02-28T13:18:44.911487'}
2025-02-28T13:18:45.014257+00:00 CRITICAL 'ansible_navigator.actions.run_4848._handle_message' Unhandled message from runner queue, discarded: {'event': 'verbose', 'uuid': 'b750828a-800a-46e5-a42f-b6046716d280', 'counter': 50, 'stdout': '  --connection-password-file CONNECTION_PASSWORD_FILE, --conn-pass-file CONNECTION_PASSWORD_FILE', 'start_line': 49, 'end_line': 50, 'runner_ident': '2ad9d4e1-9f65-466a-bec4-0f2d5c0caac8', 'created': '2025-02-28T13:18:44.911512'}
2025-02-28T13:18:45.014288+00:00 CRITICAL 'ansible_navigator.actions.run_4848._handle_message' Unhandled message from runner queue, discarded: {'event': 'verbose', 'uuid': 'fa0e1df6-87ab-4745-b8e3-c2fa0946eaac', 'counter': 51, 'stdout': '                        Connection password file', 'start_line': 50, 'end_line': 51, 'runner_ident': '2ad9d4e1-9f65-466a-bec4-0f2d5c0caac8', 'created': '2025-02-28T13:18:44.911536'}
2025-02-28T13:18:45.014317+00:00 CRITICAL 'ansible_navigator.actions.run_4848._handle_message' Unhandled message from runner queue, discarded: {'event': 'verbose', 'uuid': 'b62cf76b-b476-4856-a007-dce4bd1a6234', 'counter': 52, 'stdout': '  --flush-cache         clear the fact cache for every host in inventory', 'start_line': 51, 'end_line': 52, 'runner_ident': '2ad9d4e1-9f65-466a-bec4-0f2d5c0caac8', 'created': '2025-02-28T13:18:44.911558'}
2025-02-28T13:18:45.014344+00:00 CRITICAL 'ansible_navigator.actions.run_4848._handle_message' Unhandled message from runner queue, discarded: {'event': 'verbose', 'uuid': 'd98cd13b-1d2c-497d-b457-5fe4d913080e', 'counter': 53, 'stdout': '  --force-handlers      run handlers even if a task fails', 'start_line': 52, 'end_line': 53, 'runner_ident': '2ad9d4e1-9f65-466a-bec4-0f2d5c0caac8', 'created': '2025-02-28T13:18:44.911581'}
2025-02-28T13:18:45.014373+00:00 CRITICAL 'ansible_navigator.actions.run_4848._handle_message' Unhandled message from runner queue, discarded: {'event': 'verbose', 'uuid': '8bdf0e02-44c1-4aea-afef-c6936cfeee43', 'counter': 54, 'stdout': '  --list-hosts          outputs a list of matching hosts; does not execute', 'start_line': 53, 'end_line': 54, 'runner_ident': '2ad9d4e1-9f65-466a-bec4-0f2d5c0caac8', 'created': '2025-02-28T13:18:44.911603'}
2025-02-28T13:18:45.014400+00:00 CRITICAL 'ansible_navigator.actions.run_4848._handle_message' Unhandled message from runner queue, discarded: {'event': 'verbose', 'uuid': '7cffcd4f-81ef-4b59-9bf4-b97b380d25c2', 'counter': 55, 'stdout': '                        anything else', 'start_line': 54, 'end_line': 55, 'runner_ident': '2ad9d4e1-9f65-466a-bec4-0f2d5c0caac8', 'created': '2025-02-28T13:18:44.911626'}
2025-02-28T13:18:45.014426+00:00 CRITICAL 'ansible_navigator.actions.run_4848._handle_message' Unhandled message from runner queue, discarded: {'event': 'verbose', 'uuid': 'b77c701e-713a-4c38-aba4-30220ccf489e', 'counter': 56, 'stdout': '  --list-tags           list all available tags', 'start_line': 55, 'end_line': 56, 'runner_ident': '2ad9d4e1-9f65-466a-bec4-0f2d5c0caac8', 'created': '2025-02-28T13:18:44.911648'}
2025-02-28T13:18:45.014454+00:00 CRITICAL 'ansible_navigator.actions.run_4848._handle_message' Unhandled message from runner queue, discarded: {'event': 'verbose', 'uuid': 'ecd84281-cbe1-4e9a-967a-de5d26fb2a86', 'counter': 57, 'stdout': '  --list-tasks          list all tasks that would be executed', 'start_line': 56, 'end_line': 57, 'runner_ident': '2ad9d4e1-9f65-466a-bec4-0f2d5c0caac8', 'created': '2025-02-28T13:18:44.911670'}
2025-02-28T13:18:45.014481+00:00 CRITICAL 'ansible_navigator.actions.run_4848._handle_message' Unhandled message from runner queue, discarded: {'event': 'verbose', 'uuid': '5117e26e-8670-41c9-9782-f2571524f1df', 'counter': 58, 'stdout': '  --skip-tags SKIP_TAGS', 'start_line': 57, 'end_line': 58, 'runner_ident': '2ad9d4e1-9f65-466a-bec4-0f2d5c0caac8', 'created': '2025-02-28T13:18:44.911692'}
2025-02-28T13:18:45.014507+00:00 CRITICAL 'ansible_navigator.actions.run_4848._handle_message' Unhandled message from runner queue, discarded: {'event': 'verbose', 'uuid': '112ea53a-3b7f-4fe9-81b5-e423771cc8ba', 'counter': 59, 'stdout': '                        only run plays and tasks whose tags do not match these', 'start_line': 58, 'end_line': 59, 'runner_ident': '2ad9d4e1-9f65-466a-bec4-0f2d5c0caac8', 'created': '2025-02-28T13:18:44.911714'}
2025-02-28T13:18:45.014533+00:00 CRITICAL 'ansible_navigator.actions.run_4848._handle_message' Unhandled message from runner queue, discarded: {'event': 'verbose', 'uuid': 'ddc1d383-d03c-4668-a1a7-4356100c67c2', 'counter': 60, 'stdout': '                        values', 'start_line': 59, 'end_line': 60, 'runner_ident': '2ad9d4e1-9f65-466a-bec4-0f2d5c0caac8', 'created': '2025-02-28T13:18:44.911736'}
2025-02-28T13:18:45.014560+00:00 CRITICAL 'ansible_navigator.actions.run_4848._handle_message' Unhandled message from runner queue, discarded: {'event': 'verbose', 'uuid': '4ad323fd-e014-444d-b7d0-818437f82673', 'counter': 61, 'stdout': '  --start-at-task START_AT_TASK', 'start_line': 60, 'end_line': 61, 'runner_ident': '2ad9d4e1-9f65-466a-bec4-0f2d5c0caac8', 'created': '2025-02-28T13:18:44.911757'}
2025-02-28T13:18:45.014586+00:00 CRITICAL 'ansible_navigator.actions.run_4848._handle_message' Unhandled message from runner queue, discarded: {'event': 'verbose', 'uuid': '2d8517c3-279c-4052-9d5e-f91c7ebf7a77', 'counter': 62, 'stdout': '                        start the playbook at the task matching this name', 'start_line': 61, 'end_line': 62, 'runner_ident': '2ad9d4e1-9f65-466a-bec4-0f2d5c0caac8', 'created': '2025-02-28T13:18:44.911781'}
2025-02-28T13:18:45.014615+00:00 CRITICAL 'ansible_navigator.actions.run_4848._handle_message' Unhandled message from runner queue, discarded: {'event': 'verbose', 'uuid': 'e1d453ef-a007-4dc0-86df-be7e91ce52d0', 'counter': 63, 'stdout': '  --step                one-step-at-a-time: confirm each task before running', 'start_line': 62, 'end_line': 63, 'runner_ident': '2ad9d4e1-9f65-466a-bec4-0f2d5c0caac8', 'created': '2025-02-28T13:18:44.911830'}
2025-02-28T13:18:45.014644+00:00 CRITICAL 'ansible_navigator.actions.run_4848._handle_message' Unhandled message from runner queue, discarded: {'event': 'verbose', 'uuid': '378e4349-f5bf-407c-8c62-25d307f6f51f', 'counter': 64, 'stdout': '  --syntax-check        perform a syntax check on the playbook, but do not', 'start_line': 63, 'end_line': 64, 'runner_ident': '2ad9d4e1-9f65-466a-bec4-0f2d5c0caac8', 'created': '2025-02-28T13:18:44.911856'}
2025-02-28T13:18:45.014682+00:00 CRITICAL 'ansible_navigator.actions.run_4848._handle_message' Unhandled message from runner queue, discarded: {'event': 'verbose', 'uuid': 'd3d792ae-18e9-4fc7-9228-abb26419dd41', 'counter': 65, 'stdout': '                        execute it', 'start_line': 64, 'end_line': 65, 'runner_ident': '2ad9d4e1-9f65-466a-bec4-0f2d5c0caac8', 'created': '2025-02-28T13:18:44.911881'}
2025-02-28T13:18:45.014727+00:00 CRITICAL 'ansible_navigator.actions.run_4848._handle_message' Unhandled message from runner queue, discarded: {'event': 'verbose', 'uuid': 'f712f5e7-6673-42ac-bf68-c493e31dbcaa', 'counter': 66, 'stdout': '  --vault-id VAULT_IDS  the vault identity to use', 'start_line': 65, 'end_line': 66, 'runner_ident': '2ad9d4e1-9f65-466a-bec4-0f2d5c0caac8', 'created': '2025-02-28T13:18:44.911907'}
2025-02-28T13:18:45.014773+00:00 CRITICAL 'ansible_navigator.actions.run_4848._handle_message' Unhandled message from runner queue, discarded: {'event': 'verbose', 'uuid': '090a08cc-9f8d-4e2d-828e-66cce5954e2d', 'counter': 67, 'stdout': '  --vault-password-file VAULT_PASSWORD_FILES, --vault-pass-file VAULT_PASSWORD_FILES', 'start_line': 66, 'end_line': 67, 'runner_ident': '2ad9d4e1-9f65-466a-bec4-0f2d5c0caac8', 'created': '2025-02-28T13:18:44.911933'}
2025-02-28T13:18:45.014807+00:00 CRITICAL 'ansible_navigator.actions.run_4848._handle_message' Unhandled message from runner queue, discarded: {'event': 'verbose', 'uuid': '7ea2216d-2bb1-4388-ac41-6ac79a78e58f', 'counter': 68, 'stdout': '                        vault password file', 'start_line': 67, 'end_line': 68, 'runner_ident': '2ad9d4e1-9f65-466a-bec4-0f2d5c0caac8', 'created': '2025-02-28T13:18:44.912317'}
2025-02-28T13:18:45.014836+00:00 CRITICAL 'ansible_navigator.actions.run_4848._handle_message' Unhandled message from runner queue, discarded: {'event': 'verbose', 'uuid': '7d2763b8-5ff0-47d3-b906-cfa1094f290a', 'counter': 69, 'stdout': "  --version             show program's version number, config file location,", 'start_line': 68, 'end_line': 69, 'runner_ident': '2ad9d4e1-9f65-466a-bec4-0f2d5c0caac8', 'created': '2025-02-28T13:18:44.912359'}
2025-02-28T13:18:45.014864+00:00 CRITICAL 'ansible_navigator.actions.run_4848._handle_message' Unhandled message from runner queue, discarded: {'event': 'verbose', 'uuid': '8ba5c1a3-d6f8-4a3f-adcc-e29242a173a6', 'counter': 70, 'stdout': '                        configured module search path, module location,', 'start_line': 69, 'end_line': 70, 'runner_ident': '2ad9d4e1-9f65-466a-bec4-0f2d5c0caac8', 'created': '2025-02-28T13:18:44.912389'}
2025-02-28T13:18:45.014892+00:00 CRITICAL 'ansible_navigator.actions.run_4848._handle_message' Unhandled message from runner queue, discarded: {'event': 'verbose', 'uuid': 'eaf82d62-6cf9-4b84-a150-d88069649af3', 'counter': 71, 'stdout': '                        executable location and exit', 'start_line': 70, 'end_line': 71, 'runner_ident': '2ad9d4e1-9f65-466a-bec4-0f2d5c0caac8', 'created': '2025-02-28T13:18:44.912415'}
2025-02-28T13:18:45.014920+00:00 CRITICAL 'ansible_navigator.actions.run_4848._handle_message' Unhandled message from runner queue, discarded: {'event': 'verbose', 'uuid': '2a5f1088-d1ea-43b7-9953-410446d0afa7', 'counter': 72, 'stdout': "  -C, --check           don't make any changes; instead, try to predict some", 'start_line': 71, 'end_line': 72, 'runner_ident': '2ad9d4e1-9f65-466a-bec4-0f2d5c0caac8', 'created': '2025-02-28T13:18:44.912439'}
2025-02-28T13:18:45.014951+00:00 CRITICAL 'ansible_navigator.actions.run_4848._handle_message' Unhandled message from runner queue, discarded: {'event': 'verbose', 'uuid': '4a4dd191-6809-44c4-9239-9a561b131bac', 'counter': 73, 'stdout': '                        of the changes that may occur', 'start_line': 72, 'end_line': 73, 'runner_ident': '2ad9d4e1-9f65-466a-bec4-0f2d5c0caac8', 'created': '2025-02-28T13:18:44.912462'}
2025-02-28T13:18:45.014979+00:00 CRITICAL 'ansible_navigator.actions.run_4848._handle_message' Unhandled message from runner queue, discarded: {'event': 'verbose', 'uuid': '98c4ec7f-8814-4af2-8ec6-3081c836449b', 'counter': 74, 'stdout': '  -D, --diff            when changing (small) files and templates, show the', 'start_line': 73, 'end_line': 74, 'runner_ident': '2ad9d4e1-9f65-466a-bec4-0f2d5c0caac8', 'created': '2025-02-28T13:18:44.912485'}
2025-02-28T13:18:45.015006+00:00 CRITICAL 'ansible_navigator.actions.run_4848._handle_message' Unhandled message from runner queue, discarded: {'event': 'verbose', 'uuid': '467f4d46-b7a2-4685-8d4b-821e801d4d1f', 'counter': 75, 'stdout': '                        differences in those files; works great with --check', 'start_line': 74, 'end_line': 75, 'runner_ident': '2ad9d4e1-9f65-466a-bec4-0f2d5c0caac8', 'created': '2025-02-28T13:18:44.912507'}
2025-02-28T13:18:45.015033+00:00 CRITICAL 'ansible_navigator.actions.run_4848._handle_message' Unhandled message from runner queue, discarded: {'event': 'verbose', 'uuid': 'c4cf88f2-34d0-4497-9267-c29a93f24310', 'counter': 76, 'stdout': '  -K, --ask-become-pass', 'start_line': 75, 'end_line': 76, 'runner_ident': '2ad9d4e1-9f65-466a-bec4-0f2d5c0caac8', 'created': '2025-02-28T13:18:44.912530'}
2025-02-28T13:18:45.015060+00:00 CRITICAL 'ansible_navigator.actions.run_4848._handle_message' Unhandled message from runner queue, discarded: {'event': 'verbose', 'uuid': '4c129bad-8ca0-4a41-a575-6ee7b2f0ee94', 'counter': 77, 'stdout': '                        ask for privilege escalation password', 'start_line': 76, 'end_line': 77, 'runner_ident': '2ad9d4e1-9f65-466a-bec4-0f2d5c0caac8', 'created': '2025-02-28T13:18:44.912553'}
2025-02-28T13:18:45.015087+00:00 CRITICAL 'ansible_navigator.actions.run_4848._handle_message' Unhandled message from runner queue, discarded: {'event': 'verbose', 'uuid': '856d1bf6-d45e-435a-95eb-53c0c9c0f277', 'counter': 78, 'stdout': '  -M MODULE_PATH, --module-path MODULE_PATH', 'start_line': 77, 'end_line': 78, 'runner_ident': '2ad9d4e1-9f65-466a-bec4-0f2d5c0caac8', 'created': '2025-02-28T13:18:44.912575'}
2025-02-28T13:18:45.015113+00:00 CRITICAL 'ansible_navigator.actions.run_4848._handle_message' Unhandled message from runner queue, discarded: {'event': 'verbose', 'uuid': '1012fcf7-628a-417c-82b0-a020b31775fa', 'counter': 79, 'stdout': '                        prepend colon-separated path(s) to module library (def', 'start_line': 78, 'end_line': 79, 'runner_ident': '2ad9d4e1-9f65-466a-bec4-0f2d5c0caac8', 'created': '2025-02-28T13:18:44.912597'}
2025-02-28T13:18:45.015141+00:00 CRITICAL 'ansible_navigator.actions.run_4848._handle_message' Unhandled message from runner queue, discarded: {'event': 'verbose', 'uuid': 'eedb561d-8df8-4812-b68a-0a360f314d98', 'counter': 80, 'stdout': '                        ault=~/.ansible/plugins/modules:/usr/share/ansible/plu', 'start_line': 79, 'end_line': 80, 'runner_ident': '2ad9d4e1-9f65-466a-bec4-0f2d5c0caac8', 'created': '2025-02-28T13:18:44.912619'}
2025-02-28T13:18:45.015167+00:00 CRITICAL 'ansible_navigator.actions.run_4848._handle_message' Unhandled message from runner queue, discarded: {'event': 'verbose', 'uuid': '44e98a88-4643-4724-a156-ff0a30be4fc6', 'counter': 81, 'stdout': '                        gins/modules)', 'start_line': 80, 'end_line': 81, 'runner_ident': '2ad9d4e1-9f65-466a-bec4-0f2d5c0caac8', 'created': '2025-02-28T13:18:44.912642'}
2025-02-28T13:18:45.015195+00:00 CRITICAL 'ansible_navigator.actions.run_4848._handle_message' Unhandled message from runner queue, discarded: {'event': 'verbose', 'uuid': '740e67fd-7b36-4370-80bd-6be084783e18', 'counter': 82, 'stdout': '  -e EXTRA_VARS, --extra-vars EXTRA_VARS', 'start_line': 81, 'end_line': 82, 'runner_ident': '2ad9d4e1-9f65-466a-bec4-0f2d5c0caac8', 'created': '2025-02-28T13:18:44.912664'}
2025-02-28T13:18:45.015221+00:00 CRITICAL 'ansible_navigator.actions.run_4848._handle_message' Unhandled message from runner queue, discarded: {'event': 'verbose', 'uuid': '7176c75c-98c6-4a74-9ec1-938eb41f001b', 'counter': 83, 'stdout': '                        set additional variables as key=value or YAML/JSON, if', 'start_line': 82, 'end_line': 83, 'runner_ident': '2ad9d4e1-9f65-466a-bec4-0f2d5c0caac8', 'created': '2025-02-28T13:18:44.912688'}
2025-02-28T13:18:45.015247+00:00 CRITICAL 'ansible_navigator.actions.run_4848._handle_message' Unhandled message from runner queue, discarded: {'event': 'verbose', 'uuid': '9f6f4461-65c3-4f4c-9b46-162f794b1a48', 'counter': 84, 'stdout': '                        filename prepend with @', 'start_line': 83, 'end_line': 84, 'runner_ident': '2ad9d4e1-9f65-466a-bec4-0f2d5c0caac8', 'created': '2025-02-28T13:18:44.912710'}
2025-02-28T13:18:45.015274+00:00 CRITICAL 'ansible_navigator.actions.run_4848._handle_message' Unhandled message from runner queue, discarded: {'event': 'verbose', 'uuid': 'ae517901-9e8b-4b68-b849-3a4dceff2572', 'counter': 85, 'stdout': '  -f FORKS, --forks FORKS', 'start_line': 84, 'end_line': 85, 'runner_ident': '2ad9d4e1-9f65-466a-bec4-0f2d5c0caac8', 'created': '2025-02-28T13:18:44.912732'}
2025-02-28T13:18:45.015301+00:00 CRITICAL 'ansible_navigator.actions.run_4848._handle_message' Unhandled message from runner queue, discarded: {'event': 'verbose', 'uuid': 'bdf25f61-40b2-4c10-abac-fa02259e37da', 'counter': 86, 'stdout': '                        specify number of parallel processes to use', 'start_line': 85, 'end_line': 86, 'runner_ident': '2ad9d4e1-9f65-466a-bec4-0f2d5c0caac8', 'created': '2025-02-28T13:18:44.912756'}
2025-02-28T13:18:45.015327+00:00 CRITICAL 'ansible_navigator.actions.run_4848._handle_message' Unhandled message from runner queue, discarded: {'event': 'verbose', 'uuid': 'f89d4be7-a378-441f-a027-d57519a510e0', 'counter': 87, 'stdout': '                        (default=5)', 'start_line': 86, 'end_line': 87, 'runner_ident': '2ad9d4e1-9f65-466a-bec4-0f2d5c0caac8', 'created': '2025-02-28T13:18:44.912799'}
2025-02-28T13:18:45.015353+00:00 CRITICAL 'ansible_navigator.actions.run_4848._handle_message' Unhandled message from runner queue, discarded: {'event': 'verbose', 'uuid': '421ede76-fd6d-44a5-9fc0-352888b055ea', 'counter': 88, 'stdout': '  -h, --help            show this help message and exit', 'start_line': 87, 'end_line': 88, 'runner_ident': '2ad9d4e1-9f65-466a-bec4-0f2d5c0caac8', 'created': '2025-02-28T13:18:44.912824'}
2025-02-28T13:18:45.015379+00:00 CRITICAL 'ansible_navigator.actions.run_4848._handle_message' Unhandled message from runner queue, discarded: {'event': 'verbose', 'uuid': '9e06f69b-39aa-4146-a01e-d0625173bfa8', 'counter': 89, 'stdout': '  -i INVENTORY, --inventory INVENTORY, --inventory-file INVENTORY', 'start_line': 88, 'end_line': 89, 'runner_ident': '2ad9d4e1-9f65-466a-bec4-0f2d5c0caac8', 'created': '2025-02-28T13:18:44.912849'}
2025-02-28T13:18:45.015405+00:00 CRITICAL 'ansible_navigator.actions.run_4848._handle_message' Unhandled message from runner queue, discarded: {'event': 'verbose', 'uuid': '49d78ed0-840d-4a56-9557-127041826ae3', 'counter': 90, 'stdout': '                        specify inventory host path or comma separated host', 'start_line': 89, 'end_line': 90, 'runner_ident': '2ad9d4e1-9f65-466a-bec4-0f2d5c0caac8', 'created': '2025-02-28T13:18:44.912875'}
2025-02-28T13:18:45.015432+00:00 CRITICAL 'ansible_navigator.actions.run_4848._handle_message' Unhandled message from runner queue, discarded: {'event': 'verbose', 'uuid': '3702a663-0d66-444a-b7ec-07a1d4351b3d', 'counter': 91, 'stdout': '                        list. --inventory-file is deprecated', 'start_line': 90, 'end_line': 91, 'runner_ident': '2ad9d4e1-9f65-466a-bec4-0f2d5c0caac8', 'created': '2025-02-28T13:18:44.912900'}
2025-02-28T13:18:45.015460+00:00 CRITICAL 'ansible_navigator.actions.run_4848._handle_message' Unhandled message from runner queue, discarded: {'event': 'verbose', 'uuid': 'da984603-d97d-45d7-b9d6-67c2a4ee5b25', 'counter': 92, 'stdout': '  -k, --ask-pass        ask for connection password', 'start_line': 91, 'end_line': 92, 'runner_ident': '2ad9d4e1-9f65-466a-bec4-0f2d5c0caac8', 'created': '2025-02-28T13:18:44.912926'}
2025-02-28T13:18:45.015487+00:00 CRITICAL 'ansible_navigator.actions.run_4848._handle_message' Unhandled message from runner queue, discarded: {'event': 'verbose', 'uuid': '42fdcd7f-19c6-4ca2-8e67-f022947b790b', 'counter': 93, 'stdout': '  -l SUBSET, --limit SUBSET', 'start_line': 92, 'end_line': 93, 'runner_ident': '2ad9d4e1-9f65-466a-bec4-0f2d5c0caac8', 'created': '2025-02-28T13:18:44.912953'}
2025-02-28T13:18:45.015514+00:00 CRITICAL 'ansible_navigator.actions.run_4848._handle_message' Unhandled message from runner queue, discarded: {'event': 'verbose', 'uuid': 'c867c056-7890-4507-9ffc-0c991d396e7b', 'counter': 94, 'stdout': '                        further limit selected hosts to an additional pattern', 'start_line': 93, 'end_line': 94, 'runner_ident': '2ad9d4e1-9f65-466a-bec4-0f2d5c0caac8', 'created': '2025-02-28T13:18:44.912981'}
2025-02-28T13:18:45.015540+00:00 CRITICAL 'ansible_navigator.actions.run_4848._handle_message' Unhandled message from runner queue, discarded: {'event': 'verbose', 'uuid': '2aac62ba-5aab-4fbf-b03e-73ee22fa9050', 'counter': 95, 'stdout': '  -t TAGS, --tags TAGS  only run plays and tasks tagged with these values', 'start_line': 94, 'end_line': 95, 'runner_ident': '2ad9d4e1-9f65-466a-bec4-0f2d5c0caac8', 'created': '2025-02-28T13:18:44.913007'}
2025-02-28T13:18:45.015568+00:00 CRITICAL 'ansible_navigator.actions.run_4848._handle_message' Unhandled message from runner queue, discarded: {'event': 'verbose', 'uuid': 'ddc67ee6-8399-4709-8ae1-0940098b16d2', 'counter': 96, 'stdout': '  -v, --verbose         Causes Ansible to print more debug messages. Adding', 'start_line': 95, 'end_line': 96, 'runner_ident': '2ad9d4e1-9f65-466a-bec4-0f2d5c0caac8', 'created': '2025-02-28T13:18:44.913029'}
2025-02-28T13:18:45.015594+00:00 CRITICAL 'ansible_navigator.actions.run_4848._handle_message' Unhandled message from runner queue, discarded: {'event': 'verbose', 'uuid': '69682cd4-1f7b-4da0-9de2-c778acdb0900', 'counter': 97, 'stdout': '                        multiple -v will increase the verbosity, the builtin', 'start_line': 96, 'end_line': 97, 'runner_ident': '2ad9d4e1-9f65-466a-bec4-0f2d5c0caac8', 'created': '2025-02-28T13:18:44.913051'}
2025-02-28T13:18:45.015640+00:00 CRITICAL 'ansible_navigator.actions.run_4848._handle_message' Unhandled message from runner queue, discarded: {'event': 'verbose', 'uuid': '38fc802d-e4b3-4710-b0bb-c82a2a71cc5b', 'counter': 98, 'stdout': '                        plugins currently evaluate up to -vvvvvv. A reasonable', 'start_line': 97, 'end_line': 98, 'runner_ident': '2ad9d4e1-9f65-466a-bec4-0f2d5c0caac8', 'created': '2025-02-28T13:18:44.913073'}
2025-02-28T13:18:45.015682+00:00 CRITICAL 'ansible_navigator.actions.run_4848._handle_message' Unhandled message from runner queue, discarded: {'event': 'verbose', 'uuid': '6ccf3c05-0ebe-4586-9439-5e3fe13edf25', 'counter': 99, 'stdout': '                        level to start is -vvv, connection debugging might', 'start_line': 98, 'end_line': 99, 'runner_ident': '2ad9d4e1-9f65-466a-bec4-0f2d5c0caac8', 'created': '2025-02-28T13:18:44.913095'}
2025-02-28T13:18:45.015727+00:00 CRITICAL 'ansible_navigator.actions.run_4848._handle_message' Unhandled message from runner queue, discarded: {'event': 'verbose', 'uuid': '32e256ff-40b1-42d7-aa6d-91955afc11ae', 'counter': 100, 'stdout': '                        require -vvvv.', 'start_line': 99, 'end_line': 100, 'runner_ident': '2ad9d4e1-9f65-466a-bec4-0f2d5c0caac8', 'created': '2025-02-28T13:18:44.923373'}
2025-02-28T13:18:45.015752+00:00 CRITICAL 'ansible_navigator.actions.run_4848._handle_message' Unhandled message from runner queue, discarded: {'event': 'verbose', 'uuid': '37464c8a-6c09-40eb-9063-a81e8bf98a50', 'counter': 101, 'stdout': '', 'start_line': 100, 'end_line': 101, 'runner_ident': '2ad9d4e1-9f65-466a-bec4-0f2d5c0caac8', 'created': '2025-02-28T13:18:44.923455'}
2025-02-28T13:18:45.015779+00:00 CRITICAL 'ansible_navigator.actions.run_4848._handle_message' Unhandled message from runner queue, discarded: {'event': 'verbose', 'uuid': 'defed64d-1a3f-4b87-87e6-8aea9b6a18ea', 'counter': 102, 'stdout': 'Connection Options:', 'start_line': 101, 'end_line': 102, 'runner_ident': '2ad9d4e1-9f65-466a-bec4-0f2d5c0caac8', 'created': '2025-02-28T13:18:44.923484'}
2025-02-28T13:18:45.015807+00:00 CRITICAL 'ansible_navigator.actions.run_4848._handle_message' Unhandled message from runner queue, discarded: {'event': 'verbose', 'uuid': 'b0d29737-7de2-4300-b2a1-1aabd3ba23b9', 'counter': 103, 'stdout': '  control as whom and how to connect to hosts', 'start_line': 102, 'end_line': 103, 'runner_ident': '2ad9d4e1-9f65-466a-bec4-0f2d5c0caac8', 'created': '2025-02-28T13:18:44.923510'}
2025-02-28T13:18:45.015826+00:00 CRITICAL 'ansible_navigator.actions.run_4848._handle_message' Unhandled message from runner queue, discarded: {'event': 'verbose', 'uuid': 'b5edab24-444e-4591-82ff-47ecc72aa75f', 'counter': 104, 'stdout': '', 'start_line': 103, 'end_line': 104, 'runner_ident': '2ad9d4e1-9f65-466a-bec4-0f2d5c0caac8', 'created': '2025-02-28T13:18:44.923535'}
2025-02-28T13:18:45.015854+00:00 CRITICAL 'ansible_navigator.actions.run_4848._handle_message' Unhandled message from runner queue, discarded: {'event': 'verbose', 'uuid': '309ce2de-3656-48a9-a31f-08baf39a63cb', 'counter': 105, 'stdout': '  --private-key PRIVATE_KEY_FILE, --key-file PRIVATE_KEY_FILE', 'start_line': 104, 'end_line': 105, 'runner_ident': '2ad9d4e1-9f65-466a-bec4-0f2d5c0caac8', 'created': '2025-02-28T13:18:44.923559'}
2025-02-28T13:18:45.015881+00:00 CRITICAL 'ansible_navigator.actions.run_4848._handle_message' Unhandled message from runner queue, discarded: {'event': 'verbose', 'uuid': '7b801371-f40a-47bb-815e-f71ec601da41', 'counter': 106, 'stdout': '                        use this file to authenticate the connection', 'start_line': 105, 'end_line': 106, 'runner_ident': '2ad9d4e1-9f65-466a-bec4-0f2d5c0caac8', 'created': '2025-02-28T13:18:44.923588'}
2025-02-28T13:18:45.015908+00:00 CRITICAL 'ansible_navigator.actions.run_4848._handle_message' Unhandled message from runner queue, discarded: {'event': 'verbose', 'uuid': 'f059a860-60a7-489a-832b-c53517e38a7e', 'counter': 107, 'stdout': '  --scp-extra-args SCP_EXTRA_ARGS', 'start_line': 106, 'end_line': 107, 'runner_ident': '2ad9d4e1-9f65-466a-bec4-0f2d5c0caac8', 'created': '2025-02-28T13:18:44.923616'}
2025-02-28T13:18:45.015935+00:00 CRITICAL 'ansible_navigator.actions.run_4848._handle_message' Unhandled message from runner queue, discarded: {'event': 'verbose', 'uuid': 'a6baccbe-d9d9-42aa-811e-17414da9816a', 'counter': 108, 'stdout': '                        specify extra arguments to pass to scp only (e.g. -l)', 'start_line': 107, 'end_line': 108, 'runner_ident': '2ad9d4e1-9f65-466a-bec4-0f2d5c0caac8', 'created': '2025-02-28T13:18:44.923638'}
2025-02-28T13:18:45.015962+00:00 CRITICAL 'ansible_navigator.actions.run_4848._handle_message' Unhandled message from runner queue, discarded: {'event': 'verbose', 'uuid': 'b0654581-82e8-478b-a5d5-ea0e8f0f51f7', 'counter': 109, 'stdout': '  --sftp-extra-args SFTP_EXTRA_ARGS', 'start_line': 108, 'end_line': 109, 'runner_ident': '2ad9d4e1-9f65-466a-bec4-0f2d5c0caac8', 'created': '2025-02-28T13:18:44.923661'}
2025-02-28T13:18:45.015988+00:00 CRITICAL 'ansible_navigator.actions.run_4848._handle_message' Unhandled message from runner queue, discarded: {'event': 'verbose', 'uuid': '15a98339-b8ff-4024-a7f9-62e2b129a791', 'counter': 110, 'stdout': '                        specify extra arguments to pass to sftp only (e.g. -f,', 'start_line': 109, 'end_line': 110, 'runner_ident': '2ad9d4e1-9f65-466a-bec4-0f2d5c0caac8', 'created': '2025-02-28T13:18:44.923683'}
2025-02-28T13:18:45.016015+00:00 CRITICAL 'ansible_navigator.actions.run_4848._handle_message' Unhandled message from runner queue, discarded: {'event': 'verbose', 'uuid': '0e93657a-e872-4a7a-88b6-3d6a7e1e28e2', 'counter': 111, 'stdout': '                        -l)', 'start_line': 110, 'end_line': 111, 'runner_ident': '2ad9d4e1-9f65-466a-bec4-0f2d5c0caac8', 'created': '2025-02-28T13:18:44.923706'}
2025-02-28T13:18:45.016042+00:00 CRITICAL 'ansible_navigator.actions.run_4848._handle_message' Unhandled message from runner queue, discarded: {'event': 'verbose', 'uuid': '9656d4e7-cf2f-4e1e-a3c2-4f316900f40e', 'counter': 112, 'stdout': '  --ssh-common-args SSH_COMMON_ARGS', 'start_line': 111, 'end_line': 112, 'runner_ident': '2ad9d4e1-9f65-466a-bec4-0f2d5c0caac8', 'created': '2025-02-28T13:18:44.923729'}
2025-02-28T13:18:45.016068+00:00 CRITICAL 'ansible_navigator.actions.run_4848._handle_message' Unhandled message from runner queue, discarded: {'event': 'verbose', 'uuid': '6ca90235-d243-42b8-87c6-fe1f3e30cc57', 'counter': 113, 'stdout': '                        specify common arguments to pass to sftp/scp/ssh (e.g.', 'start_line': 112, 'end_line': 113, 'runner_ident': '2ad9d4e1-9f65-466a-bec4-0f2d5c0caac8', 'created': '2025-02-28T13:18:44.923754'}
2025-02-28T13:18:45.016094+00:00 CRITICAL 'ansible_navigator.actions.run_4848._handle_message' Unhandled message from runner queue, discarded: {'event': 'verbose', 'uuid': '074d9e69-066b-4283-b4f6-f885691f46a1', 'counter': 114, 'stdout': '                        ProxyCommand)', 'start_line': 113, 'end_line': 114, 'runner_ident': '2ad9d4e1-9f65-466a-bec4-0f2d5c0caac8', 'created': '2025-02-28T13:18:44.923776'}
2025-02-28T13:18:45.016120+00:00 CRITICAL 'ansible_navigator.actions.run_4848._handle_message' Unhandled message from runner queue, discarded: {'event': 'verbose', 'uuid': 'f15b42ba-a3bb-45f9-b8e9-3573e8d6984b', 'counter': 115, 'stdout': '  --ssh-extra-args SSH_EXTRA_ARGS', 'start_line': 114, 'end_line': 115, 'runner_ident': '2ad9d4e1-9f65-466a-bec4-0f2d5c0caac8', 'created': '2025-02-28T13:18:44.923799'}
2025-02-28T13:18:45.016147+00:00 CRITICAL 'ansible_navigator.actions.run_4848._handle_message' Unhandled message from runner queue, discarded: {'event': 'verbose', 'uuid': 'e37a435d-2ba7-4531-9ec1-fb54f2aa7ef0', 'counter': 116, 'stdout': '                        specify extra arguments to pass to ssh only (e.g. -R)', 'start_line': 115, 'end_line': 116, 'runner_ident': '2ad9d4e1-9f65-466a-bec4-0f2d5c0caac8', 'created': '2025-02-28T13:18:44.923822'}
2025-02-28T13:18:45.016174+00:00 CRITICAL 'ansible_navigator.actions.run_4848._handle_message' Unhandled message from runner queue, discarded: {'event': 'verbose', 'uuid': 'c9c9ee25-d24f-4120-8797-f95f0850d259', 'counter': 117, 'stdout': '  -T TIMEOUT, --timeout TIMEOUT', 'start_line': 116, 'end_line': 117, 'runner_ident': '2ad9d4e1-9f65-466a-bec4-0f2d5c0caac8', 'created': '2025-02-28T13:18:44.923845'}
2025-02-28T13:18:45.016200+00:00 CRITICAL 'ansible_navigator.actions.run_4848._handle_message' Unhandled message from runner queue, discarded: {'event': 'verbose', 'uuid': 'caa495d5-ac51-417f-8691-111463d1c084', 'counter': 118, 'stdout': '                        override the connection timeout in seconds', 'start_line': 117, 'end_line': 118, 'runner_ident': '2ad9d4e1-9f65-466a-bec4-0f2d5c0caac8', 'created': '2025-02-28T13:18:44.923867'}
2025-02-28T13:18:45.016226+00:00 CRITICAL 'ansible_navigator.actions.run_4848._handle_message' Unhandled message from runner queue, discarded: {'event': 'verbose', 'uuid': 'ce55b16c-a71f-4328-8966-e19c75bebc16', 'counter': 119, 'stdout': '                        (default=10)', 'start_line': 118, 'end_line': 119, 'runner_ident': '2ad9d4e1-9f65-466a-bec4-0f2d5c0caac8', 'created': '2025-02-28T13:18:44.923891'}
2025-02-28T13:18:45.016253+00:00 CRITICAL 'ansible_navigator.actions.run_4848._handle_message' Unhandled message from runner queue, discarded: {'event': 'verbose', 'uuid': '8d776eb0-9984-4f59-b53c-7bfc50a49f19', 'counter': 120, 'stdout': '  -c CONNECTION, --connection CONNECTION', 'start_line': 119, 'end_line': 120, 'runner_ident': '2ad9d4e1-9f65-466a-bec4-0f2d5c0caac8', 'created': '2025-02-28T13:18:44.923914'}
2025-02-28T13:18:45.016282+00:00 CRITICAL 'ansible_navigator.actions.run_4848._handle_message' Unhandled message from runner queue, discarded: {'event': 'verbose', 'uuid': 'e7f94e68-02b6-4a8a-b8b5-eb27f08146ed', 'counter': 121, 'stdout': '                        connection type to use (default=smart)', 'start_line': 120, 'end_line': 121, 'runner_ident': '2ad9d4e1-9f65-466a-bec4-0f2d5c0caac8', 'created': '2025-02-28T13:18:44.923937'}
2025-02-28T13:18:45.016309+00:00 CRITICAL 'ansible_navigator.actions.run_4848._handle_message' Unhandled message from runner queue, discarded: {'event': 'verbose', 'uuid': 'e7f5e0ca-e7d1-4156-95d8-65a7de69f474', 'counter': 122, 'stdout': '  -u REMOTE_USER, --user REMOTE_USER', 'start_line': 121, 'end_line': 122, 'runner_ident': '2ad9d4e1-9f65-466a-bec4-0f2d5c0caac8', 'created': '2025-02-28T13:18:44.923958'}
2025-02-28T13:18:45.016335+00:00 CRITICAL 'ansible_navigator.actions.run_4848._handle_message' Unhandled message from runner queue, discarded: {'event': 'verbose', 'uuid': 'ea804c85-cf69-4c92-a017-42cf5df0f5ec', 'counter': 123, 'stdout': '                        connect as this user (default=master)', 'start_line': 122, 'end_line': 123, 'runner_ident': '2ad9d4e1-9f65-466a-bec4-0f2d5c0caac8', 'created': '2025-02-28T13:18:44.923980'}
2025-02-28T13:18:45.016353+00:00 CRITICAL 'ansible_navigator.actions.run_4848._handle_message' Unhandled message from runner queue, discarded: {'event': 'verbose', 'uuid': 'a9ed5206-cebd-404b-a346-57a24c07b82e', 'counter': 124, 'stdout': '', 'start_line': 123, 'end_line': 124, 'runner_ident': '2ad9d4e1-9f65-466a-bec4-0f2d5c0caac8', 'created': '2025-02-28T13:18:44.924002'}
2025-02-28T13:18:45.016379+00:00 CRITICAL 'ansible_navigator.actions.run_4848._handle_message' Unhandled message from runner queue, discarded: {'event': 'verbose', 'uuid': 'd50fa2c5-0644-4d8e-8943-25e48f973da5', 'counter': 125, 'stdout': 'Privilege Escalation Options:', 'start_line': 124, 'end_line': 125, 'runner_ident': '2ad9d4e1-9f65-466a-bec4-0f2d5c0caac8', 'created': '2025-02-28T13:18:44.924024'}
2025-02-28T13:18:45.016405+00:00 CRITICAL 'ansible_navigator.actions.run_4848._handle_message' Unhandled message from runner queue, discarded: {'event': 'verbose', 'uuid': 'a1a63b36-151f-447a-8874-4d6c9282b12b', 'counter': 126, 'stdout': '  control how and which user you become as on target hosts', 'start_line': 125, 'end_line': 126, 'runner_ident': '2ad9d4e1-9f65-466a-bec4-0f2d5c0caac8', 'created': '2025-02-28T13:18:44.924046'}
2025-02-28T13:18:45.016423+00:00 CRITICAL 'ansible_navigator.actions.run_4848._handle_message' Unhandled message from runner queue, discarded: {'event': 'verbose', 'uuid': 'a645c9b0-b1b0-4f68-ada0-91974bf2b2dd', 'counter': 127, 'stdout': '', 'start_line': 126, 'end_line': 127, 'runner_ident': '2ad9d4e1-9f65-466a-bec4-0f2d5c0caac8', 'created': '2025-02-28T13:18:44.924068'}
2025-02-28T13:18:45.016449+00:00 CRITICAL 'ansible_navigator.actions.run_4848._handle_message' Unhandled message from runner queue, discarded: {'event': 'verbose', 'uuid': '06f2cbc9-4188-4750-85a7-085f2095a166', 'counter': 128, 'stdout': '  --become-method BECOME_METHOD', 'start_line': 127, 'end_line': 128, 'runner_ident': '2ad9d4e1-9f65-466a-bec4-0f2d5c0caac8', 'created': '2025-02-28T13:18:44.924090'}
2025-02-28T13:18:45.016475+00:00 CRITICAL 'ansible_navigator.actions.run_4848._handle_message' Unhandled message from runner queue, discarded: {'event': 'verbose', 'uuid': '64d030f0-369f-4157-b3b8-997d4be0a539', 'counter': 129, 'stdout': '                        privilege escalation method to use (default=sudo), use', 'start_line': 128, 'end_line': 129, 'runner_ident': '2ad9d4e1-9f65-466a-bec4-0f2d5c0caac8', 'created': '2025-02-28T13:18:44.924111'}
2025-02-28T13:18:45.016501+00:00 CRITICAL 'ansible_navigator.actions.run_4848._handle_message' Unhandled message from runner queue, discarded: {'event': 'verbose', 'uuid': '6570e202-e36b-47d4-a0d2-253f7ab87ad0', 'counter': 130, 'stdout': '                        `ansible-doc -t become -l` to list valid choices.', 'start_line': 129, 'end_line': 130, 'runner_ident': '2ad9d4e1-9f65-466a-bec4-0f2d5c0caac8', 'created': '2025-02-28T13:18:44.924133'}
2025-02-28T13:18:45.016531+00:00 CRITICAL 'ansible_navigator.actions.run_4848._handle_message' Unhandled message from runner queue, discarded: {'event': 'verbose', 'uuid': 'a1795571-6648-49a1-8b48-dfa7f695ec98', 'counter': 131, 'stdout': '  --become-user BECOME_USER', 'start_line': 130, 'end_line': 131, 'runner_ident': '2ad9d4e1-9f65-466a-bec4-0f2d5c0caac8', 'created': '2025-02-28T13:18:44.924154'}
2025-02-28T13:18:45.016557+00:00 CRITICAL 'ansible_navigator.actions.run_4848._handle_message' Unhandled message from runner queue, discarded: {'event': 'verbose', 'uuid': 'ece6acec-2427-467f-8f97-2807a75b70c1', 'counter': 132, 'stdout': '                        run operations as this user (default=root)', 'start_line': 131, 'end_line': 132, 'runner_ident': '2ad9d4e1-9f65-466a-bec4-0f2d5c0caac8', 'created': '2025-02-28T13:18:44.924177'}
2025-02-28T13:18:45.016586+00:00 CRITICAL 'ansible_navigator.actions.run_4848._handle_message' Unhandled message from runner queue, discarded: {'event': 'verbose', 'uuid': '87f8c84f-82f4-4a05-8d7f-7293c3670b24', 'counter': 133, 'stdout': '  -b, --become          run operations with become (does not imply password', 'start_line': 132, 'end_line': 133, 'runner_ident': '2ad9d4e1-9f65-466a-bec4-0f2d5c0caac8', 'created': '2025-02-28T13:18:44.924200'}
2025-02-28T13:18:45.016633+00:00 CRITICAL 'ansible_navigator.actions.run_4848._handle_message' Unhandled message from runner queue, discarded: {'event': 'verbose', 'uuid': 'a51169ee-72b6-49eb-ba71-122dca3504d7', 'counter': 134, 'stdout': '                        prompting)', 'start_line': 133, 'end_line': 134, 'runner_ident': '2ad9d4e1-9f65-466a-bec4-0f2d5c0caac8', 'created': '2025-02-28T13:18:44.924221'}
2025-02-28T13:19:06.663477+00:00 WARNING 'ansible_navigator.run' Dirty exit, killing the pid
2025-02-28T20:14:41.055368+00:00 WARNING 'ansible_navigator.run' Dirty exit, killing the pid
2025-02-28T20:15:14.204964+00:00 INFO 'ansible_navigator.setup_logger' New ansible-navigator instance, logging initialized
2025-02-28T20:15:14.205145+00:00 INFO 'ansible_navigator.setup_logger' New ansible-runner instance, logging initialized
2025-02-28T20:15:14.205172+00:00 DEBUG 'ansible_navigator.main' ansible-builder==1.1.0 /usr/lib/python3.9/site-packages
2025-02-28T20:15:14.205189+00:00 DEBUG 'ansible_navigator.main' ansible-core==2.14.17 /usr/lib/python3.9/site-packages
2025-02-28T20:15:14.205205+00:00 DEBUG 'ansible_navigator.main' ansible-navigator==2.1.0 /usr/lib/python3.9/site-packages
2025-02-28T20:15:14.205218+00:00 DEBUG 'ansible_navigator.main' ansible-runner==2.2.2 /usr/lib/python3.9/site-packages
2025-02-28T20:15:14.205230+00:00 DEBUG 'ansible_navigator.main' attrs==21.4.0 /usr/lib/python3.9/site-packages
2025-02-28T20:15:14.205242+00:00 DEBUG 'ansible_navigator.main' bindep==2.10.2 /usr/lib/python3.9/site-packages
2025-02-28T20:15:14.205254+00:00 DEBUG 'ansible_navigator.main' brlapi==0.8.2 /usr/lib64/python3.9/site-packages
2025-02-28T20:15:14.205267+00:00 DEBUG 'ansible_navigator.main' cffi==1.15.0 /usr/lib64/python3.9/site-packages
2025-02-28T20:15:14.205279+00:00 DEBUG 'ansible_navigator.main' chardet==4.0.0 /usr/lib/python3.9/site-packages
2025-02-28T20:15:14.205290+00:00 DEBUG 'ansible_navigator.main' cockpit==311.1 /usr/lib/python3.9/site-packages
2025-02-28T20:15:14.205302+00:00 DEBUG 'ansible_navigator.main' cryptography==36.0.1 /usr/lib64/python3.9/site-packages
2025-02-28T20:15:14.205314+00:00 DEBUG 'ansible_navigator.main' cupshelpers==1.0 /usr/lib/python3.9/site-packages
2025-02-28T20:15:14.205325+00:00 DEBUG 'ansible_navigator.main' dasbus==1.4 /usr/lib/python3.9/site-packages
2025-02-28T20:15:14.205337+00:00 DEBUG 'ansible_navigator.main' dbus-python==1.2.18 /usr/lib64/python3.9/site-packages
2025-02-28T20:15:14.205356+00:00 DEBUG 'ansible_navigator.main' decorator==4.4.2 /usr/lib/python3.9/site-packages
2025-02-28T20:15:14.205368+00:00 DEBUG 'ansible_navigator.main' distro==1.5.0 /usr/lib/python3.9/site-packages
2025-02-28T20:15:14.205381+00:00 DEBUG 'ansible_navigator.main' docutils==0.16 /usr/lib/python3.9/site-packages
2025-02-28T20:15:14.205392+00:00 DEBUG 'ansible_navigator.main' file-magic==0.4.0 /usr/lib/python3.9/site-packages
2025-02-28T20:15:14.205404+00:00 DEBUG 'ansible_navigator.main' gpg==1.15.1 /usr/lib64/python3.9/site-packages
2025-02-28T20:15:14.205415+00:00 DEBUG 'ansible_navigator.main' idna==2.10 /usr/lib/python3.9/site-packages
2025-02-28T20:15:14.205426+00:00 DEBUG 'ansible_navigator.main' importlib-metadata==4.10.1 /usr/lib/python3.9/site-packages
2025-02-28T20:15:14.205437+00:00 DEBUG 'ansible_navigator.main' iniparse==0.4 /usr/lib/python3.9/site-packages
2025-02-28T20:15:14.205449+00:00 DEBUG 'ansible_navigator.main' jinja2==3.0.3 /usr/lib/python3.9/site-packages
2025-02-28T20:15:14.205461+00:00 DEBUG 'ansible_navigator.main' jsonschema==4.6.0 /usr/lib/python3.9/site-packages
2025-02-28T20:15:14.205472+00:00 DEBUG 'ansible_navigator.main' libcomps==0.1.18 /usr/lib64/python3.9/site-packages
2025-02-28T20:15:14.205483+00:00 DEBUG 'ansible_navigator.main' lockfile==0.12.2 /usr/lib/python3.9/site-packages
2025-02-28T20:15:14.205495+00:00 DEBUG 'ansible_navigator.main' lxml==4.6.5 /usr/lib64/python3.9/site-packages
2025-02-28T20:15:14.205506+00:00 DEBUG 'ansible_navigator.main' markupsafe==2.1.0 /usr/lib64/python3.9/site-packages
2025-02-28T20:15:14.205517+00:00 DEBUG 'ansible_navigator.main' nftables==0.1 /usr/lib/python3.9/site-packages
2025-02-28T20:15:14.205528+00:00 DEBUG 'ansible_navigator.main' onigurumacffi==1.1.0 /usr/lib64/python3.9/site-packages
2025-02-28T20:15:14.205539+00:00 DEBUG 'ansible_navigator.main' packaging==21.3 /usr/lib/python3.9/site-packages
2025-02-28T20:15:14.205549+00:00 DEBUG 'ansible_navigator.main' parsley==1.3 /usr/lib/python3.9/site-packages
2025-02-28T20:15:14.205561+00:00 DEBUG 'ansible_navigator.main' pbr==5.8.1 /usr/lib/python3.9/site-packages
2025-02-28T20:15:14.205572+00:00 DEBUG 'ansible_navigator.main' perf==0.1 /usr/lib64/python3.9/site-packages
2025-02-28T20:15:14.205584+00:00 DEBUG 'ansible_navigator.main' pexpect==4.8.0 /usr/lib/python3.9/site-packages
2025-02-28T20:15:14.205595+00:00 DEBUG 'ansible_navigator.main' psutil==5.8.0 /usr/lib64/python3.9/site-packages
2025-02-28T20:15:14.205605+00:00 DEBUG 'ansible_navigator.main' ptyprocess==0.6.0 /usr/lib/python3.9/site-packages
2025-02-28T20:15:14.205616+00:00 DEBUG 'ansible_navigator.main' pycairo==1.20.1 /usr/lib64/python3.9/site-packages
2025-02-28T20:15:14.205627+00:00 DEBUG 'ansible_navigator.main' pycparser==2.21 /usr/lib/python3.9/site-packages
2025-02-28T20:15:14.205638+00:00 DEBUG 'ansible_navigator.main' pycups==2.0.1 /usr/lib64/python3.9/site-packages
2025-02-28T20:15:14.205649+00:00 DEBUG 'ansible_navigator.main' pycurl==7.43.0.6 /usr/lib64/python3.9/site-packages
2025-02-28T20:15:14.205660+00:00 DEBUG 'ansible_navigator.main' pygobject==3.40.1 /usr/lib64/python3.9/site-packages
2025-02-28T20:15:14.205671+00:00 DEBUG 'ansible_navigator.main' pyinotify==0.9.6 /usr/lib/python3.9/site-packages
2025-02-28T20:15:14.205682+00:00 DEBUG 'ansible_navigator.main' pyparsing==2.4.7 /usr/lib/python3.9/site-packages
2025-02-28T20:15:14.205693+00:00 DEBUG 'ansible_navigator.main' pyrsistent==0.17.3 /usr/lib64/python3.9/site-packages
2025-02-28T20:15:14.205703+00:00 DEBUG 'ansible_navigator.main' pysocks==1.7.1 /usr/lib/python3.9/site-packages
2025-02-28T20:15:14.205714+00:00 DEBUG 'ansible_navigator.main' python-daemon==2.3.0 /usr/lib/python3.9/site-packages
2025-02-28T20:15:14.205725+00:00 DEBUG 'ansible_navigator.main' python-dateutil==2.8.1 /usr/lib/python3.9/site-packages
2025-02-28T20:15:14.205735+00:00 DEBUG 'ansible_navigator.main' python-linux-procfs==0.7.3 /usr/lib/python3.9/site-packages
2025-02-28T20:15:14.205746+00:00 DEBUG 'ansible_navigator.main' pyudev==0.22.0 /usr/lib/python3.9/site-packages
2025-02-28T20:15:14.205759+00:00 DEBUG 'ansible_navigator.main' pyyaml==5.4.1 /usr/lib64/python3.9/site-packages
2025-02-28T20:15:14.205770+00:00 DEBUG 'ansible_navigator.main' requests==2.25.1 /usr/lib/python3.9/site-packages
2025-02-28T20:15:14.205780+00:00 DEBUG 'ansible_navigator.main' requirements-parser==0.2.0 /usr/lib/python3.9/site-packages
2025-02-28T20:15:14.205791+00:00 DEBUG 'ansible_navigator.main' resolvelib==0.5.4 /usr/lib/python3.9/site-packages
2025-02-28T20:15:14.205801+00:00 DEBUG 'ansible_navigator.main' rpm==4.16.1.3 /usr/lib64/python3.9/site-packages
2025-02-28T20:15:14.205812+00:00 DEBUG 'ansible_navigator.main' selinux==3.6 /usr/lib64/python3.9/site-packages
2025-02-28T20:15:14.205823+00:00 DEBUG 'ansible_navigator.main' sepolicy==3.6 /usr/lib/python3.9/site-packages
2025-02-28T20:15:14.205834+00:00 DEBUG 'ansible_navigator.main' setools==4.4.4 /usr/lib64/python3.9/site-packages
2025-02-28T20:15:14.205844+00:00 DEBUG 'ansible_navigator.main' setroubleshoot==3.3.32 /usr/lib/python3.9/site-packages
2025-02-28T20:15:14.205855+00:00 DEBUG 'ansible_navigator.main' setuptools==53.0.0 /usr/lib/python3.9/site-packages
2025-02-28T20:15:14.205866+00:00 DEBUG 'ansible_navigator.main' six==1.15.0 /usr/lib/python3.9/site-packages
2025-02-28T20:15:14.205883+00:00 DEBUG 'ansible_navigator.main' sos==4.6.1 /usr/lib/python3.9/site-packages
2025-02-28T20:15:14.205898+00:00 DEBUG 'ansible_navigator.main' subscription-manager==1.29.40 /usr/lib64/python3.9/site-packages
2025-02-28T20:15:14.205930+00:00 DEBUG 'ansible_navigator.main' systemd-python==234 /usr/lib64/python3.9/site-packages
2025-02-28T20:15:14.205948+00:00 DEBUG 'ansible_navigator.main' typing-extensions==3.10.0.2 /usr/lib/python3.9/site-packages
2025-02-28T20:15:14.205969+00:00 DEBUG 'ansible_navigator.main' urllib3==1.26.5 /usr/lib/python3.9/site-packages
2025-02-28T20:15:14.205982+00:00 DEBUG 'ansible_navigator.main' zipp==3.4.0 /usr/lib/python3.9/site-packages
2025-02-28T20:15:14.206009+00:00 DEBUG 'ansible_navigator.main' Share directory '/usr/lib/python3.9/share/ansible_navigator' not found (development path)
2025-02-28T20:15:14.206024+00:00 DEBUG 'ansible_navigator.main' Share directory '/home/master/.local/share/ansible_navigator' not found (userbase)
2025-02-28T20:15:14.206037+00:00 DEBUG 'ansible_navigator.main' Share directory '/usr/share/ansible_navigator' found (sys.prefix)
2025-02-28T20:15:14.206049+00:00 DEBUG 'ansible_navigator.main' Default collection_doc_cache_path set to: /home/master/.cache/ansible-navigator/collection_doc_cache.db
2025-02-28T20:15:14.206062+00:00 DEBUG 'ansible_navigator.main' EDITOR environment variable not set
2025-02-28T20:15:14.206074+00:00 DEBUG 'ansible_navigator.main' Default editor_command set to: vi +{line_number} {filename}
2025-02-28T20:15:14.206086+00:00 DEBUG 'ansible_navigator.main' No config file set by ANSIBLE_NAVIGATOR_CONFIG
2025-02-28T20:15:14.206098+00:00 DEBUG 'ansible_navigator.main' Looking in /home/master
2025-02-28T20:15:14.206111+00:00 DEBUG 'ansible_navigator.main' Looking for '/home/master/.ansible-navigator.yml', '/home/master/.ansible-navigator.yaml' and '/home/master/.ansible-navigator.json'
2025-02-28T20:15:14.206123+00:00 DEBUG 'ansible_navigator.main' Found 0: 
2025-02-28T20:15:14.206135+00:00 DEBUG 'ansible_navigator.main' Looking in /home/master/our_class5
2025-02-28T20:15:14.206148+00:00 DEBUG 'ansible_navigator.main' Looking for '/home/master/our_class5/ansible-navigator.yml', '/home/master/our_class5/ansible-navigator.yaml' and '/home/master/our_class5/ansible-navigator.json'
2025-02-28T20:15:14.206160+00:00 DEBUG 'ansible_navigator.main' Found 1: '/home/master/our_class5/ansible-navigator.yml'
2025-02-28T20:15:14.206171+00:00 DEBUG 'ansible_navigator.main' All found 1: '/home/master/our_class5/ansible-navigator.yml'
2025-02-28T20:15:14.206183+00:00 DEBUG 'ansible_navigator.main' Using: /home/master/our_class5/ansible-navigator.yml
2025-02-28T20:15:14.206194+00:00 DEBUG 'ansible_navigator.main' Using settings file at /home/master/our_class5/ansible-navigator.yml in search path
2025-02-28T20:15:14.206206+00:00 DEBUG 'ansible_navigator.main' Command provided: 'doc -m stdout'
2025-02-28T20:15:14.206218+00:00 DEBUG 'ansible_navigator.main' ansible-navigator.ansible-runner.artifact-dir not found in settings file
2025-02-28T20:15:14.206228+00:00 DEBUG 'ansible_navigator.main' ansible-navigator.ansible-runner.rotate-artifacts-count not found in settings file
2025-02-28T20:15:14.206239+00:00 DEBUG 'ansible_navigator.main' ansible-navigator.ansible-runner.timeout not found in settings file
2025-02-28T20:15:14.206250+00:00 DEBUG 'ansible_navigator.main' ansible-navigator.app not found in settings file
2025-02-28T20:15:14.206261+00:00 DEBUG 'ansible_navigator.main' ansible-navigator.ansible.cmdline not found in settings file
2025-02-28T20:15:14.206272+00:00 DEBUG 'ansible_navigator.main' ansible-navigator.collection-doc-cache-path not found in settings file
2025-02-28T20:15:14.206282+00:00 DEBUG 'ansible_navigator.main' ansible-navigator.ansible.config.path not found in settings file
2025-02-28T20:15:14.206293+00:00 DEBUG 'ansible_navigator.main' ansible-navigator.execution-environment.container-engine not found in settings file
2025-02-28T20:15:14.206304+00:00 DEBUG 'ansible_navigator.main' ansible-navigator.execution-environment.container-options not found in settings file
2025-02-28T20:15:14.206315+00:00 DEBUG 'ansible_navigator.main' ansible-navigator.color.enable not found in settings file
2025-02-28T20:15:14.206326+00:00 DEBUG 'ansible_navigator.main' ansible-navigator.editor.command not found in settings file
2025-02-28T20:15:14.206336+00:00 DEBUG 'ansible_navigator.main' ansible-navigator.editor.console not found in settings file
2025-02-28T20:15:14.206347+00:00 DEBUG 'ansible_navigator.main' ansible-navigator.exec.command not found in settings file
2025-02-28T20:15:14.206358+00:00 DEBUG 'ansible_navigator.main' ansible-navigator.exec.shell not found in settings file
2025-02-28T20:15:14.206369+00:00 DEBUG 'ansible_navigator.main' ansible-navigator.execution-environment.enabled not found in settings file
2025-02-28T20:15:14.206379+00:00 DEBUG 'ansible_navigator.main' ansible-navigator.execution-environment.volume-mounts not found in settings file
2025-02-28T20:15:14.206390+00:00 DEBUG 'ansible_navigator.main' ansible-navigator.ansible-builder.help not found in settings file
2025-02-28T20:15:14.206401+00:00 DEBUG 'ansible_navigator.main' ansible-navigator.ansible.config.help not found in settings file
2025-02-28T20:15:14.206412+00:00 DEBUG 'ansible_navigator.main' ansible-navigator.ansible.doc.help not found in settings file
2025-02-28T20:15:14.206423+00:00 DEBUG 'ansible_navigator.main' ansible-navigator.ansible.inventory.help not found in settings file
2025-02-28T20:15:14.206434+00:00 DEBUG 'ansible_navigator.main' ansible-navigator.ansible.playbook.help not found in settings file
2025-02-28T20:15:14.206444+00:00 DEBUG 'ansible_navigator.main' ansible-navigator.images.details not found in settings file
2025-02-28T20:15:14.206455+00:00 DEBUG 'ansible_navigator.main' ansible-navigator.ansible.inventory.entries not found in settings file
2025-02-28T20:15:14.206466+00:00 DEBUG 'ansible_navigator.main' ansible-navigator.inventory-columns not found in settings file
2025-02-28T20:15:14.206476+00:00 DEBUG 'ansible_navigator.main' ansible-navigator.ansible-lint.config not found in settings file
2025-02-28T20:15:14.206487+00:00 DEBUG 'ansible_navigator.main' ansible-navigator.ansible-lint.lintables not found in settings file
2025-02-28T20:15:14.206498+00:00 DEBUG 'ansible_navigator.main' ansible-navigator.logging.append not found in settings file
2025-02-28T20:15:14.206509+00:00 DEBUG 'ansible_navigator.main' ansible-navigator.logging.file not found in settings file
2025-02-28T20:15:14.206520+00:00 DEBUG 'ansible_navigator.main' ansible-navigator.logging.level not found in settings file
2025-02-28T20:15:14.206531+00:00 DEBUG 'ansible_navigator.main' ansible-navigator.mode not found in settings file
2025-02-28T20:15:14.206541+00:00 DEBUG 'ansible_navigator.main' ansible-navigator.color.osc4 not found in settings file
2025-02-28T20:15:14.206553+00:00 DEBUG 'ansible_navigator.main' ansible-navigator.execution-environment.environment-variables.pass not found in settings file
2025-02-28T20:15:14.206564+00:00 DEBUG 'ansible_navigator.main' ansible-navigator.ansible.playbook.path not found in settings file
2025-02-28T20:15:14.206575+00:00 DEBUG 'ansible_navigator.main' ansible-navigator.playbook-artifact.replay not found in settings file
2025-02-28T20:15:14.206585+00:00 DEBUG 'ansible_navigator.main' ansible-navigator.playbook-artifact.save-as not found in settings file
2025-02-28T20:15:14.206658+00:00 DEBUG 'ansible_navigator.main' ansible-navigator.ansible.doc.plugin.name not found in settings file
2025-02-28T20:15:14.206678+00:00 DEBUG 'ansible_navigator.main' ansible-navigator.ansible.doc.plugin.type not found in settings file
2025-02-28T20:15:14.206690+00:00 DEBUG 'ansible_navigator.main' ansible-navigator.execution-environment.pull.arguments not found in settings file
2025-02-28T20:15:14.206701+00:00 DEBUG 'ansible_navigator.main' ansible-navigator.execution-environment.environment-variables.set not found in settings file
2025-02-28T20:15:14.206712+00:00 DEBUG 'ansible_navigator.main' ansible-navigator.settings.effective not found in settings file
2025-02-28T20:15:14.206723+00:00 DEBUG 'ansible_navigator.main' ansible-navigator.settings.sample not found in settings file
2025-02-28T20:15:14.206735+00:00 DEBUG 'ansible_navigator.main' ansible-navigator.settings.schema not found in settings file
2025-02-28T20:15:14.206746+00:00 DEBUG 'ansible_navigator.main' ansible-navigator.settings.sources not found in settings file
2025-02-28T20:15:14.206756+00:00 DEBUG 'ansible_navigator.main' ansible-navigator.time-zone not found in settings file
2025-02-28T20:15:14.206767+00:00 DEBUG 'ansible_navigator.main' ansible-navigator.ansible-builder.workdir not found in settings file
2025-02-28T20:15:14.206778+00:00 DEBUG 'ansible_navigator.main' EE support enabled: using current working directory for 'ansible.cfg'
2025-02-28T20:15:14.206789+00:00 INFO 'ansible_navigator.main' EE support enabled: found 'ansible.cfg' in current working directory.
2025-02-28T20:15:14.206800+00:00 DEBUG 'ansible_navigator.main' Completed post processing for ansible_runner_artifact_dir. (changed=False)
2025-02-28T20:15:14.206811+00:00 DEBUG 'ansible_navigator.main' Completed post processing for ansible_runner_rotate_artifacts_count. (changed=False)
2025-02-28T20:15:14.206822+00:00 DEBUG 'ansible_navigator.main' Completed post processing for ansible_runner_timeout. (changed=False)
2025-02-28T20:15:14.206833+00:00 DEBUG 'ansible_navigator.main' Completed post processing for cmdline. (changed=False)
2025-02-28T20:15:14.206847+00:00 DEBUG 'ansible_navigator.main' Completed post processing for collection_doc_cache_path. (changed=False)
2025-02-28T20:15:14.206884+00:00 DEBUG 'ansible_navigator.main' Completed post processing for container_engine. (changed=True)
2025-02-28T20:15:14.206903+00:00 DEBUG 'ansible_navigator.main'  before: 'auto'
2025-02-28T20:15:14.206923+00:00 DEBUG 'ansible_navigator.main'  after: 'podman'
2025-02-28T20:15:14.206940+00:00 DEBUG 'ansible_navigator.main' Completed post processing for container_options. (changed=False)
2025-02-28T20:15:14.206953+00:00 DEBUG 'ansible_navigator.main' Completed post processing for display_color. (changed=False)
2025-02-28T20:15:14.206965+00:00 DEBUG 'ansible_navigator.main' Completed post processing for execution_environment. (changed=False)
2025-02-28T20:15:14.206978+00:00 DEBUG 'ansible_navigator.main' Completed post processing for execution_environment_image. (changed=False)
2025-02-28T20:15:14.206990+00:00 DEBUG 'ansible_navigator.main' Completed post processing for help_builder. (changed=False)
2025-02-28T20:15:14.207003+00:00 DEBUG 'ansible_navigator.main' Completed post processing for help_config. (changed=False)
2025-02-28T20:15:14.207014+00:00 DEBUG 'ansible_navigator.main' Completed post processing for help_doc. (changed=False)
2025-02-28T20:15:14.207025+00:00 DEBUG 'ansible_navigator.main' Completed post processing for help_inventory. (changed=False)
2025-02-28T20:15:14.207038+00:00 DEBUG 'ansible_navigator.main' Completed post processing for help_playbook. (changed=False)
2025-02-28T20:15:14.207050+00:00 DEBUG 'ansible_navigator.main' Completed post processing for images_details. (changed=False)
2025-02-28T20:15:14.207061+00:00 DEBUG 'ansible_navigator.main' Completed post processing for inventory. (changed=True)
2025-02-28T20:15:14.207072+00:00 DEBUG 'ansible_navigator.main'  before: 'Not set'
2025-02-28T20:15:14.207083+00:00 DEBUG 'ansible_navigator.main'  after: '['/home/master/our_class5/inventory']'
2025-02-28T20:15:14.207094+00:00 DEBUG 'ansible_navigator.main' Completed post processing for inventory_column. (changed=False)
2025-02-28T20:15:14.207105+00:00 DEBUG 'ansible_navigator.main' Completed post processing for log_file. (changed=False)
2025-02-28T20:15:14.207116+00:00 DEBUG 'ansible_navigator.main' Completed post processing for pass_environment_variable. (changed=False)
2025-02-28T20:15:14.207127+00:00 DEBUG 'ansible_navigator.main' Completed post processing for playbook. (changed=False)
2025-02-28T20:15:14.207138+00:00 DEBUG 'ansible_navigator.main' Completed post processing for playbook_artifact_replay. (changed=False)
2025-02-28T20:15:14.207149+00:00 DEBUG 'ansible_navigator.main' Completed post processing for playbook_artifact_save_as. (changed=False)
2025-02-28T20:15:14.207160+00:00 DEBUG 'ansible_navigator.main' Completed post processing for plugin_name. (changed=False)
2025-02-28T20:15:14.207170+00:00 DEBUG 'ansible_navigator.main' Completed post processing for pull_arguments. (changed=False)
2025-02-28T20:15:14.207181+00:00 DEBUG 'ansible_navigator.main' Completed post processing for set_environment_variable. (changed=False)
2025-02-28T20:15:14.207192+00:00 DEBUG 'ansible_navigator.main' Completed post processing for settings_effective. (changed=False)
2025-02-28T20:15:14.207203+00:00 DEBUG 'ansible_navigator.main' Completed post processing for settings_sample. (changed=False)
2025-02-28T20:15:14.207214+00:00 DEBUG 'ansible_navigator.main' Completed post processing for settings_schema. (changed=False)
2025-02-28T20:15:14.207224+00:00 DEBUG 'ansible_navigator.main' Completed post processing for settings_sources. (changed=False)
2025-02-28T20:15:14.207235+00:00 DEBUG 'ansible_navigator.main' Completed post processing for time_zone. (changed=False)
2025-02-28T20:15:14.207246+00:00 DEBUG 'ansible_navigator.main' Completed post processing for execution_environment_volume_mounts. (changed=False)
2025-02-28T20:15:14.207257+00:00 DEBUG 'ansible_navigator.main' Completed post processing for mode. (changed=False)
2025-02-28T20:15:14.207271+00:00 WARNING 'ansible_navigator.main' Configuration errors encountered, rolling back to previous configuration.
2025-02-28T20:15:14.207283+00:00 DEBUG 'ansible_navigator.main' Prior to rollback: ansible_runner_artifact_dir = 'Not set' (Constants/Not set)
2025-02-28T20:15:14.207295+00:00 DEBUG 'ansible_navigator.main' Prior to rollback: ansible_runner_rotate_artifacts_count = 'Not set' (Constants/Not set)
2025-02-28T20:15:14.207306+00:00 DEBUG 'ansible_navigator.main' Prior to rollback: ansible_runner_timeout = 'Not set' (Constants/Not set)
2025-02-28T20:15:14.207317+00:00 DEBUG 'ansible_navigator.main' Prior to rollback: app = 'doc' (str/Command line)
2025-02-28T20:15:14.207328+00:00 DEBUG 'ansible_navigator.main' Prior to rollback: cmdline = 'Not set' (Constants/Not set)
2025-02-28T20:15:14.207339+00:00 DEBUG 'ansible_navigator.main' Prior to rollback: collection_doc_cache_path = '/home/master/.cache/ansible-navigator/collection_doc_cache.db' (str/Defaults)
2025-02-28T20:15:14.207350+00:00 DEBUG 'ansible_navigator.main' Prior to rollback: config = 'Not set' (Constants/Not set)
2025-02-28T20:15:14.207361+00:00 DEBUG 'ansible_navigator.main' Prior to rollback: container_engine = 'podman' (str/Automatically determined)
2025-02-28T20:15:14.207371+00:00 DEBUG 'ansible_navigator.main' Prior to rollback: container_options = 'Not set' (Constants/Not set)
2025-02-28T20:15:14.207384+00:00 DEBUG 'ansible_navigator.main' Prior to rollback: display_color = 'True' (bool/Defaults)
2025-02-28T20:15:14.207395+00:00 DEBUG 'ansible_navigator.main' Prior to rollback: editor_command = 'vi +{line_number} {filename}' (str/Defaults)
2025-02-28T20:15:14.207406+00:00 DEBUG 'ansible_navigator.main' Prior to rollback: editor_console = 'True' (bool/Defaults)
2025-02-28T20:15:14.207416+00:00 DEBUG 'ansible_navigator.main' Prior to rollback: exec_command = '/bin/bash' (str/Defaults)
2025-02-28T20:15:14.207427+00:00 DEBUG 'ansible_navigator.main' Prior to rollback: exec_shell = 'True' (bool/Defaults)
2025-02-28T20:15:14.207439+00:00 DEBUG 'ansible_navigator.main' Prior to rollback: execution_environment = 'True' (bool/Defaults)
2025-02-28T20:15:14.207450+00:00 DEBUG 'ansible_navigator.main' Prior to rollback: execution_environment_image = 'registry.redhat.io/ansible-automation-platform-22/ee-supported-rhel8:latest' (str/Settings file)
2025-02-28T20:15:14.207461+00:00 DEBUG 'ansible_navigator.main' Prior to rollback: execution_environment_volume_mounts = 'Not set' (Constants/Not set)
2025-02-28T20:15:14.207471+00:00 DEBUG 'ansible_navigator.main' Prior to rollback: help_builder = 'False' (bool/Defaults)
2025-02-28T20:15:14.207482+00:00 DEBUG 'ansible_navigator.main' Prior to rollback: help_config = 'False' (bool/Defaults)
2025-02-28T20:15:14.207493+00:00 DEBUG 'ansible_navigator.main' Prior to rollback: help_doc = 'False' (bool/Defaults)
2025-02-28T20:15:14.207504+00:00 DEBUG 'ansible_navigator.main' Prior to rollback: help_inventory = 'False' (bool/Defaults)
2025-02-28T20:15:14.207514+00:00 DEBUG 'ansible_navigator.main' Prior to rollback: help_playbook = 'False' (bool/Defaults)
2025-02-28T20:15:14.207525+00:00 DEBUG 'ansible_navigator.main' Prior to rollback: images_details = '['everything']' (list/Defaults)
2025-02-28T20:15:14.207536+00:00 DEBUG 'ansible_navigator.main' Prior to rollback: inventory = '['/home/master/our_class5/inventory']' (list/Ansible configuration file)
2025-02-28T20:15:14.207546+00:00 DEBUG 'ansible_navigator.main' Prior to rollback: inventory_column = 'Not set' (Constants/Not set)
2025-02-28T20:15:14.207557+00:00 DEBUG 'ansible_navigator.main' Prior to rollback: lint_config = 'Not set' (Constants/Not set)
2025-02-28T20:15:14.207568+00:00 DEBUG 'ansible_navigator.main' Prior to rollback: lintables = 'Not set' (Constants/Not set)
2025-02-28T20:15:14.207578+00:00 DEBUG 'ansible_navigator.main' Prior to rollback: log_append = 'True' (bool/Defaults)
2025-02-28T20:15:14.207589+00:00 DEBUG 'ansible_navigator.main' Prior to rollback: log_file = '/home/master/our_class5/ansible-navigator.log' (str/Defaults)
2025-02-28T20:15:14.207600+00:00 DEBUG 'ansible_navigator.main' Prior to rollback: log_level = 'warning' (str/Defaults)
2025-02-28T20:15:14.207611+00:00 DEBUG 'ansible_navigator.main' Prior to rollback: mode = 'stdout' (str/Command line)
2025-02-28T20:15:14.207621+00:00 DEBUG 'ansible_navigator.main' Prior to rollback: osc4 = 'True' (bool/Defaults)
2025-02-28T20:15:14.207632+00:00 DEBUG 'ansible_navigator.main' Prior to rollback: pass_environment_variable = 'Not set' (Constants/Not set)
2025-02-28T20:15:14.207643+00:00 DEBUG 'ansible_navigator.main' Prior to rollback: playbook = 'Not set' (Constants/Not set)
2025-02-28T20:15:14.207653+00:00 DEBUG 'ansible_navigator.main' Prior to rollback: playbook_artifact_enable = 'False' (bool/Settings file)
2025-02-28T20:15:14.207664+00:00 DEBUG 'ansible_navigator.main' Prior to rollback: playbook_artifact_replay = 'Not set' (Constants/Not set)
2025-02-28T20:15:14.207675+00:00 DEBUG 'ansible_navigator.main' Prior to rollback: playbook_artifact_save_as = '{playbook_dir}/{playbook_name}-artifact-{time_stamp}.json' (str/Defaults)
2025-02-28T20:15:14.207686+00:00 DEBUG 'ansible_navigator.main' Prior to rollback: plugin_name = 'Not set' (Constants/Not set)
2025-02-28T20:15:14.207697+00:00 DEBUG 'ansible_navigator.main' Prior to rollback: plugin_type = 'module' (str/Defaults)
2025-02-28T20:15:14.207707+00:00 DEBUG 'ansible_navigator.main' Prior to rollback: pull_arguments = 'Not set' (Constants/Not set)
2025-02-28T20:15:14.207719+00:00 DEBUG 'ansible_navigator.main' Prior to rollback: pull_policy = 'missing' (str/Settings file)
2025-02-28T20:15:14.207729+00:00 DEBUG 'ansible_navigator.main' Prior to rollback: set_environment_variable = 'Not set' (Constants/Not set)
2025-02-28T20:15:14.207740+00:00 DEBUG 'ansible_navigator.main' Prior to rollback: settings_effective = 'False' (bool/Defaults)
2025-02-28T20:15:14.207751+00:00 DEBUG 'ansible_navigator.main' Prior to rollback: settings_sample = 'False' (bool/Defaults)
2025-02-28T20:15:14.207762+00:00 DEBUG 'ansible_navigator.main' Prior to rollback: settings_schema = 'json' (str/Defaults)
2025-02-28T20:15:14.207772+00:00 DEBUG 'ansible_navigator.main' Prior to rollback: settings_sources = 'False' (bool/Defaults)
2025-02-28T20:15:14.207783+00:00 DEBUG 'ansible_navigator.main' Prior to rollback: time_zone = 'UTC' (str/Defaults)
2025-02-28T20:15:14.207793+00:00 DEBUG 'ansible_navigator.main' Prior to rollback: workdir = '/home/master/our_class5' (str/Defaults)
2025-02-28T20:15:14.207804+00:00 DEBUG 'ansible_navigator.main' After rollback: ansible_runner_artifact_dir = 'Not set' (Constants/Not set)
2025-02-28T20:15:14.207817+00:00 DEBUG 'ansible_navigator.main' After rollback: ansible_runner_rotate_artifacts_count = 'Not set' (Constants/Not set)
2025-02-28T20:15:14.207829+00:00 DEBUG 'ansible_navigator.main' After rollback: ansible_runner_timeout = 'Not set' (Constants/Not set)
2025-02-28T20:15:14.207850+00:00 DEBUG 'ansible_navigator.main' After rollback: app = 'Not set' (Constants/Not set)
2025-02-28T20:15:14.207861+00:00 DEBUG 'ansible_navigator.main' After rollback: cmdline = 'Not set' (Constants/Not set)
2025-02-28T20:15:14.207873+00:00 DEBUG 'ansible_navigator.main' After rollback: collection_doc_cache_path = 'Not set' (Constants/Not set)
2025-02-28T20:15:14.207885+00:00 DEBUG 'ansible_navigator.main' After rollback: config = 'Not set' (Constants/Not set)
2025-02-28T20:15:14.207896+00:00 DEBUG 'ansible_navigator.main' After rollback: container_engine = 'Not set' (Constants/Not set)
2025-02-28T20:15:14.207908+00:00 DEBUG 'ansible_navigator.main' After rollback: container_options = 'Not set' (Constants/Not set)
2025-02-28T20:15:14.207920+00:00 DEBUG 'ansible_navigator.main' After rollback: display_color = 'Not set' (Constants/Not set)
2025-02-28T20:15:14.207932+00:00 DEBUG 'ansible_navigator.main' After rollback: editor_command = 'Not set' (Constants/Not set)
2025-02-28T20:15:14.207944+00:00 DEBUG 'ansible_navigator.main' After rollback: editor_console = 'Not set' (Constants/Not set)
2025-02-28T20:15:14.207956+00:00 DEBUG 'ansible_navigator.main' After rollback: exec_command = 'Not set' (Constants/Not set)
2025-02-28T20:15:14.207968+00:00 DEBUG 'ansible_navigator.main' After rollback: exec_shell = 'Not set' (Constants/Not set)
2025-02-28T20:15:14.207979+00:00 DEBUG 'ansible_navigator.main' After rollback: execution_environment = 'Not set' (Constants/Not set)
2025-02-28T20:15:14.207990+00:00 DEBUG 'ansible_navigator.main' After rollback: execution_environment_image = 'Not set' (Constants/Not set)
2025-02-28T20:15:14.208000+00:00 DEBUG 'ansible_navigator.main' After rollback: execution_environment_volume_mounts = 'Not set' (Constants/Not set)
2025-02-28T20:15:14.208011+00:00 DEBUG 'ansible_navigator.main' After rollback: help_builder = 'Not set' (Constants/Not set)
2025-02-28T20:15:14.208022+00:00 DEBUG 'ansible_navigator.main' After rollback: help_config = 'Not set' (Constants/Not set)
2025-02-28T20:15:14.208033+00:00 DEBUG 'ansible_navigator.main' After rollback: help_doc = 'Not set' (Constants/Not set)
2025-02-28T20:15:14.208043+00:00 DEBUG 'ansible_navigator.main' After rollback: help_inventory = 'Not set' (Constants/Not set)
2025-02-28T20:15:14.208054+00:00 DEBUG 'ansible_navigator.main' After rollback: help_playbook = 'Not set' (Constants/Not set)
2025-02-28T20:15:14.208066+00:00 DEBUG 'ansible_navigator.main' After rollback: images_details = 'Not set' (Constants/Not set)
2025-02-28T20:15:14.208078+00:00 DEBUG 'ansible_navigator.main' After rollback: inventory = 'Not set' (Constants/Not set)
2025-02-28T20:15:14.208091+00:00 DEBUG 'ansible_navigator.main' After rollback: inventory_column = 'Not set' (Constants/Not set)
2025-02-28T20:15:14.208103+00:00 DEBUG 'ansible_navigator.main' After rollback: lint_config = 'Not set' (Constants/Not set)
2025-02-28T20:15:14.208114+00:00 DEBUG 'ansible_navigator.main' After rollback: lintables = 'Not set' (Constants/Not set)
2025-02-28T20:15:14.208126+00:00 DEBUG 'ansible_navigator.main' After rollback: log_append = 'Not set' (Constants/Not set)
2025-02-28T20:15:14.208138+00:00 DEBUG 'ansible_navigator.main' After rollback: log_file = 'Not set' (Constants/Not set)
2025-02-28T20:15:14.208149+00:00 DEBUG 'ansible_navigator.main' After rollback: log_level = 'Not set' (Constants/Not set)
2025-02-28T20:15:14.208159+00:00 DEBUG 'ansible_navigator.main' After rollback: mode = 'Not set' (Constants/Not set)
2025-02-28T20:15:14.208170+00:00 DEBUG 'ansible_navigator.main' After rollback: osc4 = 'Not set' (Constants/Not set)
2025-02-28T20:15:14.208181+00:00 DEBUG 'ansible_navigator.main' After rollback: pass_environment_variable = 'Not set' (Constants/Not set)
2025-02-28T20:15:14.208192+00:00 DEBUG 'ansible_navigator.main' After rollback: playbook = 'Not set' (Constants/Not set)
2025-02-28T20:15:14.208203+00:00 DEBUG 'ansible_navigator.main' After rollback: playbook_artifact_enable = 'Not set' (Constants/Not set)
2025-02-28T20:15:14.208213+00:00 DEBUG 'ansible_navigator.main' After rollback: playbook_artifact_replay = 'Not set' (Constants/Not set)
2025-02-28T20:15:14.208224+00:00 DEBUG 'ansible_navigator.main' After rollback: playbook_artifact_save_as = 'Not set' (Constants/Not set)
2025-02-28T20:15:14.208235+00:00 DEBUG 'ansible_navigator.main' After rollback: plugin_name = 'Not set' (Constants/Not set)
2025-02-28T20:15:14.208245+00:00 DEBUG 'ansible_navigator.main' After rollback: plugin_type = 'Not set' (Constants/Not set)
2025-02-28T20:15:14.208256+00:00 DEBUG 'ansible_navigator.main' After rollback: pull_arguments = 'Not set' (Constants/Not set)
2025-02-28T20:15:14.208266+00:00 DEBUG 'ansible_navigator.main' After rollback: pull_policy = 'Not set' (Constants/Not set)
2025-02-28T20:15:14.208277+00:00 DEBUG 'ansible_navigator.main' After rollback: set_environment_variable = 'Not set' (Constants/Not set)
2025-02-28T20:15:14.208288+00:00 DEBUG 'ansible_navigator.main' After rollback: settings_effective = 'Not set' (Constants/Not set)
2025-02-28T20:15:14.208299+00:00 DEBUG 'ansible_navigator.main' After rollback: settings_sample = 'Not set' (Constants/Not set)
2025-02-28T20:15:14.208309+00:00 DEBUG 'ansible_navigator.main' After rollback: settings_schema = 'Not set' (Constants/Not set)
2025-02-28T20:15:14.208320+00:00 DEBUG 'ansible_navigator.main' After rollback: settings_sources = 'Not set' (Constants/Not set)
2025-02-28T20:15:14.208331+00:00 DEBUG 'ansible_navigator.main' After rollback: time_zone = 'Not set' (Constants/Not set)
2025-02-28T20:15:14.208341+00:00 DEBUG 'ansible_navigator.main' After rollback: workdir = 'Not set' (Constants/Not set)
2025-02-28T20:15:14.208353+00:00 DEBUG 'ansible_navigator.main' Configuration rollback complete.
2025-02-28T20:15:14.208364+00:00 DEBUG 'ansible_navigator.main' Collection doc cache not mounted
2025-02-28T20:15:14.208382+00:00 WARNING 'ansible_navigator.main' Issues were found while applying the settings.
2025-02-28T20:15:14.208396+00:00 INFO 'ansible_navigator.main' Command provided: 'doc -m stdout'
2025-02-28T20:15:14.208410+00:00 ERROR 'ansible_navigator.main' A plugin name or other parameter is required when using the doc subcommand
2025-02-28T20:15:14.208424+00:00 INFO 'ansible_navigator.main' Try again with 'doc <plugin_name>'
2025-02-28T20:15:14.208438+00:00 INFO 'ansible_navigator.main' Configuration failed, using default log file location. (/home/master/our_class5/ansible-navigator.log) Log level set to debug
2025-02-28T20:15:14.208451+00:00 INFO 'ansible_navigator.main' Review the hints and log file to see what went wrong.
